{"id-38787":{"title":"Law Firm","id":38787,"publish-date":1579110690,"featured-image-url":"https:\/\/websitedemos.net\/wp-content\/uploads\/2020\/01\/law-firm-home-page.jpg","thumbnail-image-url":"https:\/\/websitedemos.net\/wp-content\/uploads\/2020\/01\/law-firm-home-page.jpg","fullpage-thumbnail-image-url":"https:\/\/websitedemos.net\/wp-content\/uploads\/2020\/01\/law-firm-home-page.jpg","astra-site-url":"\/\/websitedemos.net\/law-firm-04","astra-site-parent-id":1131,"astra-sites-tag":{"704":"corporate-law","701":"criminal-law","3416":"elementor","703":"enforcement","702":"law-firm","998":"law-office","706":"lawyer","778":"legal","917":"legal-firm","1844":"premium"},"astra-sites-type":"agency-mini","astra-site-category":{"27":"business"},"astra-sites-template-category":{"2777":"business","2824":"law-firm"},"astra-site-page-builder":"elementor","categories":{"3427":"default","2482":"law","3429":"premium"},"required-plugins":[{"slug":"elementor","init":"elementor\/elementor.php","name":"Elementor"},{"slug":"ultimate-elementor","init":"ultimate-elementor\/ultimate-elementor.php","name":"Ultimate Addons for Elementor"},{"slug":"wpforms-lite","init":"wpforms-lite\/wpforms.php","name":"WPForms Lite"}],"post-status":"publish","post-content":"<!-- wp:paragraph -->\n<p>The Law Firm template is a corporate-style design with the gravity and authority you would expect from the niche. It still remains welcoming and accessible, but combines the atmosphere you would expect from the law.<\/p>\n<!-- \/wp:paragraph -->\n\n<!-- wp:paragraph -->\n<p>The design uses fullscreen header with simple navigation and a calm contrast color for calls to action. The rest of the template has a light feel with lots of content areas to share your services, expertise, testimonials and to tell your story.<\/p>\n<!-- \/wp:paragraph -->\n\n<!-- wp:heading -->\n<h2>Key features of the Law Firm template<\/h2>\n<!-- \/wp:heading -->\n\n<!-- wp:list -->\n<ul><li>Welcoming with the gravity expected of a law firm<\/li><li>Calm contrast color works very well<\/li><li>Lots of content areas for services and expertise<\/li><li>Supplementary pages ideal for the niche<\/li><li>Full compatibility with leading page builders<\/li><\/ul>\n<!-- \/wp:list -->","post-excerpt":"Corporate web design ideal for law firms and lawyers wanting to build authority","pages":{"id-38791":{"title":"Home","featured-image-url":"https:\/\/websitedemos.net\/wp-content\/uploads\/2020\/01\/law-firm-home-page.jpg","thumbnail-image-url":"https:\/\/websitedemos.net\/wp-content\/uploads\/2020\/01\/law-firm-home-page.jpg","astra-page-api-url":"https:\/\/websitedemos.net\/law-firm-04\/wp-json\/wp\/v2\/pages\/5","dynamic-page":"no","astra-page-url":"\/\/websitedemos.net\/law-firm-04\/","astra-sites-tag":{"423":"home"},"site-pages-type":"agency-mini","site-pages-page-builder":"elementor","site-pages-category":[],"site-pages-parent-category":{"60":"business"},"required-plugins":[{"slug":"elementor","init":"elementor\/elementor.php","name":"Elementor"},{"slug":"ultimate-elementor","init":"ultimate-elementor\/ultimate-elementor.php","name":"Ultimate Addons for Elementor"}]},"id-38788":{"title":"About","featured-image-url":"https:\/\/websitedemos.net\/wp-content\/uploads\/2020\/01\/law-firm-04-about-page.jpg","thumbnail-image-url":"https:\/\/websitedemos.net\/wp-content\/uploads\/2020\/01\/law-firm-04-about-page.jpg","astra-page-api-url":"https:\/\/websitedemos.net\/law-firm-04\/wp-json\/wp\/v2\/pages\/7","dynamic-page":"no","astra-page-url":"\/\/websitedemos.net\/law-firm-04\/about\/","astra-sites-tag":{"352":"about"},"site-pages-type":"agency-mini","site-pages-page-builder":"elementor","site-pages-category":[],"site-pages-parent-category":{"60":"business"},"required-plugins":[{"slug":"elementor","init":"elementor\/elementor.php","name":"Elementor"},{"slug":"ultimate-elementor","init":"ultimate-elementor\/ultimate-elementor.php","name":"Ultimate Addons for Elementor"}]},"id-38792":{"title":"Practice Areas","featured-image-url":"https:\/\/websitedemos.net\/wp-content\/uploads\/2020\/01\/law-firm-04-practice-areas-page.jpg","thumbnail-image-url":"https:\/\/websitedemos.net\/wp-content\/uploads\/2020\/01\/law-firm-04-practice-areas-page.jpg","astra-page-api-url":"https:\/\/websitedemos.net\/law-firm-04\/wp-json\/wp\/v2\/pages\/9","dynamic-page":"no","astra-page-url":"\/\/websitedemos.net\/law-firm-04\/practice-areas\/","astra-sites-tag":{"707":"practice-area"},"site-pages-type":"agency-mini","site-pages-page-builder":"elementor","site-pages-category":[],"site-pages-parent-category":{"60":"business"},"required-plugins":[{"slug":"elementor","init":"elementor\/elementor.php","name":"Elementor"},{"slug":"ultimate-elementor","init":"ultimate-elementor\/ultimate-elementor.php","name":"Ultimate Addons for Elementor"}]},"id-38789":{"title":"Attorneys","featured-image-url":"https:\/\/websitedemos.net\/wp-content\/uploads\/2020\/01\/law-firm-04-attorneys-page.jpg","thumbnail-image-url":"https:\/\/websitedemos.net\/wp-content\/uploads\/2020\/01\/law-firm-04-attorneys-page.jpg","astra-page-api-url":"https:\/\/websitedemos.net\/law-firm-04\/wp-json\/wp\/v2\/pages\/13","dynamic-page":"no","astra-page-url":"\/\/websitedemos.net\/law-firm-04\/attorneys\/","astra-sites-tag":{"912":"attorneys"},"site-pages-type":"agency-mini","site-pages-page-builder":"elementor","site-pages-category":[],"site-pages-parent-category":{"60":"business"},"required-plugins":[{"slug":"elementor","init":"elementor\/elementor.php","name":"Elementor"},{"slug":"ultimate-elementor","init":"ultimate-elementor\/ultimate-elementor.php","name":"Ultimate Addons for Elementor"}]},"id-38790":{"title":"Contact","featured-image-url":"https:\/\/websitedemos.net\/wp-content\/uploads\/2020\/01\/law-firm-04-contact-page.jpg","thumbnail-image-url":"https:\/\/websitedemos.net\/wp-content\/uploads\/2020\/01\/law-firm-04-contact-page.jpg","astra-page-api-url":"https:\/\/websitedemos.net\/law-firm-04\/wp-json\/wp\/v2\/pages\/11","dynamic-page":"no","astra-page-url":"\/\/websitedemos.net\/law-firm-04\/contact\/","astra-sites-tag":{"415":"contact"},"site-pages-type":"agency-mini","site-pages-page-builder":"elementor","site-pages-category":[],"site-pages-parent-category":{"60":"business"},"required-plugins":[{"slug":"elementor","init":"elementor\/elementor.php","name":"Elementor"},{"slug":"ultimate-elementor","init":"ultimate-elementor\/ultimate-elementor.php","name":"Ultimate Addons for Elementor"},{"slug":"wpforms-lite","init":"wpforms-lite\/wpforms.php","name":"WPForms Lite"}]}},"related-bb-template":38795,"related-elementor-template":38787,"related-gutenberg-template":"","related_ecommerce_template":"","ecommerce_parent_template":""},"id-38757":{"title":"Nutritionist","id":38757,"publish-date":1579110029,"featured-image-url":"https:\/\/websitedemos.net\/wp-content\/uploads\/2020\/01\/nutritionists-02.jpg","thumbnail-image-url":"https:\/\/websitedemos.net\/wp-content\/uploads\/2020\/01\/nutritionists-02-600x2601.jpg","fullpage-thumbnail-image-url":"https:\/\/websitedemos.net\/wp-content\/uploads\/2020\/01\/nutritionists-02-400x1734.jpg","astra-site-url":"\/\/websitedemos.net\/nutritionist-02","astra-site-parent-id":1129,"astra-sites-tag":{"516":"diet","753":"dietitian","3416":"elementor","336":"food","991":"healthy","754":"nutritionist"},"astra-sites-type":"free","astra-site-category":{"27":"business","39":"free"},"astra-sites-template-category":{"2828":"blog","2825":"coaching","2794":"consulting","2785":"food","2875":"health-coach","2834":"healthcare"},"astra-site-page-builder":"elementor","categories":{"3427":"default","2480":"fitness-wellness","3428":"free"},"required-plugins":[{"slug":"elementor","init":"elementor\/elementor.php","name":"Elementor"},{"slug":"wpforms-lite","init":"wpforms-lite\/wpforms.php","name":"WPForms Lite"}],"post-status":"publish","post-content":"<!-- wp:paragraph -->\n<p>The Nutritionist template is a creative business template that could be customized to suit any niche, including this one. With an open design and a combination of light and dark areas, borderless content areas and that green contrast color, it\u2019s a real winner.<\/p>\n<!-- \/wp:paragraph -->\n\n<!-- wp:paragraph -->\n<p>The homepage is effective, with a call to action in the header, lots of content areas to showcase products and services, share class schedules, offer videos and downloads and feature your latest blog posts.<\/p>\n<!-- \/wp:paragraph -->\n\n<!-- wp:heading {\"UAGDay\":[]} -->\n<h2 class=\"wp-block-heading\">Key features of the Nutritionist template<\/h2>\n<!-- \/wp:heading -->\n\n<!-- wp:list -->\n<ul><!-- wp:list-item -->\n<li>Modern business website template ideal for a range of niches<\/li>\n<!-- \/wp:list-item -->\n\n<!-- wp:list-item -->\n<li>Strong header with image and calls to action<\/li>\n<!-- \/wp:list-item -->\n\n<!-- wp:list-item -->\n<li>Borderless content area provides an open feel<\/li>\n<!-- \/wp:list-item -->\n\n<!-- wp:list-item -->\n<li>Lots of opportunities to customize to your specific needs<\/li>\n<!-- \/wp:list-item -->\n\n<!-- wp:list-item -->\n<li>Full compatibility with leading page builders<\/li>\n<!-- \/wp:list-item --><\/ul>\n<!-- \/wp:list -->","post-excerpt":"Well-designed web template for nutritionists that could be tweaked to any use","pages":{"id-38761":{"title":"Home","featured-image-url":"https:\/\/websitedemos.net\/wp-content\/uploads\/2020\/01\/nutritionists-02.jpg","thumbnail-image-url":"https:\/\/websitedemos.net\/wp-content\/uploads\/2020\/01\/nutritionists-02-600x2601.jpg","astra-page-api-url":"https:\/\/websitedemos.net\/nutritionist-02\/wp-json\/wp\/v2\/pages\/97","dynamic-page":"no","astra-page-url":"\/\/websitedemos.net\/nutritionist-02\/","astra-sites-tag":{"423":"home"},"site-pages-type":"free","site-pages-page-builder":"elementor","site-pages-category":[],"site-pages-parent-category":{"60":"business","61":"free"},"required-plugins":[{"slug":"elementor","init":"elementor\/elementor.php","name":"Elementor"},{"slug":"wpforms-lite","init":"wpforms-lite\/wpforms.php","name":"WPForms Lite"}]},"id-38758":{"title":"About","featured-image-url":"https:\/\/websitedemos.net\/wp-content\/uploads\/2020\/01\/nutritionist-about-page.jpg","thumbnail-image-url":"https:\/\/websitedemos.net\/wp-content\/uploads\/2020\/01\/nutritionist-about-page.jpg","astra-page-api-url":"https:\/\/websitedemos.net\/nutritionist-02\/wp-json\/wp\/v2\/pages\/141","dynamic-page":"no","astra-page-url":"\/\/websitedemos.net\/nutritionist-02\/about\/","astra-sites-tag":{"352":"about"},"site-pages-type":"free","site-pages-page-builder":"elementor","site-pages-category":[],"site-pages-parent-category":{"60":"business","61":"free"},"required-plugins":[{"slug":"elementor","init":"elementor\/elementor.php","name":"Elementor"}]},"id-38762":{"title":"Programs","featured-image-url":"https:\/\/websitedemos.net\/wp-content\/uploads\/2020\/01\/nutritionist-program-page.jpg","thumbnail-image-url":"https:\/\/websitedemos.net\/wp-content\/uploads\/2020\/01\/nutritionist-program-page.jpg","astra-page-api-url":"https:\/\/websitedemos.net\/nutritionist-02\/wp-json\/wp\/v2\/pages\/145","dynamic-page":"no","astra-page-url":"\/\/websitedemos.net\/nutritionist-02\/programs\/","astra-sites-tag":{"989":"programs","425":"services"},"site-pages-type":"free","site-pages-page-builder":"elementor","site-pages-category":[],"site-pages-parent-category":{"60":"business","61":"free"},"required-plugins":[{"slug":"elementor","init":"elementor\/elementor.php","name":"Elementor"}]},"id-38763":{"title":"Success Stories","featured-image-url":"https:\/\/websitedemos.net\/wp-content\/uploads\/2020\/01\/nutritionist-success-stories.jpg","thumbnail-image-url":"https:\/\/websitedemos.net\/wp-content\/uploads\/2020\/01\/nutritionist-success-stories.jpg","astra-page-api-url":"https:\/\/websitedemos.net\/nutritionist-02\/wp-json\/wp\/v2\/pages\/304","dynamic-page":"no","astra-page-url":"\/\/websitedemos.net\/nutritionist-02\/success-stories\/","astra-sites-tag":{"990":"success-stories","433":"testimonials"},"site-pages-type":"free","site-pages-page-builder":"elementor","site-pages-category":[],"site-pages-parent-category":{"60":"business","61":"free"},"required-plugins":[{"slug":"elementor","init":"elementor\/elementor.php","name":"Elementor"}]},"id-38759":{"title":"Blog","featured-image-url":"https:\/\/websitedemos.net\/wp-content\/uploads\/2020\/01\/nutrionist-blog.jpg","thumbnail-image-url":"https:\/\/websitedemos.net\/wp-content\/uploads\/2020\/01\/nutrionist-blog.jpg","astra-page-api-url":"https:\/\/websitedemos.net\/nutritionist-02\/wp-json\/wp\/v2\/pages\/307","dynamic-page":"no","astra-page-url":"\/\/websitedemos.net\/nutritionist-02\/blog\/","astra-sites-tag":{"480":"blog"},"site-pages-type":"free","site-pages-page-builder":"gutenberg","site-pages-category":[],"site-pages-parent-category":{"60":"business","61":"free"},"required-plugins":[{"slug":"ultimate-addons-for-gutenberg","init":"ultimate-addons-for-gutenberg\/ultimate-addons-for-gutenberg.php","name":"Spectra"}]},"id-38760":{"title":"Contact","featured-image-url":"https:\/\/websitedemos.net\/wp-content\/uploads\/2020\/01\/nutrionist-contact.jpg","thumbnail-image-url":"https:\/\/websitedemos.net\/wp-content\/uploads\/2020\/01\/nutrionist-contact.jpg","astra-page-api-url":"https:\/\/websitedemos.net\/nutritionist-02\/wp-json\/wp\/v2\/pages\/143","dynamic-page":"no","astra-page-url":"\/\/websitedemos.net\/nutritionist-02\/contact\/","astra-sites-tag":{"415":"contact"},"site-pages-type":"free","site-pages-page-builder":"elementor","site-pages-category":[],"site-pages-parent-category":{"60":"business","61":"free"},"required-plugins":[{"slug":"elementor","init":"elementor\/elementor.php","name":"Elementor"},{"slug":"wpforms-lite","init":"wpforms-lite\/wpforms.php","name":"WPForms Lite"}]}},"related-bb-template":38771,"related-elementor-template":38757,"related-gutenberg-template":48318,"related_ecommerce_template":"","ecommerce_parent_template":""},"id-38771":{"title":"Nutritionist","id":38771,"publish-date":1579110114,"featured-image-url":"https:\/\/websitedemos.net\/wp-content\/uploads\/2020\/01\/nutritionist-01-home.jpg","thumbnail-image-url":"https:\/\/websitedemos.net\/wp-content\/uploads\/2020\/01\/nutritionist-01-home.jpg","fullpage-thumbnail-image-url":"https:\/\/websitedemos.net\/wp-content\/uploads\/2020\/01\/nutritionist-01-home.jpg","astra-site-url":"\/\/websitedemos.net\/nutritionist-01","astra-site-parent-id":1130,"astra-sites-tag":{"516":"diet","753":"dietitian","336":"food","991":"healthy","754":"nutritionist"},"astra-sites-type":"free","astra-site-category":{"27":"business","39":"free"},"astra-sites-template-category":[],"astra-site-page-builder":"beaver-builder","categories":{"2480":"fitness-wellness"},"required-plugins":[{"slug":"beaver-builder-lite-version","init":"beaver-builder-lite-version\/fl-builder.php","name":"Beaver Builder Plugin (Lite Version)"},{"slug":"ultimate-addons-for-beaver-builder-lite","init":"ultimate-addons-for-beaver-builder-lite\/bb-ultimate-addon.php","name":"Ultimate Addons for Beaver Builder - Lite"},{"slug":"ultimate-addons-for-gutenberg","init":"ultimate-addons-for-gutenberg\/ultimate-addons-for-gutenberg.php","name":"Ultimate Addons for Gutenberg"},{"slug":"wpforms-lite","init":"wpforms-lite\/wpforms.php","name":"WPForms Lite"}],"post-status":"publish","post-content":"","post-excerpt":"","pages":{"id-38775":{"title":"Home","featured-image-url":"https:\/\/websitedemos.net\/wp-content\/uploads\/2020\/01\/nutritionist-01-home.jpg","thumbnail-image-url":"https:\/\/websitedemos.net\/wp-content\/uploads\/2020\/01\/nutritionist-01-home.jpg","astra-page-api-url":"https:\/\/websitedemos.net\/nutritionist-01\/wp-json\/wp\/v2\/pages\/97","dynamic-page":"no","astra-page-url":"\/\/websitedemos.net\/nutritionist-01\/","astra-sites-tag":{"423":"home"},"site-pages-type":"free","site-pages-page-builder":"beaver-builder","site-pages-category":[],"site-pages-parent-category":{"60":"business","61":"free"},"required-plugins":[{"slug":"beaver-builder-lite-version","init":"beaver-builder-lite-version\/fl-builder.php","name":"Beaver Builder Plugin (Lite Version)"},{"slug":"ultimate-addons-for-beaver-builder-lite","init":"ultimate-addons-for-beaver-builder-lite\/bb-ultimate-addon.php","name":"Ultimate Addons for Beaver Builder - Lite"},{"slug":"wpforms-lite","init":"wpforms-lite\/wpforms.php","name":"WPForms Lite"}]},"id-38772":{"title":"About","featured-image-url":"https:\/\/websitedemos.net\/wp-content\/uploads\/2020\/01\/nutritionist-01-about.jpg","thumbnail-image-url":"https:\/\/websitedemos.net\/wp-content\/uploads\/2020\/01\/nutritionist-01-about.jpg","astra-page-api-url":"https:\/\/websitedemos.net\/nutritionist-01\/wp-json\/wp\/v2\/pages\/141","dynamic-page":"no","astra-page-url":"\/\/websitedemos.net\/nutritionist-01\/about\/","astra-sites-tag":{"352":"about"},"site-pages-type":"free","site-pages-page-builder":"beaver-builder","site-pages-category":[],"site-pages-parent-category":{"60":"business","61":"free"},"required-plugins":[{"slug":"beaver-builder-lite-version","init":"beaver-builder-lite-version\/fl-builder.php","name":"Beaver Builder Plugin (Lite Version)"},{"slug":"ultimate-addons-for-beaver-builder-lite","init":"ultimate-addons-for-beaver-builder-lite\/bb-ultimate-addon.php","name":"Ultimate Addons for Beaver Builder - Lite"}]},"id-38776":{"title":"Programs","featured-image-url":"https:\/\/websitedemos.net\/wp-content\/uploads\/2020\/01\/nutritionist-01-programms.jpg","thumbnail-image-url":"https:\/\/websitedemos.net\/wp-content\/uploads\/2020\/01\/nutritionist-01-programms.jpg","astra-page-api-url":"https:\/\/websitedemos.net\/nutritionist-01\/wp-json\/wp\/v2\/pages\/145","dynamic-page":"no","astra-page-url":"\/\/websitedemos.net\/nutritionist-01\/programs\/","astra-sites-tag":{"989":"programs"},"site-pages-type":"free","site-pages-page-builder":"beaver-builder","site-pages-category":[],"site-pages-parent-category":{"60":"business","61":"free"},"required-plugins":[{"slug":"beaver-builder-lite-version","init":"beaver-builder-lite-version\/fl-builder.php","name":"Beaver Builder Plugin (Lite Version)"},{"slug":"ultimate-addons-for-beaver-builder-lite","init":"ultimate-addons-for-beaver-builder-lite\/bb-ultimate-addon.php","name":"Ultimate Addons for Beaver Builder - Lite"}]},"id-38777":{"title":"Success Stories","featured-image-url":"https:\/\/websitedemos.net\/wp-content\/uploads\/2020\/01\/nutritionist-01-success-stories.jpg","thumbnail-image-url":"https:\/\/websitedemos.net\/wp-content\/uploads\/2020\/01\/nutritionist-01-success-stories.jpg","astra-page-api-url":"https:\/\/websitedemos.net\/nutritionist-01\/wp-json\/wp\/v2\/pages\/304","dynamic-page":"no","astra-page-url":"\/\/websitedemos.net\/nutritionist-01\/success-stories\/","astra-sites-tag":{"990":"success-stories"},"site-pages-type":"free","site-pages-page-builder":"beaver-builder","site-pages-category":[],"site-pages-parent-category":{"60":"business","61":"free"},"required-plugins":[{"slug":"beaver-builder-lite-version","init":"beaver-builder-lite-version\/fl-builder.php","name":"Beaver Builder Plugin (Lite Version)"},{"slug":"ultimate-addons-for-beaver-builder-lite","init":"ultimate-addons-for-beaver-builder-lite\/bb-ultimate-addon.php","name":"Ultimate Addons for Beaver Builder - Lite"}]},"id-38773":{"title":"Blog","featured-image-url":"https:\/\/websitedemos.net\/wp-content\/uploads\/2020\/01\/nutritionist-01-blog.jpg","thumbnail-image-url":"https:\/\/websitedemos.net\/wp-content\/uploads\/2020\/01\/nutritionist-01-blog.jpg","astra-page-api-url":"https:\/\/websitedemos.net\/nutritionist-01\/wp-json\/wp\/v2\/pages\/307","dynamic-page":"no","astra-page-url":"\/\/websitedemos.net\/nutritionist-01\/blog\/","astra-sites-tag":{"480":"blog"},"site-pages-type":"free","site-pages-page-builder":"gutenberg","site-pages-category":[],"site-pages-parent-category":{"60":"business","61":"free"},"required-plugins":[{"slug":"ultimate-addons-for-gutenberg","init":"ultimate-addons-for-gutenberg\/ultimate-addons-for-gutenberg.php","name":"Ultimate Addons for Gutenberg"}]},"id-38774":{"title":"Contact","featured-image-url":"https:\/\/websitedemos.net\/wp-content\/uploads\/2020\/01\/nutritionist-01-contact.jpg","thumbnail-image-url":"https:\/\/websitedemos.net\/wp-content\/uploads\/2020\/01\/nutritionist-01-contact.jpg","astra-page-api-url":"https:\/\/websitedemos.net\/nutritionist-01\/wp-json\/wp\/v2\/pages\/143","dynamic-page":"no","astra-page-url":"\/\/websitedemos.net\/nutritionist-01\/contact\/","astra-sites-tag":{"415":"contact"},"site-pages-type":"free","site-pages-page-builder":"beaver-builder","site-pages-category":[],"site-pages-parent-category":{"60":"business","61":"free"},"required-plugins":[{"slug":"beaver-builder-lite-version","init":"beaver-builder-lite-version\/fl-builder.php","name":"Beaver Builder Plugin (Lite Version)"},{"slug":"ultimate-addons-for-beaver-builder-lite","init":"ultimate-addons-for-beaver-builder-lite\/bb-ultimate-addon.php","name":"Ultimate Addons for Beaver Builder - Lite"},{"slug":"wpforms-lite","init":"wpforms-lite\/wpforms.php","name":"WPForms Lite"}]}},"related-bb-template":"","related-elementor-template":"","related-gutenberg-template":"","related_ecommerce_template":"","ecommerce_parent_template":""},"id-48318":{"title":"Nutritionist","id":48318,"publish-date":1603908961,"featured-image-url":"https:\/\/websitedemos.net\/wp-content\/uploads\/2020\/10\/nutritionist-08.jpg","thumbnail-image-url":"https:\/\/websitedemos.net\/wp-content\/uploads\/2020\/10\/nutritionist-08-600x2730.jpg","fullpage-thumbnail-image-url":"https:\/\/websitedemos.net\/wp-content\/uploads\/2020\/10\/nutritionist-08-400x1820.jpg","astra-site-url":"\/\/websitedemos.net\/nutritionist-08","astra-site-parent-id":1722,"astra-sites-tag":{"753":"dietitian","1726":"nutrition-coach","1727":"nutrition-coaching","1725":"nutrition-trainer","754":"nutritionist","1454":"personal-trainer"},"astra-sites-type":"free","astra-site-category":{"27":"business","39":"free"},"astra-sites-template-category":[],"astra-site-page-builder":"gutenberg","categories":{"2480":"fitness-wellness"},"required-plugins":[{"slug":"ultimate-addons-for-gutenberg","init":"ultimate-addons-for-gutenberg\/ultimate-addons-for-gutenberg.php","name":"Spectra"}],"post-status":"publish","post-content":"","post-excerpt":"","pages":{"id-69529":{"title":"Blog","featured-image-url":"https:\/\/websitedemos.net\/wp-content\/uploads\/2020\/10\/nutritionist-08-blog.jpg","thumbnail-image-url":"https:\/\/websitedemos.net\/wp-content\/uploads\/2020\/10\/nutritionist-08-blog-600x1061.jpg","astra-page-api-url":"https:\/\/websitedemos.net\/nutritionist-08\/wp-json\/wp\/v2\/pages\/728","dynamic-page":"yes","astra-page-url":"\/\/websitedemos.net\/nutritionist-08\/blog\/","astra-sites-tag":[],"site-pages-type":"free","site-pages-page-builder":"gutenberg","site-pages-category":[],"site-pages-parent-category":{"60":"business","61":"free"},"required-plugins":[{"slug":"ultimate-addons-for-gutenberg","init":"ultimate-addons-for-gutenberg\/ultimate-addons-for-gutenberg.php","name":"Spectra"}]},"id-48321":{"title":"Home","featured-image-url":"https:\/\/websitedemos.net\/wp-content\/uploads\/2020\/10\/nutritionist-08.jpg","thumbnail-image-url":"https:\/\/websitedemos.net\/wp-content\/uploads\/2020\/10\/nutritionist-08-600x2730.jpg","astra-page-api-url":"https:\/\/websitedemos.net\/nutritionist-08\/wp-json\/wp\/v2\/pages\/6","dynamic-page":"no","astra-page-url":"\/\/websitedemos.net\/nutritionist-08\/","astra-sites-tag":{"423":"home"},"site-pages-type":"free","site-pages-page-builder":"gutenberg","site-pages-category":[],"site-pages-parent-category":{"60":"business","61":"free"},"required-plugins":[{"slug":"ultimate-addons-for-gutenberg","init":"ultimate-addons-for-gutenberg\/ultimate-addons-for-gutenberg.php","name":"Spectra"}]},"id-48319":{"title":"About","featured-image-url":"https:\/\/websitedemos.net\/wp-content\/uploads\/2020\/10\/nutritionist-08-about-1.jpg","thumbnail-image-url":"https:\/\/websitedemos.net\/wp-content\/uploads\/2020\/10\/nutritionist-08-about-1-600x1230.jpg","astra-page-api-url":"https:\/\/websitedemos.net\/nutritionist-08\/wp-json\/wp\/v2\/pages\/134","dynamic-page":"no","astra-page-url":"\/\/websitedemos.net\/nutritionist-08\/about\/","astra-sites-tag":{"352":"about"},"site-pages-type":"free","site-pages-page-builder":"gutenberg","site-pages-category":[],"site-pages-parent-category":{"60":"business","61":"free"},"required-plugins":[{"slug":"ultimate-addons-for-gutenberg","init":"ultimate-addons-for-gutenberg\/ultimate-addons-for-gutenberg.php","name":"Spectra"}]},"id-48322":{"title":"Programs","featured-image-url":"https:\/\/websitedemos.net\/wp-content\/uploads\/2020\/10\/nutritionist-08-programs.jpg","thumbnail-image-url":"https:\/\/websitedemos.net\/wp-content\/uploads\/2020\/10\/nutritionist-08-programs-600x1480.jpg","astra-page-api-url":"https:\/\/websitedemos.net\/nutritionist-08\/wp-json\/wp\/v2\/pages\/164","dynamic-page":"no","astra-page-url":"\/\/websitedemos.net\/nutritionist-08\/programs\/","astra-sites-tag":{"989":"programs"},"site-pages-type":"free","site-pages-page-builder":"gutenberg","site-pages-category":[],"site-pages-parent-category":{"60":"business","61":"free"},"required-plugins":[{"slug":"ultimate-addons-for-gutenberg","init":"ultimate-addons-for-gutenberg\/ultimate-addons-for-gutenberg.php","name":"Spectra"}]},"id-48323":{"title":"Success Stories","featured-image-url":"https:\/\/websitedemos.net\/wp-content\/uploads\/2020\/10\/nutritionist-08-success-stories-1.jpg","thumbnail-image-url":"https:\/\/websitedemos.net\/wp-content\/uploads\/2020\/10\/nutritionist-08-success-stories-1-600x942.jpg","astra-page-api-url":"https:\/\/websitedemos.net\/nutritionist-08\/wp-json\/wp\/v2\/pages\/180","dynamic-page":"no","astra-page-url":"\/\/websitedemos.net\/nutritionist-08\/success-stories\/","astra-sites-tag":{"432":"review","990":"success-stories","433":"testimonials"},"site-pages-type":"free","site-pages-page-builder":"gutenberg","site-pages-category":[],"site-pages-parent-category":{"60":"business","61":"free"},"required-plugins":[{"slug":"ultimate-addons-for-gutenberg","init":"ultimate-addons-for-gutenberg\/ultimate-addons-for-gutenberg.php","name":"Spectra"}]},"id-48320":{"title":"Contact","featured-image-url":"https:\/\/websitedemos.net\/wp-content\/uploads\/2020\/10\/nutritionist-08-contact-1.jpg","thumbnail-image-url":"https:\/\/websitedemos.net\/wp-content\/uploads\/2020\/10\/nutritionist-08-contact-1-600x808.jpg","astra-page-api-url":"https:\/\/websitedemos.net\/nutritionist-08\/wp-json\/wp\/v2\/pages\/196","dynamic-page":"no","astra-page-url":"\/\/websitedemos.net\/nutritionist-08\/contact\/","astra-sites-tag":{"415":"contact"},"site-pages-type":"free","site-pages-page-builder":"gutenberg","site-pages-category":[],"site-pages-parent-category":{"60":"business","61":"free"},"required-plugins":[{"slug":"ultimate-addons-for-gutenberg","init":"ultimate-addons-for-gutenberg\/ultimate-addons-for-gutenberg.php","name":"Spectra"}]}},"related-bb-template":"","related-elementor-template":"","related-gutenberg-template":"","related_ecommerce_template":"","ecommerce_parent_template":""},"id-38716":{"title":"Life Guide","id":38716,"publish-date":1579108927,"featured-image-url":"https:\/\/websitedemos.net\/wp-content\/uploads\/2020\/01\/life-coach-homepage.jpg","thumbnail-image-url":"https:\/\/websitedemos.net\/wp-content\/uploads\/2020\/01\/life-coach-homepage.jpg","fullpage-thumbnail-image-url":"https:\/\/websitedemos.net\/wp-content\/uploads\/2020\/01\/life-coach-homepage.jpg","astra-site-url":"\/\/websitedemos.net\/life-coach-04","astra-site-parent-id":1122,"astra-sites-tag":{"610":"coaching","1123":"councelling","3416":"elementor","608":"guidance","612":"life-coach","609":"motivator","1844":"premium","1018":"self-improvement-2"},"astra-sites-type":"agency-mini","astra-site-category":{"27":"business"},"astra-sites-template-category":{"2825":"coaching","2794":"consulting","2874":"life-coach","2770":"personal","2831":"service"},"astra-site-page-builder":"elementor","categories":{"3427":"default","2483":"expert-services","3429":"premium"},"required-plugins":[{"slug":"elementor","init":"elementor\/elementor.php","name":"Elementor"},{"slug":"ultimate-elementor","init":"ultimate-elementor\/ultimate-elementor.php","name":"Ultimate Addons for Elementor"},{"slug":"wpforms-lite","init":"wpforms-lite\/wpforms.php","name":"WPForms Lite"}],"post-status":"publish","post-content":"<!-- wp:paragraph -->\n<p>The Life Guide template is a captivating design ideal for life coaches, counsellors and other experts. It opens will a fullscreen image and bold headline and expands into a white, welcoming homepage that beckons you in.<\/p>\n<!-- \/wp:paragraph -->\n\n<!-- wp:paragraph -->\n<p>It\u2019s exactly the kind of design that works for this niche, inclusive, accessible and relaxing. The subtle putty color helps with that, as do the simple graphics and page layouts. It\u2019s an excellent design ideal for the industry.<\/p>\n<!-- \/wp:paragraph -->\n\n<!-- wp:heading -->\n<h2>Key features of the Life Guide template<\/h2>\n<!-- \/wp:heading -->\n\n<!-- wp:list -->\n<ul><li>Well-designed template for life coaches, counsellors and professionals<\/li><li>Informal, relaxing feel<\/li><li>Great balance of colors, fonts and whitespace<\/li><li>Flexible content areas to tell your story<\/li><li>Full compatibility with leading page builders<\/li><\/ul>\n<!-- \/wp:list -->","post-excerpt":"Captivating web design that creates reassurance and welcome in equal measure","pages":{"id-38721":{"title":"Home","featured-image-url":"https:\/\/websitedemos.net\/wp-content\/uploads\/2020\/01\/life-coach-homepage.jpg","thumbnail-image-url":"https:\/\/websitedemos.net\/wp-content\/uploads\/2020\/01\/life-coach-homepage.jpg","astra-page-api-url":"https:\/\/websitedemos.net\/life-coach-04\/wp-json\/wp\/v2\/pages\/9","dynamic-page":"no","astra-page-url":"\/\/websitedemos.net\/life-coach-04\/","astra-sites-tag":{"423":"home"},"site-pages-type":"agency-mini","site-pages-page-builder":"elementor","site-pages-category":[],"site-pages-parent-category":{"60":"business"},"required-plugins":[{"slug":"elementor","init":"elementor\/elementor.php","name":"Elementor"},{"slug":"ultimate-elementor","init":"ultimate-elementor\/ultimate-elementor.php","name":"Ultimate Addons for Elementor"}]},"id-38717":{"title":"About","featured-image-url":"https:\/\/websitedemos.net\/wp-content\/uploads\/2020\/01\/life-coach-about-page.jpg","thumbnail-image-url":"https:\/\/websitedemos.net\/wp-content\/uploads\/2020\/01\/life-coach-about-page.jpg","astra-page-api-url":"https:\/\/websitedemos.net\/life-coach-04\/wp-json\/wp\/v2\/pages\/11","dynamic-page":"no","astra-page-url":"\/\/websitedemos.net\/life-coach-04\/about\/","astra-sites-tag":{"352":"about"},"site-pages-type":"agency-mini","site-pages-page-builder":"elementor","site-pages-category":[],"site-pages-parent-category":{"60":"business"},"required-plugins":[{"slug":"elementor","init":"elementor\/elementor.php","name":"Elementor"},{"slug":"ultimate-elementor","init":"ultimate-elementor\/ultimate-elementor.php","name":"Ultimate Addons for Elementor"}]},"id-38719":{"title":"Coaching","featured-image-url":"https:\/\/websitedemos.net\/wp-content\/uploads\/2020\/01\/life-coach-coaching-page.jpg","thumbnail-image-url":"https:\/\/websitedemos.net\/wp-content\/uploads\/2020\/01\/life-coach-coaching-page.jpg","astra-page-api-url":"https:\/\/websitedemos.net\/life-coach-04\/wp-json\/wp\/v2\/pages\/13","dynamic-page":"no","astra-page-url":"\/\/websitedemos.net\/life-coach-04\/coaching\/","astra-sites-tag":{"610":"coaching","451":"work"},"site-pages-type":"agency-mini","site-pages-page-builder":"elementor","site-pages-category":[],"site-pages-parent-category":{"60":"business"},"required-plugins":[{"slug":"elementor","init":"elementor\/elementor.php","name":"Elementor"},{"slug":"ultimate-elementor","init":"ultimate-elementor\/ultimate-elementor.php","name":"Ultimate Addons for Elementor"}]},"id-38720":{"title":"Contact Me","featured-image-url":"https:\/\/websitedemos.net\/wp-content\/uploads\/2020\/01\/life-coach-contact-page.jpg","thumbnail-image-url":"https:\/\/websitedemos.net\/wp-content\/uploads\/2020\/01\/life-coach-contact-page.jpg","astra-page-api-url":"https:\/\/websitedemos.net\/life-coach-04\/wp-json\/wp\/v2\/pages\/17","dynamic-page":"no","astra-page-url":"\/\/websitedemos.net\/life-coach-04\/contact-me\/","astra-sites-tag":{"415":"contact"},"site-pages-type":"agency-mini","site-pages-page-builder":"elementor","site-pages-category":[],"site-pages-parent-category":{"60":"business"},"required-plugins":[{"slug":"elementor","init":"elementor\/elementor.php","name":"Elementor"},{"slug":"ultimate-elementor","init":"ultimate-elementor\/ultimate-elementor.php","name":"Ultimate Addons for Elementor"},{"slug":"wpforms-lite","init":"wpforms-lite\/wpforms.php","name":"WPForms Lite"}]}},"related-bb-template":38710,"related-elementor-template":38716,"related-gutenberg-template":"","related_ecommerce_template":"","ecommerce_parent_template":""},"id-38710":{"title":"Life Guide","id":38710,"publish-date":1579108625,"featured-image-url":"https:\/\/websitedemos.net\/wp-content\/uploads\/2020\/01\/life-coach-03-home.jpg","thumbnail-image-url":"https:\/\/websitedemos.net\/wp-content\/uploads\/2020\/01\/life-coach-03-home.jpg","fullpage-thumbnail-image-url":"https:\/\/websitedemos.net\/wp-content\/uploads\/2020\/01\/life-coach-03-home.jpg","astra-site-url":"\/\/websitedemos.net\/life-coach-03","astra-site-parent-id":1121,"astra-sites-tag":{"610":"coaching","608":"guidance","612":"life-coach","609":"motivator","611":"self-improvement"},"astra-sites-type":"agency-mini","astra-site-category":{"27":"business"},"astra-sites-template-category":[],"astra-site-page-builder":"beaver-builder","categories":{"2483":"expert-services"},"required-plugins":[{"slug":"beaver-builder-lite-version","init":"beaver-builder-lite-version\/fl-builder.php","name":"Beaver Builder Plugin (Lite Version)"},{"slug":"bb-ultimate-addon","init":"bb-ultimate-addon\/bb-ultimate-addon.php","name":"Ultimate Addons for Beaver Builder"}],"post-status":"publish","post-content":"","post-excerpt":"","pages":{"id-38714":{"title":"Home","featured-image-url":"https:\/\/websitedemos.net\/wp-content\/uploads\/2020\/01\/life-coach-03-home.jpg","thumbnail-image-url":"https:\/\/websitedemos.net\/wp-content\/uploads\/2020\/01\/life-coach-03-home.jpg","astra-page-api-url":"https:\/\/websitedemos.net\/life-coach-03\/wp-json\/wp\/v2\/pages\/9","dynamic-page":"no","astra-page-url":"\/\/websitedemos.net\/life-coach-03\/","astra-sites-tag":{"423":"home"},"site-pages-type":"agency-mini","site-pages-page-builder":"beaver-builder","site-pages-category":[],"site-pages-parent-category":{"60":"business"},"required-plugins":[{"slug":"beaver-builder-lite-version","init":"beaver-builder-lite-version\/fl-builder.php","name":"Beaver Builder Plugin (Lite Version)"},{"slug":"bb-ultimate-addon","init":"bb-ultimate-addon\/bb-ultimate-addon.php","name":"Ultimate Addons for Beaver Builder"}]},"id-38711":{"title":"About","featured-image-url":"https:\/\/websitedemos.net\/wp-content\/uploads\/2020\/01\/life-coach-03-about.jpg","thumbnail-image-url":"https:\/\/websitedemos.net\/wp-content\/uploads\/2020\/01\/life-coach-03-about.jpg","astra-page-api-url":"https:\/\/websitedemos.net\/life-coach-03\/wp-json\/wp\/v2\/pages\/11","dynamic-page":"no","astra-page-url":"\/\/websitedemos.net\/life-coach-03\/about\/","astra-sites-tag":{"352":"about"},"site-pages-type":"agency-mini","site-pages-page-builder":"beaver-builder","site-pages-category":[],"site-pages-parent-category":{"60":"business"},"required-plugins":[{"slug":"beaver-builder-lite-version","init":"beaver-builder-lite-version\/fl-builder.php","name":"Beaver Builder Plugin (Lite Version)"},{"slug":"bb-ultimate-addon","init":"bb-ultimate-addon\/bb-ultimate-addon.php","name":"Ultimate Addons for Beaver Builder"}]},"id-38712":{"title":"Coaching","featured-image-url":"https:\/\/websitedemos.net\/wp-content\/uploads\/2020\/01\/life-coach-03-services.jpg","thumbnail-image-url":"https:\/\/websitedemos.net\/wp-content\/uploads\/2020\/01\/life-coach-03-services.jpg","astra-page-api-url":"https:\/\/websitedemos.net\/life-coach-03\/wp-json\/wp\/v2\/pages\/13","dynamic-page":"no","astra-page-url":"\/\/websitedemos.net\/life-coach-03\/coaching\/","astra-sites-tag":{"557":"classes","610":"coaching"},"site-pages-type":"agency-mini","site-pages-page-builder":"beaver-builder","site-pages-category":[],"site-pages-parent-category":{"60":"business"},"required-plugins":[{"slug":"beaver-builder-lite-version","init":"beaver-builder-lite-version\/fl-builder.php","name":"Beaver Builder Plugin (Lite Version)"},{"slug":"bb-ultimate-addon","init":"bb-ultimate-addon\/bb-ultimate-addon.php","name":"Ultimate Addons for Beaver Builder"}]},"id-38713":{"title":"Contact Me","featured-image-url":"https:\/\/websitedemos.net\/wp-content\/uploads\/2020\/01\/life-coach-03-contact.jpg","thumbnail-image-url":"https:\/\/websitedemos.net\/wp-content\/uploads\/2020\/01\/life-coach-03-contact.jpg","astra-page-api-url":"https:\/\/websitedemos.net\/life-coach-03\/wp-json\/wp\/v2\/pages\/17","dynamic-page":"no","astra-page-url":"\/\/websitedemos.net\/life-coach-03\/contact-me\/","astra-sites-tag":{"415":"contact"},"site-pages-type":"agency-mini","site-pages-page-builder":"beaver-builder","site-pages-category":[],"site-pages-parent-category":{"60":"business"},"required-plugins":[{"slug":"beaver-builder-lite-version","init":"beaver-builder-lite-version\/fl-builder.php","name":"Beaver Builder Plugin (Lite Version)"},{"slug":"bb-ultimate-addon","init":"bb-ultimate-addon\/bb-ultimate-addon.php","name":"Ultimate Addons for Beaver Builder"}]}},"related-bb-template":"","related-elementor-template":"","related-gutenberg-template":"","related_ecommerce_template":"","ecommerce_parent_template":""},"id-38704":{"title":"Furniture Store","id":38704,"publish-date":1579108220,"featured-image-url":"https:\/\/websitedemos.net\/wp-content\/uploads\/2020\/01\/furniture-decore-homepage.jpg","thumbnail-image-url":"https:\/\/websitedemos.net\/wp-content\/uploads\/2020\/01\/furniture-decore-homepage.jpg","fullpage-thumbnail-image-url":"https:\/\/websitedemos.net\/wp-content\/uploads\/2020\/01\/furniture-decore-homepage.jpg","astra-site-url":"\/\/websitedemos.net\/furniture-store-04","astra-site-parent-id":1120,"astra-sites-tag":{"2418":"commerce","1017":"e-commerce","496":"ecommerce","1817":"ecommerce-store","524":"furniture","856":"furniture-store","436":"interior","2357":"online-furniture-store","2420":"online-shopping","383":"online-store","2421":"purchases","2417":"reseller","733":"shop","2416":"shopping","749":"store","1024":"woocommerce"},"astra-sites-type":"agency-mini","astra-site-category":{"38":"ecommerce"},"astra-sites-template-category":{"2777":"business","2769":"ecommerce","2879":"furniture","2857":"online-shopping"},"astra-site-page-builder":"elementor","categories":{"3427":"default","2495":"ecommerce","3429":"premium"},"required-plugins":[{"slug":"astra-addon","init":"astra-addon\/astra-addon.php","name":"Astra Pro"},{"slug":"elementor","init":"elementor\/elementor.php","name":"Elementor"},{"slug":"woocommerce","init":"woocommerce\/woocommerce.php","name":"WooCommerce"},{"slug":"woo-cart-abandonment-recovery","init":"woo-cart-abandonment-recovery\/woo-cart-abandonment-recovery.php","name":"WooCommerce Cart Abandonment Recovery"},{"slug":"variation-swatches-woo","init":"variation-swatches-woo\/variation-swatches-woo.php","name":"Variation Swatches for WooCommerce"}],"post-status":"publish","post-content":"<!-- wp:paragraph -->\n<p>The Furniture Store template utilizes classic design with a Scandi twist to deliver an eCommerce template that\u2019s as current as it gets. It includes subtle colors, lots of whitespace and images that fit seamlessly into the overall feel.<\/p>\n<!-- \/wp:paragraph -->\n\n<!-- wp:paragraph -->\n<p>The template has a minimal look while including everything a store needs, product showcases, special offer sections, featured product areas and a shopping cart in the header. It\u2019s all here!<\/p>\n<!-- \/wp:paragraph -->\n\n<!-- wp:heading -->\n<h2>Key features of the Furniture Store template<\/h2>\n<!-- \/wp:heading -->\n\n<!-- wp:list -->\n<ul><!-- wp:list-item -->\n<li>Classically designed template with a Scandi twist<\/li>\n<!-- \/wp:list-item -->\n\n<!-- wp:list-item -->\n<li>Minimalist layout that lets product images stand out<\/li>\n<!-- \/wp:list-item -->\n\n<!-- wp:list-item -->\n<li>Relaxed design ideal for a wide range of online stores<\/li>\n<!-- \/wp:list-item -->\n\n<!-- wp:list-item -->\n<li>Attractive category and product pages to help you sell<\/li>\n<!-- \/wp:list-item -->\n\n<!-- wp:list-item -->\n<li>Full compatibility with leading page builders<\/li>\n<!-- \/wp:list-item --><\/ul>\n<!-- \/wp:list -->","post-excerpt":"Classically designed eCommerce template perfect for selling anything online","pages":{"id-38706":{"title":"Home","featured-image-url":"https:\/\/websitedemos.net\/wp-content\/uploads\/2020\/01\/furniture-decore-homepage.jpg","thumbnail-image-url":"https:\/\/websitedemos.net\/wp-content\/uploads\/2020\/01\/furniture-decore-homepage.jpg","astra-page-api-url":"https:\/\/websitedemos.net\/furniture-store-04\/wp-json\/wp\/v2\/pages\/19","dynamic-page":"yes","astra-page-url":"\/\/websitedemos.net\/furniture-store-04\/","astra-sites-tag":{"423":"home"},"site-pages-type":"agency-mini","site-pages-page-builder":"elementor","site-pages-category":[],"site-pages-parent-category":{"64":"ecommerce"},"required-plugins":[{"slug":"elementor","init":"elementor\/elementor.php","name":"Elementor"}]},"id-38705":{"title":"About Us","featured-image-url":"https:\/\/websitedemos.net\/wp-content\/uploads\/2020\/01\/furniture-store-about-page.jpg","thumbnail-image-url":"https:\/\/websitedemos.net\/wp-content\/uploads\/2020\/01\/furniture-store-about-page.jpg","astra-page-api-url":"https:\/\/websitedemos.net\/furniture-store-04\/wp-json\/wp\/v2\/pages\/26","dynamic-page":"no","astra-page-url":"\/\/websitedemos.net\/furniture-store-04\/about-us\/","astra-sites-tag":{"352":"about"},"site-pages-type":"agency-mini","site-pages-page-builder":"elementor","site-pages-category":[],"site-pages-parent-category":{"64":"ecommerce"},"required-plugins":[{"slug":"elementor","init":"elementor\/elementor.php","name":"Elementor"}]}},"related-bb-template":38696,"related-elementor-template":38704,"related-gutenberg-template":"","related_ecommerce_template":"","ecommerce_parent_template":""},"id-38696":{"title":"Furniture Store","id":38696,"publish-date":1579108013,"featured-image-url":"https:\/\/websitedemos.net\/wp-content\/uploads\/2020\/01\/furniture-store-03.jpg","thumbnail-image-url":"https:\/\/websitedemos.net\/wp-content\/uploads\/2020\/01\/furniture-store-03.jpg","fullpage-thumbnail-image-url":"https:\/\/websitedemos.net\/wp-content\/uploads\/2020\/01\/furniture-store-03.jpg","astra-site-url":"\/\/websitedemos.net\/furniture-store-03","astra-site-parent-id":1119,"astra-sites-tag":{"2418":"commerce","1017":"e-commerce","496":"ecommerce","1817":"ecommerce-store","524":"furniture","856":"furniture-store","436":"interior","2357":"online-furniture-store","2420":"online-shopping","383":"online-store","2421":"purchases","2417":"reseller","733":"shop","2416":"shopping","749":"store","1024":"woocommerce"},"astra-sites-type":"agency-mini","astra-site-category":{"38":"ecommerce"},"astra-sites-template-category":[],"astra-site-page-builder":"beaver-builder","categories":{"2495":"ecommerce"},"required-plugins":[{"slug":"astra-addon","init":"astra-addon\/astra-addon.php","name":"Astra Pro"},{"slug":"beaver-builder-lite-version","init":"beaver-builder-lite-version\/fl-builder.php","name":"Beaver Builder Plugin (Lite Version)"},{"slug":"bb-ultimate-addon","init":"bb-ultimate-addon\/bb-ultimate-addon.php","name":"Ultimate Addons for Beaver Builder"},{"slug":"woocommerce","init":"woocommerce\/woocommerce.php","name":"WooCommerce"},{"slug":"woo-cart-abandonment-recovery","init":"woo-cart-abandonment-recovery\/woo-cart-abandonment-recovery.php","name":"WooCommerce Cart Abandonment Recovery"},{"slug":"variation-swatches-woo","init":"variation-swatches-woo\/variation-swatches-woo.php","name":"Variation Swatches for WooCommerce"}],"post-status":"publish","post-content":"","post-excerpt":"","pages":{"id-38698":{"title":"Home","featured-image-url":"https:\/\/websitedemos.net\/wp-content\/uploads\/2020\/01\/furniture-store-03.jpg","thumbnail-image-url":"https:\/\/websitedemos.net\/wp-content\/uploads\/2020\/01\/furniture-store-03.jpg","astra-page-api-url":"https:\/\/websitedemos.net\/furniture-store-03\/wp-json\/wp\/v2\/pages\/19","dynamic-page":"yes","astra-page-url":"\/\/websitedemos.net\/furniture-store-03\/","astra-sites-tag":{"423":"home"},"site-pages-type":"agency-mini","site-pages-page-builder":"beaver-builder","site-pages-category":[],"site-pages-parent-category":{"64":"ecommerce"},"required-plugins":[{"slug":"beaver-builder-lite-version","init":"beaver-builder-lite-version\/fl-builder.php","name":"Beaver Builder Plugin (Lite Version)"},{"slug":"bb-ultimate-addon","init":"bb-ultimate-addon\/bb-ultimate-addon.php","name":"Ultimate Addons for Beaver Builder"}]},"id-38697":{"title":"About Us","featured-image-url":"https:\/\/websitedemos.net\/wp-content\/uploads\/2020\/01\/furniture-store-03-about-us.jpg","thumbnail-image-url":"https:\/\/websitedemos.net\/wp-content\/uploads\/2020\/01\/furniture-store-03-about-us.jpg","astra-page-api-url":"https:\/\/websitedemos.net\/furniture-store-03\/wp-json\/wp\/v2\/pages\/26","dynamic-page":"no","astra-page-url":"\/\/websitedemos.net\/furniture-store-03\/about-us\/","astra-sites-tag":{"352":"about"},"site-pages-type":"agency-mini","site-pages-page-builder":"beaver-builder","site-pages-category":[],"site-pages-parent-category":{"64":"ecommerce"},"required-plugins":[{"slug":"beaver-builder-lite-version","init":"beaver-builder-lite-version\/fl-builder.php","name":"Beaver Builder Plugin (Lite Version)"},{"slug":"bb-ultimate-addon","init":"bb-ultimate-addon\/bb-ultimate-addon.php","name":"Ultimate Addons for Beaver Builder"}]}},"related-bb-template":"","related-elementor-template":"","related-gutenberg-template":"","related_ecommerce_template":"","ecommerce_parent_template":""},"id-38673":{"title":"Architecture Firm","id":38673,"publish-date":1579107353,"featured-image-url":"https:\/\/websitedemos.net\/wp-content\/uploads\/2020\/01\/architects-home-page.jpg","thumbnail-image-url":"https:\/\/websitedemos.net\/wp-content\/uploads\/2020\/01\/architects-home-page.jpg","fullpage-thumbnail-image-url":"https:\/\/websitedemos.net\/wp-content\/uploads\/2020\/01\/architects-home-page.jpg","astra-site-url":"\/\/websitedemos.net\/architects-04","astra-site-parent-id":1118,"astra-sites-tag":{"435":"architecture","3416":"elementor","436":"interior","434":"interior-design","422":"landscaping","1844":"premium","437":"zoning"},"astra-sites-type":"agency-mini","astra-site-category":{"27":"business"},"astra-sites-template-category":{"2795":"architecture","2777":"business","2793":"interior-design","2852":"landscaping"},"astra-site-page-builder":"elementor","categories":{"3427":"default","3429":"premium","2484":"real-estate"},"required-plugins":[{"slug":"elementor","init":"elementor\/elementor.php","name":"Elementor"},{"slug":"header-footer-elementor","init":"header-footer-elementor\/header-footer-elementor.php","name":"Elementor Header & Footer Builder"},{"slug":"ultimate-elementor","init":"ultimate-elementor\/ultimate-elementor.php","name":"Ultimate Addons for Elementor"},{"slug":"wpforms-lite","init":"wpforms-lite\/wpforms.php","name":"WPForms Lite"}],"post-status":"publish","post-content":"<!-- wp:paragraph -->\n<p>The Architecture Firm template has a stylish feel with light grayscale design, borderless content areas and some nice black and white images. It\u2019s exactly the kind of feel you would expect from this niche.<\/p>\n<!-- \/wp:paragraph -->\n\n<!-- wp:paragraph -->\n<p>The template uses an understated header image with a smooth parallax effect. The rest of the homepage includes a great layout with subtle content areas and contemporary fonts to create a feeling of calm competence.<\/p>\n<!-- \/wp:paragraph -->\n\n<!-- wp:heading {\"UAGDay\":[]} -->\n<h2 class=\"wp-block-heading\">Key features of the Architecture Firm template<\/h2>\n<!-- \/wp:heading -->\n\n<!-- wp:list -->\n<ul><!-- wp:list-item -->\n<li>Stylish grayscale design with monochrome images<\/li>\n<!-- \/wp:list-item -->\n\n<!-- wp:list-item -->\n<li>Non-linear layout ideal for creative industries<\/li>\n<!-- \/wp:list-item -->\n\n<!-- wp:list-item -->\n<li>Contemporary fonts add extra lift<\/li>\n<!-- \/wp:list-item -->\n\n<!-- wp:list-item -->\n<li>Welcome pops of color on supplementary pages<\/li>\n<!-- \/wp:list-item -->\n\n<!-- wp:list-item -->\n<li>Full compatibility with leading page builders<\/li>\n<!-- \/wp:list-item --><\/ul>\n<!-- \/wp:list -->","post-excerpt":"Stylish grayscale web template that shows great taste, perfect for architects","pages":{"id-38677":{"title":"Home","featured-image-url":"https:\/\/websitedemos.net\/wp-content\/uploads\/2020\/01\/architects-home-page.jpg","thumbnail-image-url":"https:\/\/websitedemos.net\/wp-content\/uploads\/2020\/01\/architects-home-page.jpg","astra-page-api-url":"https:\/\/websitedemos.net\/architects-04\/wp-json\/wp\/v2\/pages\/11","dynamic-page":"no","astra-page-url":"\/\/websitedemos.net\/architects-04\/","astra-sites-tag":{"423":"home"},"site-pages-type":"agency-mini","site-pages-page-builder":"elementor","site-pages-category":[],"site-pages-parent-category":{"60":"business"},"required-plugins":[{"slug":"elementor","init":"elementor\/elementor.php","name":"Elementor"},{"slug":"header-footer-elementor","init":"header-footer-elementor\/header-footer-elementor.php","name":"Elementor Header & Footer Builder"},{"slug":"ultimate-elementor","init":"ultimate-elementor\/ultimate-elementor.php","name":"Ultimate Addons for Elementor"}]},"id-38674":{"title":"About","featured-image-url":"https:\/\/websitedemos.net\/wp-content\/uploads\/2020\/01\/architects-04-about.jpg","thumbnail-image-url":"https:\/\/websitedemos.net\/wp-content\/uploads\/2020\/01\/architects-04-about.jpg","astra-page-api-url":"https:\/\/websitedemos.net\/architects-04\/wp-json\/wp\/v2\/pages\/70","dynamic-page":"no","astra-page-url":"\/\/websitedemos.net\/architects-04\/about\/","astra-sites-tag":{"352":"about"},"site-pages-type":"agency-mini","site-pages-page-builder":"elementor","site-pages-category":[],"site-pages-parent-category":{"60":"business"},"required-plugins":[{"slug":"elementor","init":"elementor\/elementor.php","name":"Elementor"},{"slug":"header-footer-elementor","init":"header-footer-elementor\/header-footer-elementor.php","name":"Elementor Header & Footer Builder"},{"slug":"ultimate-elementor","init":"ultimate-elementor\/ultimate-elementor.php","name":"Ultimate Addons for Elementor"}]},"id-38679":{"title":"Services","featured-image-url":"https:\/\/websitedemos.net\/wp-content\/uploads\/2020\/01\/architects-04-services.jpg","thumbnail-image-url":"https:\/\/websitedemos.net\/wp-content\/uploads\/2020\/01\/architects-04-services.jpg","astra-page-api-url":"https:\/\/websitedemos.net\/architects-04\/wp-json\/wp\/v2\/pages\/71","dynamic-page":"no","astra-page-url":"\/\/websitedemos.net\/architects-04\/services\/","astra-sites-tag":{"425":"services"},"site-pages-type":"agency-mini","site-pages-page-builder":"elementor","site-pages-category":[],"site-pages-parent-category":{"60":"business"},"required-plugins":[{"slug":"elementor","init":"elementor\/elementor.php","name":"Elementor"},{"slug":"header-footer-elementor","init":"header-footer-elementor\/header-footer-elementor.php","name":"Elementor Header & Footer Builder"},{"slug":"ultimate-elementor","init":"ultimate-elementor\/ultimate-elementor.php","name":"Ultimate Addons for Elementor"}]},"id-38678":{"title":"Projects","featured-image-url":"https:\/\/websitedemos.net\/wp-content\/uploads\/2020\/01\/architects-project-page.jpg","thumbnail-image-url":"https:\/\/websitedemos.net\/wp-content\/uploads\/2020\/01\/architects-project-page.jpg","astra-page-api-url":"https:\/\/websitedemos.net\/architects-04\/wp-json\/wp\/v2\/pages\/72","dynamic-page":"no","astra-page-url":"\/\/websitedemos.net\/architects-04\/projects\/","astra-sites-tag":{"424":"project","451":"work"},"site-pages-type":"agency-mini","site-pages-page-builder":"elementor","site-pages-category":[],"site-pages-parent-category":{"60":"business"},"required-plugins":[{"slug":"elementor","init":"elementor\/elementor.php","name":"Elementor"},{"slug":"header-footer-elementor","init":"header-footer-elementor\/header-footer-elementor.php","name":"Elementor Header & Footer Builder"},{"slug":"ultimate-elementor","init":"ultimate-elementor\/ultimate-elementor.php","name":"Ultimate Addons for Elementor"}]},"id-38675":{"title":"Clients","featured-image-url":"https:\/\/websitedemos.net\/wp-content\/uploads\/2020\/01\/architects-client-page.jpg","thumbnail-image-url":"https:\/\/websitedemos.net\/wp-content\/uploads\/2020\/01\/architects-client-page.jpg","astra-page-api-url":"https:\/\/websitedemos.net\/architects-04\/wp-json\/wp\/v2\/pages\/73","dynamic-page":"no","astra-page-url":"\/\/websitedemos.net\/architects-04\/clients\/","astra-sites-tag":{"450":"clients"},"site-pages-type":"agency-mini","site-pages-page-builder":"elementor","site-pages-category":[],"site-pages-parent-category":{"60":"business"},"required-plugins":[{"slug":"elementor","init":"elementor\/elementor.php","name":"Elementor"},{"slug":"header-footer-elementor","init":"header-footer-elementor\/header-footer-elementor.php","name":"Elementor Header & Footer Builder"},{"slug":"ultimate-elementor","init":"ultimate-elementor\/ultimate-elementor.php","name":"Ultimate Addons for Elementor"}]},"id-38676":{"title":"Contact","featured-image-url":"https:\/\/websitedemos.net\/wp-content\/uploads\/2020\/01\/architects-04-contact.jpg","thumbnail-image-url":"https:\/\/websitedemos.net\/wp-content\/uploads\/2020\/01\/architects-04-contact.jpg","astra-page-api-url":"https:\/\/websitedemos.net\/architects-04\/wp-json\/wp\/v2\/pages\/74","dynamic-page":"no","astra-page-url":"\/\/websitedemos.net\/architects-04\/contact\/","astra-sites-tag":{"415":"contact"},"site-pages-type":"agency-mini","site-pages-page-builder":"elementor","site-pages-category":[],"site-pages-parent-category":{"60":"business"},"required-plugins":[{"slug":"elementor","init":"elementor\/elementor.php","name":"Elementor"},{"slug":"header-footer-elementor","init":"header-footer-elementor\/header-footer-elementor.php","name":"Elementor Header & Footer Builder"},{"slug":"ultimate-elementor","init":"ultimate-elementor\/ultimate-elementor.php","name":"Ultimate Addons for Elementor"},{"slug":"wpforms-lite","init":"wpforms-lite\/wpforms.php","name":"WPForms Lite"}]}},"related-bb-template":38661,"related-elementor-template":38673,"related-gutenberg-template":84604,"related_ecommerce_template":"","ecommerce_parent_template":""},"id-38661":{"title":"Architecture Firm","id":38661,"publish-date":1579107125,"featured-image-url":"https:\/\/websitedemos.net\/wp-content\/uploads\/2020\/01\/architects-03.jpg","thumbnail-image-url":"https:\/\/websitedemos.net\/wp-content\/uploads\/2020\/01\/architects-03.jpg","fullpage-thumbnail-image-url":"https:\/\/websitedemos.net\/wp-content\/uploads\/2020\/01\/architects-03.jpg","astra-site-url":"\/\/websitedemos.net\/architects-03","astra-site-parent-id":1117,"astra-sites-tag":{"435":"architecture","979":"company","436":"interior","434":"interior-design","981":"interior-designer","422":"landscaping","812":"office","437":"zoning"},"astra-sites-type":"agency-mini","astra-site-category":{"27":"business"},"astra-sites-template-category":[],"astra-site-page-builder":"beaver-builder","categories":{"2484":"real-estate"},"required-plugins":[{"slug":"astra-addon","init":"astra-addon\/astra-addon.php","name":"Astra Pro"},{"slug":"beaver-builder-lite-version","init":"beaver-builder-lite-version\/fl-builder.php","name":"Beaver Builder Plugin (Lite Version)"},{"slug":"bb-ultimate-addon","init":"bb-ultimate-addon\/bb-ultimate-addon.php","name":"Ultimate Addons for Beaver Builder"},{"slug":"wpforms-lite","init":"wpforms-lite\/wpforms.php","name":"WPForms Lite"}],"post-status":"publish","post-content":"","post-excerpt":"","pages":{"id-38665":{"title":"Home","featured-image-url":"https:\/\/websitedemos.net\/wp-content\/uploads\/2020\/01\/architects-03.jpg","thumbnail-image-url":"https:\/\/websitedemos.net\/wp-content\/uploads\/2020\/01\/architects-03.jpg","astra-page-api-url":"https:\/\/websitedemos.net\/architects-03\/wp-json\/wp\/v2\/pages\/11","dynamic-page":"no","astra-page-url":"\/\/websitedemos.net\/architects-03\/","astra-sites-tag":{"423":"home"},"site-pages-type":"agency-mini","site-pages-page-builder":"beaver-builder","site-pages-category":[],"site-pages-parent-category":{"60":"business"},"required-plugins":[{"slug":"beaver-builder-lite-version","init":"beaver-builder-lite-version\/fl-builder.php","name":"Beaver Builder Plugin (Lite Version)"},{"slug":"bb-ultimate-addon","init":"bb-ultimate-addon\/bb-ultimate-addon.php","name":"Ultimate Addons for Beaver Builder"}]},"id-38662":{"title":"About","featured-image-url":"https:\/\/websitedemos.net\/wp-content\/uploads\/2020\/01\/architects-03-about-1.jpg","thumbnail-image-url":"https:\/\/websitedemos.net\/wp-content\/uploads\/2020\/01\/architects-03-about-1.jpg","astra-page-api-url":"https:\/\/websitedemos.net\/architects-03\/wp-json\/wp\/v2\/pages\/70","dynamic-page":"no","astra-page-url":"\/\/websitedemos.net\/architects-03\/about\/","astra-sites-tag":{"352":"about"},"site-pages-type":"agency-mini","site-pages-page-builder":"beaver-builder","site-pages-category":[],"site-pages-parent-category":{"60":"business"},"required-plugins":[{"slug":"beaver-builder-lite-version","init":"beaver-builder-lite-version\/fl-builder.php","name":"Beaver Builder Plugin (Lite Version)"},{"slug":"bb-ultimate-addon","init":"bb-ultimate-addon\/bb-ultimate-addon.php","name":"Ultimate Addons for Beaver Builder"}]},"id-38667":{"title":"Services","featured-image-url":"https:\/\/websitedemos.net\/wp-content\/uploads\/2020\/01\/architects-03-services-1.jpg","thumbnail-image-url":"https:\/\/websitedemos.net\/wp-content\/uploads\/2020\/01\/architects-03-services-1.jpg","astra-page-api-url":"https:\/\/websitedemos.net\/architects-03\/wp-json\/wp\/v2\/pages\/71","dynamic-page":"no","astra-page-url":"\/\/websitedemos.net\/architects-03\/services\/","astra-sites-tag":{"425":"services"},"site-pages-type":"agency-mini","site-pages-page-builder":"beaver-builder","site-pages-category":[],"site-pages-parent-category":{"60":"business"},"required-plugins":[{"slug":"beaver-builder-lite-version","init":"beaver-builder-lite-version\/fl-builder.php","name":"Beaver Builder Plugin (Lite Version)"},{"slug":"bb-ultimate-addon","init":"bb-ultimate-addon\/bb-ultimate-addon.php","name":"Ultimate Addons for Beaver Builder"}]},"id-38666":{"title":"Projects","featured-image-url":"https:\/\/websitedemos.net\/wp-content\/uploads\/2020\/01\/architects-03-projects-1.jpg","thumbnail-image-url":"https:\/\/websitedemos.net\/wp-content\/uploads\/2020\/01\/architects-03-projects-1.jpg","astra-page-api-url":"https:\/\/websitedemos.net\/architects-03\/wp-json\/wp\/v2\/pages\/72","dynamic-page":"no","astra-page-url":"\/\/websitedemos.net\/architects-03\/projects\/","astra-sites-tag":{"424":"project"},"site-pages-type":"agency-mini","site-pages-page-builder":"beaver-builder","site-pages-category":[],"site-pages-parent-category":{"60":"business"},"required-plugins":[{"slug":"beaver-builder-lite-version","init":"beaver-builder-lite-version\/fl-builder.php","name":"Beaver Builder Plugin (Lite Version)"},{"slug":"bb-ultimate-addon","init":"bb-ultimate-addon\/bb-ultimate-addon.php","name":"Ultimate Addons for Beaver Builder"}]},"id-38663":{"title":"Clients","featured-image-url":"https:\/\/websitedemos.net\/wp-content\/uploads\/2020\/01\/architects-03-clients-1.jpg","thumbnail-image-url":"https:\/\/websitedemos.net\/wp-content\/uploads\/2020\/01\/architects-03-clients-1.jpg","astra-page-api-url":"https:\/\/websitedemos.net\/architects-03\/wp-json\/wp\/v2\/pages\/73","dynamic-page":"no","astra-page-url":"\/\/websitedemos.net\/architects-03\/clients\/","astra-sites-tag":{"450":"clients"},"site-pages-type":"agency-mini","site-pages-page-builder":"beaver-builder","site-pages-category":[],"site-pages-parent-category":{"60":"business"},"required-plugins":[{"slug":"beaver-builder-lite-version","init":"beaver-builder-lite-version\/fl-builder.php","name":"Beaver Builder Plugin (Lite Version)"},{"slug":"bb-ultimate-addon","init":"bb-ultimate-addon\/bb-ultimate-addon.php","name":"Ultimate Addons for Beaver Builder"}]},"id-38664":{"title":"Contact","featured-image-url":"https:\/\/websitedemos.net\/wp-content\/uploads\/2020\/01\/architects-03-contact-1.jpg","thumbnail-image-url":"https:\/\/websitedemos.net\/wp-content\/uploads\/2020\/01\/architects-03-contact-1.jpg","astra-page-api-url":"https:\/\/websitedemos.net\/architects-03\/wp-json\/wp\/v2\/pages\/74","dynamic-page":"no","astra-page-url":"\/\/websitedemos.net\/architects-03\/contact\/","astra-sites-tag":{"415":"contact"},"site-pages-type":"agency-mini","site-pages-page-builder":"beaver-builder","site-pages-category":[],"site-pages-parent-category":{"60":"business"},"required-plugins":[{"slug":"beaver-builder-lite-version","init":"beaver-builder-lite-version\/fl-builder.php","name":"Beaver Builder Plugin (Lite Version)"},{"slug":"bb-ultimate-addon","init":"bb-ultimate-addon\/bb-ultimate-addon.php","name":"Ultimate Addons for Beaver Builder"},{"slug":"wpforms-lite","init":"wpforms-lite\/wpforms.php","name":"WPForms Lite"}]}},"related-bb-template":"","related-elementor-template":"","related-gutenberg-template":"","related_ecommerce_template":"","ecommerce_parent_template":""},"id-38619":{"title":"Winery","id":38619,"publish-date":1579106727,"featured-image-url":"https:\/\/websitedemos.net\/wp-content\/uploads\/2020\/01\/winery-04-homepage-screenshot.jpg","thumbnail-image-url":"https:\/\/websitedemos.net\/wp-content\/uploads\/2020\/01\/winery-04-homepage-screenshot.jpg","fullpage-thumbnail-image-url":"https:\/\/websitedemos.net\/wp-content\/uploads\/2020\/01\/winery-04-homepage-screenshot.jpg","astra-site-url":"\/\/websitedemos.net\/winery-04","astra-site-parent-id":1115,"astra-sites-tag":{"635":"brewery","3416":"elementor","632":"farming","1844":"premium","1019":"wine-prouction","633":"winery"},"astra-sites-type":"agency-mini","astra-site-category":{"27":"business"},"astra-sites-template-category":{"2777":"business","2813":"winery"},"astra-site-page-builder":"elementor","categories":{"3427":"default","2474":"manufacturing","3429":"premium","2496":"restaurant-food"},"required-plugins":[{"slug":"elementor","init":"elementor\/elementor.php","name":"Elementor"}],"post-status":"publish","post-content":"<!-- wp:paragraph -->\n<p>The Winery template makes its case immediately with a high quality image in the header. The rest of the homepage combines dark, light and a red contrast color to create that feeling of luxury you\u2019re looking for.<\/p>\n<!-- \/wp:paragraph -->\n\n<!-- wp:paragraph -->\n<p>The template has a superb layout with plenty of opportunities to tell your story, share products and services and communicate with your audience. The supplementary pages are equally attractive, helping to keep a coherent feel throughout.<\/p>\n<!-- \/wp:paragraph -->\n\n<!-- wp:heading -->\n<h2>Key features of the Winery template<\/h2>\n<!-- \/wp:heading -->\n\n<!-- wp:list -->\n<ul><li>Design makes an instant impact with that header<\/li><li>Innovative layout with interesting content areas<\/li><li>Great mix of dark, light and colors<\/li><li>Supplementary pages ideal for the niche<\/li><li>Full compatibility with leading page builders<\/li><\/ul>\n<!-- \/wp:list -->","post-excerpt":"Classy web template that sets the scene for vineyards, vintners and wine sellers","pages":{"id-38623":{"title":"Home","featured-image-url":"https:\/\/websitedemos.net\/wp-content\/uploads\/2020\/01\/winery-04-homepage-screenshot.jpg","thumbnail-image-url":"https:\/\/websitedemos.net\/wp-content\/uploads\/2020\/01\/winery-04-homepage-screenshot.jpg","astra-page-api-url":"https:\/\/websitedemos.net\/winery-04\/wp-json\/wp\/v2\/pages\/11","dynamic-page":"no","astra-page-url":"\/\/websitedemos.net\/winery-04\/","astra-sites-tag":{"423":"home"},"site-pages-type":"agency-mini","site-pages-page-builder":"elementor","site-pages-category":[],"site-pages-parent-category":{"60":"business"},"required-plugins":[{"slug":"elementor","init":"elementor\/elementor.php","name":"Elementor"}]},"id-38624":{"title":"Our Story","featured-image-url":"https:\/\/websitedemos.net\/wp-content\/uploads\/2020\/01\/winery-04-our-story-screenshot.jpg","thumbnail-image-url":"https:\/\/websitedemos.net\/wp-content\/uploads\/2020\/01\/winery-04-our-story-screenshot.jpg","astra-page-api-url":"https:\/\/websitedemos.net\/winery-04\/wp-json\/wp\/v2\/pages\/22","dynamic-page":"no","astra-page-url":"\/\/websitedemos.net\/winery-04\/our-story\/","astra-sites-tag":{"352":"about","905":"our-story"},"site-pages-type":"agency-mini","site-pages-page-builder":"elementor","site-pages-category":[],"site-pages-parent-category":{"60":"business"},"required-plugins":[{"slug":"elementor","init":"elementor\/elementor.php","name":"Elementor"}]},"id-38622":{"title":"Experience","featured-image-url":"https:\/\/websitedemos.net\/wp-content\/uploads\/2020\/01\/winery-04-experience-screenshot.jpg","thumbnail-image-url":"https:\/\/websitedemos.net\/wp-content\/uploads\/2020\/01\/winery-04-experience-screenshot.jpg","astra-page-api-url":"https:\/\/websitedemos.net\/winery-04\/wp-json\/wp\/v2\/pages\/24","dynamic-page":"no","astra-page-url":"\/\/websitedemos.net\/winery-04\/experience\/","astra-sites-tag":{"636":"experience","444":"portfolio","451":"work"},"site-pages-type":"agency-mini","site-pages-page-builder":"elementor","site-pages-category":[],"site-pages-parent-category":{"60":"business"},"required-plugins":[{"slug":"elementor","init":"elementor\/elementor.php","name":"Elementor"}]},"id-38621":{"title":"Events","featured-image-url":"https:\/\/websitedemos.net\/wp-content\/uploads\/2020\/01\/winery-04-events-screenshot.jpg","thumbnail-image-url":"https:\/\/websitedemos.net\/wp-content\/uploads\/2020\/01\/winery-04-events-screenshot.jpg","astra-page-api-url":"https:\/\/websitedemos.net\/winery-04\/wp-json\/wp\/v2\/pages\/26","dynamic-page":"no","astra-page-url":"\/\/websitedemos.net\/winery-04\/events\/","astra-sites-tag":{"409":"event"},"site-pages-type":"agency-mini","site-pages-page-builder":"elementor","site-pages-category":[],"site-pages-parent-category":{"60":"business"},"required-plugins":[{"slug":"elementor","init":"elementor\/elementor.php","name":"Elementor"}]},"id-38620":{"title":"Contact","featured-image-url":"https:\/\/websitedemos.net\/wp-content\/uploads\/2020\/01\/winery-04-contact-page.jpg","thumbnail-image-url":"https:\/\/websitedemos.net\/wp-content\/uploads\/2020\/01\/winery-04-contact-page.jpg","astra-page-api-url":"https:\/\/websitedemos.net\/winery-04\/wp-json\/wp\/v2\/pages\/30","dynamic-page":"no","astra-page-url":"\/\/websitedemos.net\/winery-04\/contact\/","astra-sites-tag":{"415":"contact"},"site-pages-type":"agency-mini","site-pages-page-builder":"elementor","site-pages-category":[],"site-pages-parent-category":{"60":"business"},"required-plugins":[{"slug":"elementor","init":"elementor\/elementor.php","name":"Elementor"}]}},"related-bb-template":38629,"related-elementor-template":38619,"related-gutenberg-template":"","related_ecommerce_template":"","ecommerce_parent_template":""},"id-38629":{"title":"Winery","id":38629,"publish-date":1579106213,"featured-image-url":"https:\/\/websitedemos.net\/wp-content\/uploads\/2020\/01\/winery-03-homepage.jpg","thumbnail-image-url":"https:\/\/websitedemos.net\/wp-content\/uploads\/2020\/01\/winery-03-homepage.jpg","fullpage-thumbnail-image-url":"https:\/\/websitedemos.net\/wp-content\/uploads\/2020\/01\/winery-03-homepage.jpg","astra-site-url":"\/\/websitedemos.net\/winery-03","astra-site-parent-id":1116,"astra-sites-tag":{"635":"brewery","632":"farming","634":"wine-production","633":"winery"},"astra-sites-type":"agency-mini","astra-site-category":{"27":"business"},"astra-sites-template-category":[],"astra-site-page-builder":"beaver-builder","categories":{"2474":"manufacturing"},"required-plugins":[{"slug":"astra-addon","init":"astra-addon\/astra-addon.php","name":"Astra Pro"},{"slug":"beaver-builder-lite-version","init":"beaver-builder-lite-version\/fl-builder.php","name":"Beaver Builder Plugin (Lite Version)"},{"slug":"bb-ultimate-addon","init":"bb-ultimate-addon\/bb-ultimate-addon.php","name":"Ultimate Addons for Beaver Builder"}],"post-status":"publish","post-content":"","post-excerpt":"","pages":{"id-38633":{"title":"Home","featured-image-url":"https:\/\/websitedemos.net\/wp-content\/uploads\/2020\/01\/winery-03-homepage.jpg","thumbnail-image-url":"https:\/\/websitedemos.net\/wp-content\/uploads\/2020\/01\/winery-03-homepage.jpg","astra-page-api-url":"https:\/\/websitedemos.net\/winery-03\/wp-json\/wp\/v2\/pages\/11","dynamic-page":"no","astra-page-url":"\/\/websitedemos.net\/winery-03\/","astra-sites-tag":{"423":"home"},"site-pages-type":"agency-mini","site-pages-page-builder":"beaver-builder","site-pages-category":[],"site-pages-parent-category":{"60":"business"},"required-plugins":[{"slug":"beaver-builder-lite-version","init":"beaver-builder-lite-version\/fl-builder.php","name":"Beaver Builder Plugin (Lite Version)"},{"slug":"bb-ultimate-addon","init":"bb-ultimate-addon\/bb-ultimate-addon.php","name":"Ultimate Addons for Beaver Builder"}]},"id-38634":{"title":"Our Story","featured-image-url":"https:\/\/websitedemos.net\/wp-content\/uploads\/2020\/01\/winery-03-our-story.jpg","thumbnail-image-url":"https:\/\/websitedemos.net\/wp-content\/uploads\/2020\/01\/winery-03-our-story.jpg","astra-page-api-url":"https:\/\/websitedemos.net\/winery-03\/wp-json\/wp\/v2\/pages\/22","dynamic-page":"no","astra-page-url":"\/\/websitedemos.net\/winery-03\/our-story\/","astra-sites-tag":{"352":"about","767":"story"},"site-pages-type":"agency-mini","site-pages-page-builder":"beaver-builder","site-pages-category":[],"site-pages-parent-category":{"60":"business"},"required-plugins":[{"slug":"beaver-builder-lite-version","init":"beaver-builder-lite-version\/fl-builder.php","name":"Beaver Builder Plugin (Lite Version)"},{"slug":"bb-ultimate-addon","init":"bb-ultimate-addon\/bb-ultimate-addon.php","name":"Ultimate Addons for Beaver Builder"}]},"id-38632":{"title":"Experience","featured-image-url":"https:\/\/websitedemos.net\/wp-content\/uploads\/2020\/01\/winery-03-experience.jpg","thumbnail-image-url":"https:\/\/websitedemos.net\/wp-content\/uploads\/2020\/01\/winery-03-experience.jpg","astra-page-api-url":"https:\/\/websitedemos.net\/winery-03\/wp-json\/wp\/v2\/pages\/24","dynamic-page":"no","astra-page-url":"\/\/websitedemos.net\/winery-03\/experience\/","astra-sites-tag":{"636":"experience"},"site-pages-type":"agency-mini","site-pages-page-builder":"beaver-builder","site-pages-category":[],"site-pages-parent-category":{"60":"business"},"required-plugins":[{"slug":"beaver-builder-lite-version","init":"beaver-builder-lite-version\/fl-builder.php","name":"Beaver Builder Plugin (Lite Version)"},{"slug":"bb-ultimate-addon","init":"bb-ultimate-addon\/bb-ultimate-addon.php","name":"Ultimate Addons for Beaver Builder"}]},"id-38631":{"title":"Events","featured-image-url":"https:\/\/websitedemos.net\/wp-content\/uploads\/2020\/01\/winery-03-events.jpg","thumbnail-image-url":"https:\/\/websitedemos.net\/wp-content\/uploads\/2020\/01\/winery-03-events.jpg","astra-page-api-url":"https:\/\/websitedemos.net\/winery-03\/wp-json\/wp\/v2\/pages\/26","dynamic-page":"no","astra-page-url":"\/\/websitedemos.net\/winery-03\/events\/","astra-sites-tag":{"409":"event"},"site-pages-type":"agency-mini","site-pages-page-builder":"beaver-builder","site-pages-category":[],"site-pages-parent-category":{"60":"business"},"required-plugins":[{"slug":"beaver-builder-lite-version","init":"beaver-builder-lite-version\/fl-builder.php","name":"Beaver Builder Plugin (Lite Version)"},{"slug":"bb-ultimate-addon","init":"bb-ultimate-addon\/bb-ultimate-addon.php","name":"Ultimate Addons for Beaver Builder"}]},"id-38630":{"title":"Contact","featured-image-url":"https:\/\/websitedemos.net\/wp-content\/uploads\/2020\/01\/winery-03-contact.jpg","thumbnail-image-url":"https:\/\/websitedemos.net\/wp-content\/uploads\/2020\/01\/winery-03-contact.jpg","astra-page-api-url":"https:\/\/websitedemos.net\/winery-03\/wp-json\/wp\/v2\/pages\/30","dynamic-page":"no","astra-page-url":"\/\/websitedemos.net\/winery-03\/contact\/","astra-sites-tag":{"415":"contact"},"site-pages-type":"agency-mini","site-pages-page-builder":"beaver-builder","site-pages-category":[],"site-pages-parent-category":{"60":"business"},"required-plugins":[{"slug":"beaver-builder-lite-version","init":"beaver-builder-lite-version\/fl-builder.php","name":"Beaver Builder Plugin (Lite Version)"},{"slug":"bb-ultimate-addon","init":"bb-ultimate-addon\/bb-ultimate-addon.php","name":"Ultimate Addons for Beaver Builder"}]}},"related-bb-template":"","related-elementor-template":"","related-gutenberg-template":"","related_ecommerce_template":"","ecommerce_parent_template":""},"id-38590":{"title":"Personal Fitness Trainer","id":38590,"publish-date":1579104172,"featured-image-url":"https:\/\/websitedemos.net\/wp-content\/uploads\/2020\/01\/fitness-trainer-02-home.jpg","thumbnail-image-url":"https:\/\/websitedemos.net\/wp-content\/uploads\/2020\/01\/fitness-trainer-02-home.jpg","fullpage-thumbnail-image-url":"https:\/\/websitedemos.net\/wp-content\/uploads\/2020\/01\/fitness-trainer-02-home.jpg","astra-site-url":"\/\/websitedemos.net\/fitness-trainer-02","astra-site-parent-id":1108,"astra-sites-tag":{"3421":"ele","3416":"elementor","1109":"exercse","499":"fitness","505":"fitness-trainer","506":"functional-training","500":"gym","504":"gym-trainer","503":"trainer","501":"work-out"},"astra-sites-type":"free","astra-site-category":{"27":"business","39":"free"},"astra-sites-template-category":{"2777":"business","2787":"gym-fitness","2771":"one-page","2770":"personal"},"astra-site-page-builder":"elementor","categories":{"3427":"default","2480":"fitness-wellness","3428":"free","2927":"one-page"},"required-plugins":[{"slug":"elementor","init":"elementor\/elementor.php","name":"Elementor"},{"slug":"wpforms-lite","init":"wpforms-lite\/wpforms.php","name":"WPForms Lite"}],"post-status":"publish","post-content":"<!-- wp:paragraph -->\n<p>The Personal Fitness Trainer website template is a well-balanced design with dark and light areas, a subtle but effective parallax effect and some very modern fonts. It\u2019s a well-designed template that avoids the usual masculine design for something much more universal.<\/p>\n<!-- \/wp:paragraph -->\n\n<!-- wp:paragraph -->\n<p>The template has a strong introduction with header and image and bold contrast color. The rest of the homepage includes areas for storytelling, products, services and other content as required.<\/p>\n<!-- \/wp:paragraph -->\n\n<!-- wp:heading {\"UAGDay\":[]} -->\n<h2 class=\"wp-block-heading\">Key features of the Personal Fitness Trainer template<\/h2>\n<!-- \/wp:heading -->\n\n<!-- wp:list -->\n<ul><!-- wp:list-item -->\n<li>Well-balanced fitness theme with universal appeal<\/li>\n<!-- \/wp:list-item -->\n\n<!-- wp:list-item -->\n<li>Dark, light and red are a great combination<\/li>\n<!-- \/wp:list-item -->\n\n<!-- wp:list-item -->\n<li>Subtle but effective parallax effect<\/li>\n<!-- \/wp:list-item -->\n\n<!-- wp:list-item -->\n<li>Readymade pages relevant to the fitness niche<\/li>\n<!-- \/wp:list-item -->\n\n<!-- wp:list-item -->\n<li>Full compatibility with leading page builders<\/li>\n<!-- \/wp:list-item --><\/ul>\n<!-- \/wp:list -->","post-excerpt":"Well-balanced web design with universal appeal ideal for fitness trainers and gyms","pages":{"id-38591":{"title":"Home","featured-image-url":"https:\/\/websitedemos.net\/wp-content\/uploads\/2020\/01\/fitness-trainer-02-home.jpg","thumbnail-image-url":"https:\/\/websitedemos.net\/wp-content\/uploads\/2020\/01\/fitness-trainer-02-home.jpg","astra-page-api-url":"https:\/\/websitedemos.net\/fitness-trainer-02\/wp-json\/wp\/v2\/pages\/2","dynamic-page":"no","astra-page-url":"\/\/websitedemos.net\/fitness-trainer-02\/","astra-sites-tag":{"423":"home","399":"one-page"},"site-pages-type":"free","site-pages-page-builder":"elementor","site-pages-category":[],"site-pages-parent-category":{"60":"business","61":"free"},"required-plugins":[{"slug":"elementor","init":"elementor\/elementor.php","name":"Elementor"},{"slug":"wpforms-lite","init":"wpforms-lite\/wpforms.php","name":"WPForms Lite"}]}},"related-bb-template":38573,"related-elementor-template":38590,"related-gutenberg-template":48076,"related_ecommerce_template":"","ecommerce_parent_template":""},"id-38573":{"title":"Personal Fitness Trainer","id":38573,"publish-date":1579104023,"featured-image-url":"https:\/\/websitedemos.net\/wp-content\/uploads\/2020\/01\/fitness-trainer-01-homepage.jpg","thumbnail-image-url":"https:\/\/websitedemos.net\/wp-content\/uploads\/2020\/01\/fitness-trainer-01-homepage.jpg","fullpage-thumbnail-image-url":"https:\/\/websitedemos.net\/wp-content\/uploads\/2020\/01\/fitness-trainer-01-homepage.jpg","astra-site-url":"\/\/websitedemos.net\/fitness-trainer-01","astra-site-parent-id":1107,"astra-sites-tag":{"502":"exercise","499":"fitness","505":"fitness-trainer","506":"functional-training","500":"gym","504":"gym-trainer","399":"one-page","463":"single-page","503":"trainer","501":"work-out"},"astra-sites-type":"free","astra-site-category":{"27":"business","39":"free"},"astra-sites-template-category":[],"astra-site-page-builder":"beaver-builder","categories":{"2480":"fitness-wellness"},"required-plugins":[{"slug":"beaver-builder-lite-version","init":"beaver-builder-lite-version\/fl-builder.php","name":"Beaver Builder Plugin (Lite Version)"},{"slug":"ultimate-addons-for-beaver-builder-lite","init":"ultimate-addons-for-beaver-builder-lite\/bb-ultimate-addon.php","name":"Ultimate Addons for Beaver Builder - Lite"},{"slug":"wpforms-lite","init":"wpforms-lite\/wpforms.php","name":"WPForms Lite"}],"post-status":"publish","post-content":"","post-excerpt":"","pages":{"id-38574":{"title":"Home","featured-image-url":"https:\/\/websitedemos.net\/wp-content\/uploads\/2020\/01\/fitness-trainer-01-homepage.jpg","thumbnail-image-url":"https:\/\/websitedemos.net\/wp-content\/uploads\/2020\/01\/fitness-trainer-01-homepage.jpg","astra-page-api-url":"https:\/\/websitedemos.net\/fitness-trainer-01\/wp-json\/wp\/v2\/pages\/2","dynamic-page":"no","astra-page-url":"\/\/websitedemos.net\/fitness-trainer-01\/","astra-sites-tag":{"423":"home"},"site-pages-type":"free","site-pages-page-builder":"beaver-builder","site-pages-category":[],"site-pages-parent-category":{"60":"business","61":"free"},"required-plugins":[{"slug":"beaver-builder-lite-version","init":"beaver-builder-lite-version\/fl-builder.php","name":"Beaver Builder Plugin (Lite Version)"},{"slug":"ultimate-addons-for-beaver-builder-lite","init":"ultimate-addons-for-beaver-builder-lite\/bb-ultimate-addon.php","name":"Ultimate Addons for Beaver Builder - Lite"},{"slug":"wpforms-lite","init":"wpforms-lite\/wpforms.php","name":"WPForms Lite"}]}},"related-bb-template":"","related-elementor-template":"","related-gutenberg-template":"","related_ecommerce_template":"","ecommerce_parent_template":""},"id-48076":{"title":"Personal Fitness Trainer","id":48076,"publish-date":1603893488,"featured-image-url":"https:\/\/websitedemos.net\/wp-content\/uploads\/2020\/10\/fitness-trainer-08.jpg","thumbnail-image-url":"https:\/\/websitedemos.net\/wp-content\/uploads\/2020\/10\/fitness-trainer-08-600x3142.jpg","fullpage-thumbnail-image-url":"https:\/\/websitedemos.net\/wp-content\/uploads\/2020\/10\/fitness-trainer-08-400x2094.jpg","astra-site-url":"\/\/websitedemos.net\/fitness-trainer-08","astra-site-parent-id":1697,"astra-sites-tag":{"502":"exercise","499":"fitness","506":"functional-training","500":"gym","504":"gym-trainer","399":"one-page","463":"single-page","503":"trainer","501":"work-out"},"astra-sites-type":"free","astra-site-category":{"27":"business","39":"free"},"astra-sites-template-category":[],"astra-site-page-builder":"gutenberg","categories":{"2480":"fitness-wellness"},"required-plugins":[{"slug":"ultimate-addons-for-gutenberg","init":"ultimate-addons-for-gutenberg\/ultimate-addons-for-gutenberg.php","name":"Spectra"}],"post-status":"publish","post-content":"","post-excerpt":"","pages":{"id-48077":{"title":"Home","featured-image-url":"https:\/\/websitedemos.net\/wp-content\/uploads\/2020\/10\/fitness-trainer-08.jpg","thumbnail-image-url":"https:\/\/websitedemos.net\/wp-content\/uploads\/2020\/10\/fitness-trainer-08-600x3142.jpg","astra-page-api-url":"https:\/\/websitedemos.net\/fitness-trainer-08\/wp-json\/wp\/v2\/pages\/10","dynamic-page":"no","astra-page-url":"\/\/websitedemos.net\/fitness-trainer-08\/","astra-sites-tag":{"423":"home","814":"homepage","463":"single-page"},"site-pages-type":"free","site-pages-page-builder":"gutenberg","site-pages-category":[],"site-pages-parent-category":{"60":"business","61":"free"},"required-plugins":[{"slug":"ultimate-addons-for-gutenberg","init":"ultimate-addons-for-gutenberg\/ultimate-addons-for-gutenberg.php","name":"Spectra"}]}},"related-bb-template":"","related-elementor-template":"","related-gutenberg-template":"","related_ecommerce_template":"","ecommerce_parent_template":""}}