{"id-85715":{"title":"Sports Wear Store","id":85715,"publish-date":1706904113,"featured-image-url":"https:\/\/websitedemos.net\/wp-content\/uploads\/2024\/02\/sports-wear-store-07.jpg","thumbnail-image-url":"https:\/\/websitedemos.net\/wp-content\/uploads\/2024\/02\/sports-wear-store-07-600x3174.jpg","fullpage-thumbnail-image-url":"https:\/\/websitedemos.net\/wp-content\/uploads\/2024\/02\/sports-wear-store-07-400x2116.jpg","astra-site-url":"\/\/websitedemos.net\/sports-wear-store-07","astra-site-parent-id":3447,"astra-sites-tag":{"2418":"commerce","1017":"e-commerce","496":"ecommerce","2419":"eshopping","2422":"online-market","732":"online-shop","2420":"online-shopping","383":"online-store","2421":"purchases","2417":"reseller","733":"shop","2416":"shopping","2344":"sports-gear","2339":"sports-wear","2345":"sports-wear-and-gear","749":"store","1024":"woocommerce"},"astra-sites-type":"agency-mini","astra-site-category":{"27":"business","38":"ecommerce"},"astra-sites-template-category":{"2777":"business","2769":"ecommerce","2857":"online-shopping","2826":"sports"},"astra-site-page-builder":"gutenberg","categories":{"2495":"ecommerce","3432":"game"},"required-plugins":[{"slug":"astra-addon","init":"astra-addon\/astra-addon.php","name":"Astra Pro"},{"slug":"ultimate-addons-for-gutenberg","init":"ultimate-addons-for-gutenberg\/ultimate-addons-for-gutenberg.php","name":"Spectra"},{"slug":"woocommerce","init":"woocommerce\/woocommerce.php","name":"WooCommerce"},{"slug":"variation-swatches-woo","init":"variation-swatches-woo\/variation-swatches-woo.php","name":"Variation Swatches for WooCommerce"}],"post-status":"publish","post-content":"","post-excerpt":"","pages":{"id-85716":{"title":"About","featured-image-url":"https:\/\/websitedemos.net\/wp-content\/uploads\/2024\/02\/sports-wear-store-07-about.jpg","thumbnail-image-url":"https:\/\/websitedemos.net\/wp-content\/uploads\/2024\/02\/sports-wear-store-07-about-600x2590.jpg","astra-page-api-url":"https:\/\/websitedemos.net\/sports-wear-store-07\/wp-json\/wp\/v2\/pages\/1278","dynamic-page":"no","astra-page-url":"\/\/websitedemos.net\/sports-wear-store-07\/about\/","astra-sites-tag":{"352":"about"},"site-pages-type":"agency-mini","site-pages-page-builder":"gutenberg","site-pages-category":[],"site-pages-parent-category":{"60":"business","64":"ecommerce"},"required-plugins":[{"slug":"astra-addon","init":"astra-addon\/astra-addon.php","name":"Astra Pro"},{"slug":"ultimate-addons-for-gutenberg","init":"ultimate-addons-for-gutenberg\/ultimate-addons-for-gutenberg.php","name":"Spectra"}]},"id-85717":{"title":"Contact","featured-image-url":"https:\/\/websitedemos.net\/wp-content\/uploads\/2024\/02\/sports-wear-store-07-contact.jpg","thumbnail-image-url":"https:\/\/websitedemos.net\/wp-content\/uploads\/2024\/02\/sports-wear-store-07-contact-600x1183.jpg","astra-page-api-url":"https:\/\/websitedemos.net\/sports-wear-store-07\/wp-json\/wp\/v2\/pages\/1277","dynamic-page":"no","astra-page-url":"\/\/websitedemos.net\/sports-wear-store-07\/contact\/","astra-sites-tag":{"415":"contact"},"site-pages-type":"agency-mini","site-pages-page-builder":"gutenberg","site-pages-category":[],"site-pages-parent-category":{"60":"business","64":"ecommerce"},"required-plugins":[{"slug":"astra-addon","init":"astra-addon\/astra-addon.php","name":"Astra Pro"},{"slug":"ultimate-addons-for-gutenberg","init":"ultimate-addons-for-gutenberg\/ultimate-addons-for-gutenberg.php","name":"Spectra"}]},"id-85718":{"title":"Home","featured-image-url":"https:\/\/websitedemos.net\/wp-content\/uploads\/2024\/02\/sports-wear-store-07.jpg","thumbnail-image-url":"https:\/\/websitedemos.net\/wp-content\/uploads\/2024\/02\/sports-wear-store-07-600x3174.jpg","astra-page-api-url":"https:\/\/websitedemos.net\/sports-wear-store-07\/wp-json\/wp\/v2\/pages\/1276","dynamic-page":"yes","astra-page-url":"\/\/websitedemos.net\/sports-wear-store-07\/","astra-sites-tag":{"423":"home"},"site-pages-type":"agency-mini","site-pages-page-builder":"gutenberg","site-pages-category":[],"site-pages-parent-category":{"60":"business","64":"ecommerce"},"required-plugins":[{"slug":"astra-addon","init":"astra-addon\/astra-addon.php","name":"Astra Pro"},{"slug":"ultimate-addons-for-gutenberg","init":"ultimate-addons-for-gutenberg\/ultimate-addons-for-gutenberg.php","name":"Spectra"},{"slug":"variation-swatches-woo","init":"variation-swatches-woo\/variation-swatches-woo.php","name":"Variation Swatches for WooCommerce"},{"slug":"woocommerce","init":"woocommerce\/woocommerce.php","name":"WooCommerce"}]},"id-85719":{"title":"Top Deals","featured-image-url":"https:\/\/websitedemos.net\/wp-content\/uploads\/2024\/02\/sports-wear-store-07-top-deals.jpg","thumbnail-image-url":"https:\/\/websitedemos.net\/wp-content\/uploads\/2024\/02\/sports-wear-store-07-top-deals-600x1425.jpg","astra-page-api-url":"https:\/\/websitedemos.net\/sports-wear-store-07\/wp-json\/wp\/v2\/pages\/1275","dynamic-page":"no","astra-page-url":"\/\/websitedemos.net\/sports-wear-store-07\/top-deals\/","astra-sites-tag":{"2338":"top-deals"},"site-pages-type":"agency-mini","site-pages-page-builder":"gutenberg","site-pages-category":[],"site-pages-parent-category":{"60":"business","64":"ecommerce"},"required-plugins":[{"slug":"astra-addon","init":"astra-addon\/astra-addon.php","name":"Astra Pro"},{"slug":"ultimate-addons-for-gutenberg","init":"ultimate-addons-for-gutenberg\/ultimate-addons-for-gutenberg.php","name":"Spectra"}]}},"related-bb-template":"","related-elementor-template":"","related-gutenberg-template":"","related_ecommerce_template":"","ecommerce_parent_template":""},"id-85808":{"title":"Jewellery Store","id":85808,"publish-date":1706902993,"featured-image-url":"https:\/\/websitedemos.net\/wp-content\/uploads\/2024\/02\/jewellery-store-07.jpg","thumbnail-image-url":"https:\/\/websitedemos.net\/wp-content\/uploads\/2024\/02\/jewellery-store-07-600x4106.jpg","fullpage-thumbnail-image-url":"https:\/\/websitedemos.net\/wp-content\/uploads\/2024\/02\/jewellery-store-07-400x2737.jpg","astra-site-url":"\/\/websitedemos.net\/jewellery-store-07","astra-site-parent-id":3455,"astra-sites-tag":{"2418":"commerce","1017":"e-commerce","496":"ecommerce","1817":"ecommerce-store","2419":"eshopping","2382":"jewellery-store","2529":"jewelry-store","2383":"online-jewellery-store","2422":"online-market","732":"online-shop","2420":"online-shopping","383":"online-store","2421":"purchases","2417":"reseller","733":"shop","2416":"shopping","966":"woo-commerce","1024":"woocommerce"},"astra-sites-type":"agency-mini","astra-site-category":{"38":"ecommerce"},"astra-sites-template-category":{"2769":"ecommerce","2838":"jewellery","2857":"online-shopping"},"astra-site-page-builder":"gutenberg","categories":{"2479":"beauty","2495":"ecommerce","3434":"feminine"},"required-plugins":[{"slug":"astra-addon","init":"astra-addon\/astra-addon.php","name":"Astra Pro"},{"slug":"ultimate-addons-for-gutenberg","init":"ultimate-addons-for-gutenberg\/ultimate-addons-for-gutenberg.php","name":"Spectra"},{"slug":"variation-swatches-woo","init":"variation-swatches-woo\/variation-swatches-woo.php","name":"Variation Swatches for WooCommerce"},{"slug":"woocommerce","init":"woocommerce\/woocommerce.php","name":"WooCommerce"}],"post-status":"publish","post-content":"","post-excerpt":"","pages":{"id-85809":{"title":"About","featured-image-url":"https:\/\/websitedemos.net\/wp-content\/uploads\/2024\/02\/jewellery-store-07-about.jpg","thumbnail-image-url":"https:\/\/websitedemos.net\/wp-content\/uploads\/2024\/02\/jewellery-store-07-about-600x2408.jpg","astra-page-api-url":"https:\/\/websitedemos.net\/jewellery-store-07\/wp-json\/wp\/v2\/pages\/25","dynamic-page":"no","astra-page-url":"\/\/websitedemos.net\/jewellery-store-07\/about\/","astra-sites-tag":{"352":"about"},"site-pages-type":"agency-mini","site-pages-page-builder":"gutenberg","site-pages-category":[],"site-pages-parent-category":{"64":"ecommerce"},"required-plugins":[{"slug":"astra-addon","init":"astra-addon\/astra-addon.php","name":"Astra Pro"},{"slug":"ultimate-addons-for-gutenberg","init":"ultimate-addons-for-gutenberg\/ultimate-addons-for-gutenberg.php","name":"Spectra"}]},"id-85810":{"title":"Contact","featured-image-url":"https:\/\/websitedemos.net\/wp-content\/uploads\/2024\/02\/jewellery-store-07-contact.jpg","thumbnail-image-url":"https:\/\/websitedemos.net\/wp-content\/uploads\/2024\/02\/jewellery-store-07-contact-600x1039.jpg","astra-page-api-url":"https:\/\/websitedemos.net\/jewellery-store-07\/wp-json\/wp\/v2\/pages\/27","dynamic-page":"no","astra-page-url":"\/\/websitedemos.net\/jewellery-store-07\/contact\/","astra-sites-tag":{"415":"contact"},"site-pages-type":"agency-mini","site-pages-page-builder":"gutenberg","site-pages-category":[],"site-pages-parent-category":{"64":"ecommerce"},"required-plugins":[{"slug":"astra-addon","init":"astra-addon\/astra-addon.php","name":"Astra Pro"},{"slug":"ultimate-addons-for-gutenberg","init":"ultimate-addons-for-gutenberg\/ultimate-addons-for-gutenberg.php","name":"Spectra"}]},"id-85811":{"title":"Home","featured-image-url":"https:\/\/websitedemos.net\/wp-content\/uploads\/2024\/02\/jewellery-store-07.jpg","thumbnail-image-url":"https:\/\/websitedemos.net\/wp-content\/uploads\/2024\/02\/jewellery-store-07-600x4106.jpg","astra-page-api-url":"https:\/\/websitedemos.net\/jewellery-store-07\/wp-json\/wp\/v2\/pages\/22","dynamic-page":"yes","astra-page-url":"\/\/websitedemos.net\/jewellery-store-07\/","astra-sites-tag":{"423":"home"},"site-pages-type":"agency-mini","site-pages-page-builder":"gutenberg","site-pages-category":[],"site-pages-parent-category":{"64":"ecommerce"},"required-plugins":[{"slug":"astra-addon","init":"astra-addon\/astra-addon.php","name":"Astra Pro"},{"slug":"ultimate-addons-for-gutenberg","init":"ultimate-addons-for-gutenberg\/ultimate-addons-for-gutenberg.php","name":"Spectra"},{"slug":"variation-swatches-woo","init":"variation-swatches-woo\/variation-swatches-woo.php","name":"Variation Swatches for WooCommerce"},{"slug":"woocommerce","init":"woocommerce\/woocommerce.php","name":"WooCommerce"}]}},"related-bb-template":"","related-elementor-template":"","related-gutenberg-template":"","related_ecommerce_template":"","ecommerce_parent_template":""},"id-85908":{"title":"Food Truck","id":85908,"publish-date":1706902989,"featured-image-url":"https:\/\/websitedemos.net\/wp-content\/uploads\/2024\/02\/food-truck-07.jpg","thumbnail-image-url":"https:\/\/websitedemos.net\/wp-content\/uploads\/2024\/02\/food-truck-07-600x3309.jpg","fullpage-thumbnail-image-url":"https:\/\/websitedemos.net\/wp-content\/uploads\/2024\/02\/food-truck-07-400x2206.jpg","astra-site-url":"\/\/websitedemos.net\/food-truck-07","astra-site-parent-id":3460,"astra-sites-tag":{"1808":"food-truck","1810":"ice-cream-truck-2","1809":"ice-cream-truck","1844":"premium"},"astra-sites-type":"agency-mini","astra-site-category":{"27":"business"},"astra-sites-template-category":{"2777":"business","2785":"food","2876":"food-ordering","2771":"one-page","2776":"restaurant"},"astra-site-page-builder":"gutenberg","categories":{"3435":"business","3430":"dark","2927":"one-page"},"required-plugins":[{"slug":"ultimate-addons-for-gutenberg","init":"ultimate-addons-for-gutenberg\/ultimate-addons-for-gutenberg.php","name":"Spectra"}],"post-status":"publish","post-content":"","post-excerpt":"","pages":{"id-85909":{"title":"Home","featured-image-url":"https:\/\/websitedemos.net\/wp-content\/uploads\/2024\/02\/food-truck-07.jpg","thumbnail-image-url":"https:\/\/websitedemos.net\/wp-content\/uploads\/2024\/02\/food-truck-07-600x3309.jpg","astra-page-api-url":"https:\/\/websitedemos.net\/food-truck-07\/wp-json\/wp\/v2\/pages\/398","dynamic-page":"no","astra-page-url":"\/\/websitedemos.net\/food-truck-07\/","astra-sites-tag":{"423":"home"},"site-pages-type":"agency-mini","site-pages-page-builder":"gutenberg","site-pages-category":[],"site-pages-parent-category":{"60":"business"},"required-plugins":[{"slug":"ultimate-addons-for-gutenberg","init":"ultimate-addons-for-gutenberg\/ultimate-addons-for-gutenberg.php","name":"Spectra"}]}},"related-bb-template":"","related-elementor-template":"","related-gutenberg-template":"","related_ecommerce_template":"","ecommerce_parent_template":""},"id-85756":{"title":"Beauty Products Store","id":85756,"publish-date":1706807154,"featured-image-url":"https:\/\/websitedemos.net\/wp-content\/uploads\/2024\/02\/beauty-products-store-07.jpg","thumbnail-image-url":"https:\/\/websitedemos.net\/wp-content\/uploads\/2024\/02\/beauty-products-store-07-600x3298.jpg","fullpage-thumbnail-image-url":"https:\/\/websitedemos.net\/wp-content\/uploads\/2024\/02\/beauty-products-store-07-400x2199.jpg","astra-site-url":"\/\/websitedemos.net\/beauty-products-store-07","astra-site-parent-id":3451,"astra-sites-tag":{"2385":"beauty-products-shop","2384":"beauty-products-store","2418":"commerce","1017":"e-commerce","496":"ecommerce","1817":"ecommerce-store","2419":"eshopping","2422":"online-market","732":"online-shop","2420":"online-shopping","383":"online-store","2421":"purchases","2417":"reseller","733":"shop","2416":"shopping","749":"store","1024":"woocommerce"},"astra-sites-type":"agency-mini","astra-site-category":{"38":"ecommerce"},"astra-sites-template-category":{"2790":"beauty-fashion","2777":"business","2769":"ecommerce","2857":"online-shopping"},"astra-site-page-builder":"gutenberg","categories":{"2479":"beauty","2495":"ecommerce"},"required-plugins":[{"slug":"astra-addon","init":"astra-addon\/astra-addon.php","name":"Astra Pro"},{"slug":"ultimate-addons-for-gutenberg","init":"ultimate-addons-for-gutenberg\/ultimate-addons-for-gutenberg.php","name":"Spectra"},{"slug":"variation-swatches-woo","init":"variation-swatches-woo\/variation-swatches-woo.php","name":"Variation Swatches for WooCommerce"},{"slug":"woocommerce","init":"woocommerce\/woocommerce.php","name":"WooCommerce"}],"post-status":"publish","post-content":"","post-excerpt":"","pages":{"id-85757":{"title":"About Us","featured-image-url":"https:\/\/websitedemos.net\/wp-content\/uploads\/2024\/02\/beauty-products-store-07-about-us.jpg","thumbnail-image-url":"https:\/\/websitedemos.net\/wp-content\/uploads\/2024\/02\/beauty-products-store-07-about-us-600x1866.jpg","astra-page-api-url":"https:\/\/websitedemos.net\/beauty-products-store-07\/wp-json\/wp\/v2\/pages\/843","dynamic-page":"no","astra-page-url":"\/\/websitedemos.net\/beauty-products-store-07\/about-us\/","astra-sites-tag":{"352":"about"},"site-pages-type":"agency-mini","site-pages-page-builder":"gutenberg","site-pages-category":[],"site-pages-parent-category":{"64":"ecommerce"},"required-plugins":[{"slug":"astra-addon","init":"astra-addon\/astra-addon.php","name":"Astra Pro"},{"slug":"ultimate-addons-for-gutenberg","init":"ultimate-addons-for-gutenberg\/ultimate-addons-for-gutenberg.php","name":"Spectra"}]},"id-85758":{"title":"Contact Us","featured-image-url":"https:\/\/websitedemos.net\/wp-content\/uploads\/2024\/02\/beauty-products-store-07-contact-us.jpg","thumbnail-image-url":"https:\/\/websitedemos.net\/wp-content\/uploads\/2024\/02\/beauty-products-store-07-contact-us-600x933.jpg","astra-page-api-url":"https:\/\/websitedemos.net\/beauty-products-store-07\/wp-json\/wp\/v2\/pages\/844","dynamic-page":"no","astra-page-url":"\/\/websitedemos.net\/beauty-products-store-07\/contact-us\/","astra-sites-tag":{"415":"contact"},"site-pages-type":"agency-mini","site-pages-page-builder":"gutenberg","site-pages-category":[],"site-pages-parent-category":{"64":"ecommerce"},"required-plugins":[{"slug":"astra-addon","init":"astra-addon\/astra-addon.php","name":"Astra Pro"},{"slug":"ultimate-addons-for-gutenberg","init":"ultimate-addons-for-gutenberg\/ultimate-addons-for-gutenberg.php","name":"Spectra"}]},"id-85759":{"title":"Home","featured-image-url":"https:\/\/websitedemos.net\/wp-content\/uploads\/2024\/02\/beauty-products-store-07.jpg","thumbnail-image-url":"https:\/\/websitedemos.net\/wp-content\/uploads\/2024\/02\/beauty-products-store-07-600x3298.jpg","astra-page-api-url":"https:\/\/websitedemos.net\/beauty-products-store-07\/wp-json\/wp\/v2\/pages\/842","dynamic-page":"yes","astra-page-url":"\/\/websitedemos.net\/beauty-products-store-07\/","astra-sites-tag":{"423":"home"},"site-pages-type":"agency-mini","site-pages-page-builder":"gutenberg","site-pages-category":[],"site-pages-parent-category":{"64":"ecommerce"},"required-plugins":[{"slug":"astra-addon","init":"astra-addon\/astra-addon.php","name":"Astra Pro"},{"slug":"ultimate-addons-for-gutenberg","init":"ultimate-addons-for-gutenberg\/ultimate-addons-for-gutenberg.php","name":"Spectra"},{"slug":"variation-swatches-woo","init":"variation-swatches-woo\/variation-swatches-woo.php","name":"Variation Swatches for WooCommerce"},{"slug":"woocommerce","init":"woocommerce\/woocommerce.php","name":"WooCommerce"}]}},"related-bb-template":"","related-elementor-template":"","related-gutenberg-template":"","related_ecommerce_template":"","ecommerce_parent_template":""},"id-85743":{"title":"eGrow Plants","id":85743,"publish-date":1706793312,"featured-image-url":"https:\/\/websitedemos.net\/wp-content\/uploads\/2024\/02\/egrow-plants-07.jpg","thumbnail-image-url":"https:\/\/websitedemos.net\/wp-content\/uploads\/2024\/02\/egrow-plants-07-600x2862.jpg","fullpage-thumbnail-image-url":"https:\/\/websitedemos.net\/wp-content\/uploads\/2024\/02\/egrow-plants-07-400x1908.jpg","astra-site-url":"\/\/websitedemos.net\/egrow-plants-07","astra-site-parent-id":3450,"astra-sites-tag":{"2418":"commerce","1017":"e-commerce","496":"ecommerce","2419":"eshopping","2422":"online-market","2420":"online-shopping","383":"online-store","497":"plant-store","495":"plants","2421":"purchases","2417":"reseller","733":"shop","2416":"shopping","749":"store","1024":"woocommerce"},"astra-sites-type":"agency-mini","astra-site-category":{"27":"business","38":"ecommerce"},"astra-sites-template-category":{"2769":"ecommerce","2857":"online-shopping"},"astra-site-page-builder":"gutenberg","categories":{"2495":"ecommerce","2476":"gardening"},"required-plugins":[{"slug":"astra-addon","init":"astra-addon\/astra-addon.php","name":"Astra Pro"},{"slug":"ultimate-addons-for-gutenberg","init":"ultimate-addons-for-gutenberg\/ultimate-addons-for-gutenberg.php","name":"Spectra"},{"slug":"variation-swatches-woo","init":"variation-swatches-woo\/variation-swatches-woo.php","name":"Variation Swatches for WooCommerce"},{"slug":"woocommerce","init":"woocommerce\/woocommerce.php","name":"WooCommerce"}],"post-status":"publish","post-content":"","post-excerpt":"","pages":{"id-85744":{"title":"Contact","featured-image-url":"https:\/\/websitedemos.net\/wp-content\/uploads\/2024\/02\/egrow-plants-07-contact.jpg","thumbnail-image-url":"https:\/\/websitedemos.net\/wp-content\/uploads\/2024\/02\/egrow-plants-07-contact-600x1042.jpg","astra-page-api-url":"https:\/\/websitedemos.net\/egrow-plants-07\/wp-json\/wp\/v2\/pages\/655","dynamic-page":"no","astra-page-url":"\/\/websitedemos.net\/egrow-plants-07\/contact\/","astra-sites-tag":{"415":"contact"},"site-pages-type":"agency-mini","site-pages-page-builder":"gutenberg","site-pages-category":[],"site-pages-parent-category":{"60":"business","64":"ecommerce"},"required-plugins":[{"slug":"astra-addon","init":"astra-addon\/astra-addon.php","name":"Astra Pro"},{"slug":"ultimate-addons-for-gutenberg","init":"ultimate-addons-for-gutenberg\/ultimate-addons-for-gutenberg.php","name":"Spectra"}]},"id-85745":{"title":"Home","featured-image-url":"https:\/\/websitedemos.net\/wp-content\/uploads\/2024\/02\/egrow-plants-07.jpg","thumbnail-image-url":"https:\/\/websitedemos.net\/wp-content\/uploads\/2024\/02\/egrow-plants-07-600x2862.jpg","astra-page-api-url":"https:\/\/websitedemos.net\/egrow-plants-07\/wp-json\/wp\/v2\/pages\/652","dynamic-page":"yes","astra-page-url":"\/\/websitedemos.net\/egrow-plants-07\/","astra-sites-tag":{"423":"home"},"site-pages-type":"agency-mini","site-pages-page-builder":"gutenberg","site-pages-category":[],"site-pages-parent-category":{"60":"business","64":"ecommerce"},"required-plugins":[{"slug":"astra-addon","init":"astra-addon\/astra-addon.php","name":"Astra Pro"},{"slug":"ultimate-addons-for-gutenberg","init":"ultimate-addons-for-gutenberg\/ultimate-addons-for-gutenberg.php","name":"Spectra"},{"slug":"variation-swatches-woo","init":"variation-swatches-woo\/variation-swatches-woo.php","name":"Variation Swatches for WooCommerce"},{"slug":"woocommerce","init":"woocommerce\/woocommerce.php","name":"WooCommerce"}]},"id-85746":{"title":"Our Story","featured-image-url":"https:\/\/websitedemos.net\/wp-content\/uploads\/2024\/02\/egrow-plants-07-our-story.jpg","thumbnail-image-url":"https:\/\/websitedemos.net\/wp-content\/uploads\/2024\/02\/egrow-plants-07-our-story-600x1301.jpg","astra-page-api-url":"https:\/\/websitedemos.net\/egrow-plants-07\/wp-json\/wp\/v2\/pages\/657","dynamic-page":"no","astra-page-url":"\/\/websitedemos.net\/egrow-plants-07\/our-story\/","astra-sites-tag":{"905":"our-story"},"site-pages-type":"agency-mini","site-pages-page-builder":"gutenberg","site-pages-category":[],"site-pages-parent-category":{"60":"business","64":"ecommerce"},"required-plugins":[{"slug":"astra-addon","init":"astra-addon\/astra-addon.php","name":"Astra Pro"},{"slug":"ultimate-addons-for-gutenberg","init":"ultimate-addons-for-gutenberg\/ultimate-addons-for-gutenberg.php","name":"Spectra"}]}},"related-bb-template":"","related-elementor-template":"","related-gutenberg-template":"","related_ecommerce_template":"","ecommerce_parent_template":""},"id-85813":{"title":"Custom Printing Pro","id":85813,"publish-date":1706783150,"featured-image-url":"https:\/\/websitedemos.net\/wp-content\/uploads\/2024\/02\/custom-printing-07.jpg","thumbnail-image-url":"https:\/\/websitedemos.net\/wp-content\/uploads\/2024\/02\/custom-printing-07-600x2159.jpg","fullpage-thumbnail-image-url":"https:\/\/websitedemos.net\/wp-content\/uploads\/2024\/02\/custom-printing-07-400x1439.jpg","astra-site-url":"\/\/websitedemos.net\/custom-printing-07","astra-site-parent-id":3456,"astra-sites-tag":{"2418":"commerce","400":"custom-printing","1017":"e-commerce","496":"ecommerce","1817":"ecommerce-store","2419":"eshopping","881":"mug-printing","2422":"online-market","732":"online-shop","2420":"online-shopping","383":"online-store","967":"product-store","2421":"purchases","2417":"reseller","733":"shop","2416":"shopping","749":"store","405":"t-shirt-printing","966":"woo-commerce","1024":"woocommerce"},"astra-sites-type":"agency-mini","astra-site-category":{"27":"business","38":"ecommerce"},"astra-sites-template-category":{"2777":"business","2769":"ecommerce","2857":"online-shopping"},"astra-site-page-builder":"gutenberg","categories":{"3435":"business","2495":"ecommerce"},"required-plugins":[{"slug":"astra-addon","init":"astra-addon\/astra-addon.php","name":"Astra Pro"},{"slug":"ultimate-addons-for-gutenberg","init":"ultimate-addons-for-gutenberg\/ultimate-addons-for-gutenberg.php","name":"Spectra"},{"slug":"woocommerce","init":"woocommerce\/woocommerce.php","name":"WooCommerce"},{"slug":"woo-cart-abandonment-recovery","init":"woo-cart-abandonment-recovery\/woo-cart-abandonment-recovery.php","name":"WooCommerce Cart Abandonment Recovery"},{"slug":"variation-swatches-woo","init":"variation-swatches-woo\/variation-swatches-woo.php","name":"Variation Swatches for WooCommerce"}],"post-status":"publish","post-content":"","post-excerpt":"","pages":{"id-85814":{"title":"About HDX","featured-image-url":"https:\/\/websitedemos.net\/wp-content\/uploads\/2024\/02\/custom-printing-07-about-hdx.jpg","thumbnail-image-url":"https:\/\/websitedemos.net\/wp-content\/uploads\/2024\/02\/custom-printing-07-about-hdx-600x1329.jpg","astra-page-api-url":"https:\/\/websitedemos.net\/custom-printing-07\/wp-json\/wp\/v2\/pages\/1163","dynamic-page":"no","astra-page-url":"\/\/websitedemos.net\/custom-printing-07\/about-hdx\/","astra-sites-tag":{"352":"about"},"site-pages-type":"agency-mini","site-pages-page-builder":"gutenberg","site-pages-category":[],"site-pages-parent-category":{"60":"business","64":"ecommerce"},"required-plugins":[{"slug":"astra-addon","init":"astra-addon\/astra-addon.php","name":"Astra Pro"},{"slug":"ultimate-addons-for-gutenberg","init":"ultimate-addons-for-gutenberg\/ultimate-addons-for-gutenberg.php","name":"Spectra"}]},"id-85815":{"title":"Contact","featured-image-url":"https:\/\/websitedemos.net\/wp-content\/uploads\/2024\/02\/custom-printing-07-contact.jpg","thumbnail-image-url":"https:\/\/websitedemos.net\/wp-content\/uploads\/2024\/02\/custom-printing-07-contact-600x906.jpg","astra-page-api-url":"https:\/\/websitedemos.net\/custom-printing-07\/wp-json\/wp\/v2\/pages\/1165","dynamic-page":"no","astra-page-url":"\/\/websitedemos.net\/custom-printing-07\/contact\/","astra-sites-tag":{"415":"contact"},"site-pages-type":"agency-mini","site-pages-page-builder":"gutenberg","site-pages-category":[],"site-pages-parent-category":{"60":"business","64":"ecommerce"},"required-plugins":[{"slug":"astra-addon","init":"astra-addon\/astra-addon.php","name":"Astra Pro"},{"slug":"ultimate-addons-for-gutenberg","init":"ultimate-addons-for-gutenberg\/ultimate-addons-for-gutenberg.php","name":"Spectra"}]},"id-85816":{"title":"Home","featured-image-url":"https:\/\/websitedemos.net\/wp-content\/uploads\/2024\/02\/custom-printing-07.jpg","thumbnail-image-url":"https:\/\/websitedemos.net\/wp-content\/uploads\/2024\/02\/custom-printing-07-600x2159.jpg","astra-page-api-url":"https:\/\/websitedemos.net\/custom-printing-07\/wp-json\/wp\/v2\/pages\/1160","dynamic-page":"yes","astra-page-url":"\/\/websitedemos.net\/custom-printing-07\/","astra-sites-tag":{"423":"home"},"site-pages-type":"agency-mini","site-pages-page-builder":"gutenberg","site-pages-category":[],"site-pages-parent-category":{"60":"business","64":"ecommerce"},"required-plugins":[{"slug":"astra-addon","init":"astra-addon\/astra-addon.php","name":"Astra Pro"},{"slug":"ultimate-addons-for-gutenberg","init":"ultimate-addons-for-gutenberg\/ultimate-addons-for-gutenberg.php","name":"Spectra"},{"slug":"variation-swatches-woo","init":"variation-swatches-woo\/variation-swatches-woo.php","name":"Variation Swatches for WooCommerce"},{"slug":"woocommerce","init":"woocommerce\/woocommerce.php","name":"WooCommerce"},{"slug":"woo-cart-abandonment-recovery","init":"woo-cart-abandonment-recovery\/woo-cart-abandonment-recovery.php","name":"WooCommerce Cart Abandonment Recovery"}]}},"related-bb-template":"","related-elementor-template":"","related-gutenberg-template":"","related_ecommerce_template":"","ecommerce_parent_template":""},"id-85736":{"title":"Halloween Party","id":85736,"publish-date":1706727715,"featured-image-url":"https:\/\/websitedemos.net\/wp-content\/uploads\/2024\/01\/halloween-party-07.jpg","thumbnail-image-url":"https:\/\/websitedemos.net\/wp-content\/uploads\/2024\/01\/halloween-party-07-600x2283.jpg","fullpage-thumbnail-image-url":"https:\/\/websitedemos.net\/wp-content\/uploads\/2024\/01\/halloween-party-07-400x1522.jpg","astra-site-url":"\/\/websitedemos.net\/halloween-party-07","astra-site-parent-id":3449,"astra-sites-tag":{"597":"art","2947":"autumn-2","2946":"halloweeenparty","2943":"halloween-2","2944":"halloweencostume-2","2948":"halloweendecor-2","2951":"halloweenmakeup-2","2950":"happyhalloween-2","2952":"pumpkin-2","2953":"spookyseason-2","2949":"trcikortreat"},"astra-sites-type":"agency-mini","astra-site-category":{"36":"other"},"astra-sites-template-category":{"2784":"event"},"astra-site-page-builder":"gutenberg","categories":{"2489":"event-invitation"},"required-plugins":[{"slug":"ultimate-addons-for-gutenberg","init":"ultimate-addons-for-gutenberg\/ultimate-addons-for-gutenberg.php","name":"Spectra"},{"slug":"astra-addon","init":"astra-addon\/astra-addon.php","name":"Astra Pro"}],"post-status":"publish","post-content":"","post-excerpt":"","pages":{"id-85738":{"title":"Contact","featured-image-url":"https:\/\/websitedemos.net\/wp-content\/uploads\/2024\/01\/halloween-party-07-contact.jpg","thumbnail-image-url":"https:\/\/websitedemos.net\/wp-content\/uploads\/2024\/01\/halloween-party-07-contact-600x1050.jpg","astra-page-api-url":"https:\/\/websitedemos.net\/halloween-party-07\/wp-json\/wp\/v2\/pages\/905","dynamic-page":"no","astra-page-url":"\/\/websitedemos.net\/halloween-party-07\/contact\/","astra-sites-tag":{"415":"contact"},"site-pages-type":"agency-mini","site-pages-page-builder":"gutenberg","site-pages-category":[],"site-pages-parent-category":{"139":"other"},"required-plugins":[{"slug":"astra-addon","init":"astra-addon\/astra-addon.php","name":"Astra Pro"},{"slug":"ultimate-addons-for-gutenberg","init":"ultimate-addons-for-gutenberg\/ultimate-addons-for-gutenberg.php","name":"Spectra"}]},"id-85739":{"title":"Home","featured-image-url":"https:\/\/websitedemos.net\/wp-content\/uploads\/2024\/01\/halloween-party-07.jpg","thumbnail-image-url":"https:\/\/websitedemos.net\/wp-content\/uploads\/2024\/01\/halloween-party-07-600x2283.jpg","astra-page-api-url":"https:\/\/websitedemos.net\/halloween-party-07\/wp-json\/wp\/v2\/pages\/896","dynamic-page":"no","astra-page-url":"\/\/websitedemos.net\/halloween-party-07\/","astra-sites-tag":{"423":"home"},"site-pages-type":"agency-mini","site-pages-page-builder":"gutenberg","site-pages-category":[],"site-pages-parent-category":{"139":"other"},"required-plugins":[{"slug":"astra-addon","init":"astra-addon\/astra-addon.php","name":"Astra Pro"},{"slug":"ultimate-addons-for-gutenberg","init":"ultimate-addons-for-gutenberg\/ultimate-addons-for-gutenberg.php","name":"Spectra"}]},"id-85740":{"title":"Program","featured-image-url":"https:\/\/websitedemos.net\/wp-content\/uploads\/2024\/01\/halloween-party-07-program.jpg","thumbnail-image-url":"https:\/\/websitedemos.net\/wp-content\/uploads\/2024\/01\/halloween-party-07-program-600x1263.jpg","astra-page-api-url":"https:\/\/websitedemos.net\/halloween-party-07\/wp-json\/wp\/v2\/pages\/901","dynamic-page":"no","astra-page-url":"\/\/websitedemos.net\/halloween-party-07\/program\/","astra-sites-tag":{"2684":"program"},"site-pages-type":"agency-mini","site-pages-page-builder":"gutenberg","site-pages-category":[],"site-pages-parent-category":{"139":"other"},"required-plugins":[{"slug":"astra-addon","init":"astra-addon\/astra-addon.php","name":"Astra Pro"},{"slug":"ultimate-addons-for-gutenberg","init":"ultimate-addons-for-gutenberg\/ultimate-addons-for-gutenberg.php","name":"Spectra"}]},"id-85737":{"title":"About","featured-image-url":"https:\/\/websitedemos.net\/wp-content\/uploads\/2024\/01\/halloween-party-07-about.jpg","thumbnail-image-url":"https:\/\/websitedemos.net\/wp-content\/uploads\/2024\/01\/halloween-party-07-about-600x1526.jpg","astra-page-api-url":"https:\/\/websitedemos.net\/halloween-party-07\/wp-json\/wp\/v2\/pages\/903","dynamic-page":"no","astra-page-url":"\/\/websitedemos.net\/halloween-party-07\/about\/","astra-sites-tag":{"352":"about"},"site-pages-type":"agency-mini","site-pages-page-builder":"gutenberg","site-pages-category":[],"site-pages-parent-category":{"139":"other"},"required-plugins":[{"slug":"astra-addon","init":"astra-addon\/astra-addon.php","name":"Astra Pro"},{"slug":"ultimate-addons-for-gutenberg","init":"ultimate-addons-for-gutenberg\/ultimate-addons-for-gutenberg.php","name":"Spectra"}]},"id-85741":{"title":"Tickets","featured-image-url":"https:\/\/websitedemos.net\/wp-content\/uploads\/2024\/01\/halloween-party-07-tickets.jpg","thumbnail-image-url":"https:\/\/websitedemos.net\/wp-content\/uploads\/2024\/01\/halloween-party-07-tickets-600x1014.jpg","astra-page-api-url":"https:\/\/websitedemos.net\/halloween-party-07\/wp-json\/wp\/v2\/pages\/899","dynamic-page":"no","astra-page-url":"\/\/websitedemos.net\/halloween-party-07\/tickets\/","astra-sites-tag":{"2954":"tickets"},"site-pages-type":"agency-mini","site-pages-page-builder":"gutenberg","site-pages-category":[],"site-pages-parent-category":{"139":"other"},"required-plugins":[{"slug":"astra-addon","init":"astra-addon\/astra-addon.php","name":"Astra Pro"},{"slug":"ultimate-addons-for-gutenberg","init":"ultimate-addons-for-gutenberg\/ultimate-addons-for-gutenberg.php","name":"Spectra"}]}},"related-bb-template":"","related-elementor-template":"","related-gutenberg-template":"","related_ecommerce_template":"","ecommerce_parent_template":""},"id-85767":{"title":"MultiMed Clinic","id":85767,"publish-date":1706722780,"featured-image-url":"https:\/\/websitedemos.net\/wp-content\/uploads\/2024\/01\/multimed-07.jpg","thumbnail-image-url":"https:\/\/websitedemos.net\/wp-content\/uploads\/2024\/01\/multimed-07-600x2626.jpg","fullpage-thumbnail-image-url":"https:\/\/websitedemos.net\/wp-content\/uploads\/2024\/01\/multimed-07-400x1751.jpg","astra-site-url":"\/\/websitedemos.net\/multimed-07","astra-site-parent-id":3453,"astra-sites-tag":{"337":"clinic","601":"doctor","604":"healthcare","605":"hospital","603":"medical","606":"medical-science","607":"treatment"},"astra-sites-type":"agency-mini","astra-site-category":{"27":"business"},"astra-sites-template-category":{"2867":"doctor","2834":"healthcare","2780":"hospital","2841":"medical-clinic"},"astra-site-page-builder":"gutenberg","categories":{"2490":"healthcare"},"required-plugins":[{"slug":"ultimate-addons-for-gutenberg","init":"ultimate-addons-for-gutenberg\/ultimate-addons-for-gutenberg.php","name":"Spectra"}],"post-status":"publish","post-content":"","post-excerpt":"","pages":{"id-85768":{"title":"About","featured-image-url":"https:\/\/websitedemos.net\/wp-content\/uploads\/2024\/01\/multimed-07-about.jpg","thumbnail-image-url":"https:\/\/websitedemos.net\/wp-content\/uploads\/2024\/01\/multimed-07-about-600x1662.jpg","astra-page-api-url":"https:\/\/websitedemos.net\/multimed-07\/wp-json\/wp\/v2\/pages\/95","dynamic-page":"no","astra-page-url":"\/\/websitedemos.net\/multimed-07\/about\/","astra-sites-tag":{"352":"about"},"site-pages-type":"agency-mini","site-pages-page-builder":"gutenberg","site-pages-category":[],"site-pages-parent-category":{"60":"business"},"required-plugins":[{"slug":"ultimate-addons-for-gutenberg","init":"ultimate-addons-for-gutenberg\/ultimate-addons-for-gutenberg.php","name":"Spectra"}]},"id-85769":{"title":"Contact","featured-image-url":"https:\/\/websitedemos.net\/wp-content\/uploads\/2024\/01\/multimed-07-contact.jpg","thumbnail-image-url":"https:\/\/websitedemos.net\/wp-content\/uploads\/2024\/01\/multimed-07-contact-600x1109.jpg","astra-page-api-url":"https:\/\/websitedemos.net\/multimed-07\/wp-json\/wp\/v2\/pages\/104","dynamic-page":"no","astra-page-url":"\/\/websitedemos.net\/multimed-07\/contact\/","astra-sites-tag":{"415":"contact"},"site-pages-type":"agency-mini","site-pages-page-builder":"gutenberg","site-pages-category":[],"site-pages-parent-category":{"60":"business"},"required-plugins":[{"slug":"ultimate-addons-for-gutenberg","init":"ultimate-addons-for-gutenberg\/ultimate-addons-for-gutenberg.php","name":"Spectra"}]},"id-85770":{"title":"Departments","featured-image-url":"https:\/\/websitedemos.net\/wp-content\/uploads\/2024\/01\/multimed-07-departments.jpg","thumbnail-image-url":"https:\/\/websitedemos.net\/wp-content\/uploads\/2024\/01\/multimed-07-departments-600x1236.jpg","astra-page-api-url":"https:\/\/websitedemos.net\/multimed-07\/wp-json\/wp\/v2\/pages\/97","dynamic-page":"no","astra-page-url":"\/\/websitedemos.net\/multimed-07\/departments\/","astra-sites-tag":{"602":"departments"},"site-pages-type":"agency-mini","site-pages-page-builder":"gutenberg","site-pages-category":[],"site-pages-parent-category":{"60":"business"},"required-plugins":[{"slug":"ultimate-addons-for-gutenberg","init":"ultimate-addons-for-gutenberg\/ultimate-addons-for-gutenberg.php","name":"Spectra"}]},"id-85771":{"title":"Doctors","featured-image-url":"https:\/\/websitedemos.net\/wp-content\/uploads\/2024\/01\/multimed-07-doctors.jpg","thumbnail-image-url":"https:\/\/websitedemos.net\/wp-content\/uploads\/2024\/01\/multimed-07-doctors-600x1162.jpg","astra-page-api-url":"https:\/\/websitedemos.net\/multimed-07\/wp-json\/wp\/v2\/pages\/99","dynamic-page":"no","astra-page-url":"\/\/websitedemos.net\/multimed-07\/doctor\/","astra-sites-tag":{"3341":"doctors"},"site-pages-type":"agency-mini","site-pages-page-builder":"gutenberg","site-pages-category":[],"site-pages-parent-category":{"60":"business"},"required-plugins":[{"slug":"ultimate-addons-for-gutenberg","init":"ultimate-addons-for-gutenberg\/ultimate-addons-for-gutenberg.php","name":"Spectra"}]},"id-85772":{"title":"Home","featured-image-url":"https:\/\/websitedemos.net\/wp-content\/uploads\/2024\/01\/multimed-07.jpg","thumbnail-image-url":"https:\/\/websitedemos.net\/wp-content\/uploads\/2024\/01\/multimed-07-600x2626.jpg","astra-page-api-url":"https:\/\/websitedemos.net\/multimed-07\/wp-json\/wp\/v2\/pages\/92","dynamic-page":"no","astra-page-url":"\/\/websitedemos.net\/multimed-07\/","astra-sites-tag":{"423":"home"},"site-pages-type":"agency-mini","site-pages-page-builder":"gutenberg","site-pages-category":[],"site-pages-parent-category":{"60":"business"},"required-plugins":[{"slug":"ultimate-addons-for-gutenberg","init":"ultimate-addons-for-gutenberg\/ultimate-addons-for-gutenberg.php","name":"Spectra"}]},"id-85773":{"title":"Testimonials","featured-image-url":"https:\/\/websitedemos.net\/wp-content\/uploads\/2024\/01\/multimed-07-testimonials.jpg","thumbnail-image-url":"https:\/\/websitedemos.net\/wp-content\/uploads\/2024\/01\/multimed-07-testimonials-600x1258.jpg","astra-page-api-url":"https:\/\/websitedemos.net\/multimed-07\/wp-json\/wp\/v2\/pages\/102","dynamic-page":"no","astra-page-url":"\/\/websitedemos.net\/multimed-07\/testimonials\/","astra-sites-tag":{"433":"testimonials"},"site-pages-type":"agency-mini","site-pages-page-builder":"gutenberg","site-pages-category":[],"site-pages-parent-category":{"60":"business"},"required-plugins":[{"slug":"ultimate-addons-for-gutenberg","init":"ultimate-addons-for-gutenberg\/ultimate-addons-for-gutenberg.php","name":"Spectra"}]}},"related-bb-template":"","related-elementor-template":"","related-gutenberg-template":"","related_ecommerce_template":"","ecommerce_parent_template":""},"id-85629":{"title":"Business Blog","id":85629,"publish-date":1706708561,"featured-image-url":"https:\/\/websitedemos.net\/wp-content\/uploads\/2024\/01\/business-blog-07.jpg","thumbnail-image-url":"https:\/\/websitedemos.net\/wp-content\/uploads\/2024\/01\/business-blog-07-600x2960.jpg","fullpage-thumbnail-image-url":"https:\/\/websitedemos.net\/wp-content\/uploads\/2024\/01\/business-blog-07-400x1973.jpg","astra-site-url":"\/\/websitedemos.net\/business-blog-07","astra-site-parent-id":3442,"astra-sites-tag":{"480":"blog","2275":"business-blog","2277":"business-magazine","2276":"business-news","2273":"editorial","2274":"magazine","2271":"news","2272":"publishing","2278":"publishing-house"},"astra-sites-type":"agency-mini","astra-site-category":{"37":"blog"},"astra-sites-template-category":{"2828":"blog","2777":"business","2774":"magazine","2859":"news"},"astra-site-page-builder":"gutenberg","categories":{"2497":"blog","3435":"business"},"required-plugins":[{"slug":"ultimate-addons-for-gutenberg","init":"ultimate-addons-for-gutenberg\/ultimate-addons-for-gutenberg.php","name":"Spectra"}],"post-status":"publish","post-content":"","post-excerpt":"","pages":{"id-85633":{"title":"Interactive Sessions","featured-image-url":"https:\/\/websitedemos.net\/wp-content\/uploads\/2024\/01\/business-blog-07-interactive-sessions.jpg","thumbnail-image-url":"https:\/\/websitedemos.net\/wp-content\/uploads\/2024\/01\/business-blog-07-interactive-sessions-600x1008.jpg","astra-page-api-url":"https:\/\/websitedemos.net\/business-blog-07\/wp-json\/wp\/v2\/pages\/1325","dynamic-page":"no","astra-page-url":"\/\/websitedemos.net\/business-blog-07\/interactive-sessions\/","astra-sites-tag":{"2342":"interactive-session"},"site-pages-type":"agency-mini","site-pages-page-builder":"gutenberg","site-pages-category":[],"site-pages-parent-category":{"74":"blog"},"required-plugins":[{"slug":"ultimate-addons-for-gutenberg","init":"ultimate-addons-for-gutenberg\/ultimate-addons-for-gutenberg.php","name":"Spectra"}]},"id-85630":{"title":"About","featured-image-url":"https:\/\/websitedemos.net\/wp-content\/uploads\/2024\/01\/business-blog-07-about-us.jpg","thumbnail-image-url":"https:\/\/websitedemos.net\/wp-content\/uploads\/2024\/01\/business-blog-07-about-us-600x1122.jpg","astra-page-api-url":"https:\/\/websitedemos.net\/business-blog-07\/wp-json\/wp\/v2\/pages\/1345","dynamic-page":"no","astra-page-url":"\/\/websitedemos.net\/business-blog-07\/about\/","astra-sites-tag":{"352":"about"},"site-pages-type":"agency-mini","site-pages-page-builder":"gutenberg","site-pages-category":[],"site-pages-parent-category":{"74":"blog"},"required-plugins":[{"slug":"ultimate-addons-for-gutenberg","init":"ultimate-addons-for-gutenberg\/ultimate-addons-for-gutenberg.php","name":"Spectra"}]},"id-85631":{"title":"Contact Us","featured-image-url":"https:\/\/websitedemos.net\/wp-content\/uploads\/2024\/01\/business-blog-07-contact-us.jpg","thumbnail-image-url":"https:\/\/websitedemos.net\/wp-content\/uploads\/2024\/01\/business-blog-07-contact-us-600x791.jpg","astra-page-api-url":"https:\/\/websitedemos.net\/business-blog-07\/wp-json\/wp\/v2\/pages\/1347","dynamic-page":"no","astra-page-url":"\/\/websitedemos.net\/business-blog-07\/contact-us\/","astra-sites-tag":{"415":"contact"},"site-pages-type":"agency-mini","site-pages-page-builder":"gutenberg","site-pages-category":[],"site-pages-parent-category":{"74":"blog"},"required-plugins":[{"slug":"ultimate-addons-for-gutenberg","init":"ultimate-addons-for-gutenberg\/ultimate-addons-for-gutenberg.php","name":"Spectra"}]},"id-85632":{"title":"Home","featured-image-url":"https:\/\/websitedemos.net\/wp-content\/uploads\/2024\/01\/business-blog-07.jpg","thumbnail-image-url":"https:\/\/websitedemos.net\/wp-content\/uploads\/2024\/01\/business-blog-07-600x2960.jpg","astra-page-api-url":"https:\/\/websitedemos.net\/business-blog-07\/wp-json\/wp\/v2\/pages\/1324","dynamic-page":"yes","astra-page-url":"\/\/websitedemos.net\/business-blog-07\/","astra-sites-tag":{"423":"home"},"site-pages-type":"agency-mini","site-pages-page-builder":"gutenberg","site-pages-category":[],"site-pages-parent-category":{"74":"blog"},"required-plugins":[{"slug":"ultimate-addons-for-gutenberg","init":"ultimate-addons-for-gutenberg\/ultimate-addons-for-gutenberg.php","name":"Spectra"}]}},"related-bb-template":"","related-elementor-template":"","related-gutenberg-template":"","related_ecommerce_template":"","ecommerce_parent_template":""},"id-85939":{"title":"BBQ Food Truck","id":85939,"publish-date":1706902955,"featured-image-url":"https:\/\/websitedemos.net\/wp-content\/uploads\/2024\/02\/bbq-food-truck-07.jpg","thumbnail-image-url":"https:\/\/websitedemos.net\/wp-content\/uploads\/2024\/02\/bbq-food-truck-07-600x2936.jpg","fullpage-thumbnail-image-url":"https:\/\/websitedemos.net\/wp-content\/uploads\/2024\/02\/bbq-food-truck-07-400x1957.jpg","astra-site-url":"\/\/websitedemos.net\/bbq-food-truck-07","astra-site-parent-id":3462,"astra-sites-tag":{"1808":"food-truck","1810":"ice-cream-truck-2","1809":"ice-cream-truck"},"astra-sites-type":"agency-mini","astra-site-category":{"27":"business"},"astra-sites-template-category":{"2777":"business","2785":"food","2876":"food-ordering","2771":"one-page","2776":"restaurant"},"astra-site-page-builder":"gutenberg","categories":{"3430":"dark","2927":"one-page","2496":"restaurant-food"},"required-plugins":[{"slug":"ultimate-addons-for-gutenberg","init":"ultimate-addons-for-gutenberg\/ultimate-addons-for-gutenberg.php","name":"Spectra"}],"post-status":"publish","post-content":"","post-excerpt":"","pages":{"id-85940":{"title":"Home","featured-image-url":"https:\/\/websitedemos.net\/wp-content\/uploads\/2024\/02\/bbq-food-truck-07.jpg","thumbnail-image-url":"https:\/\/websitedemos.net\/wp-content\/uploads\/2024\/02\/bbq-food-truck-07-600x2936.jpg","astra-page-api-url":"https:\/\/websitedemos.net\/bbq-food-truck-07\/wp-json\/wp\/v2\/pages\/2","dynamic-page":"no","astra-page-url":"\/\/websitedemos.net\/bbq-food-truck-07\/","astra-sites-tag":{"423":"home"},"site-pages-type":"agency-mini","site-pages-page-builder":"gutenberg","site-pages-category":[],"site-pages-parent-category":{"60":"business"},"required-plugins":[{"slug":"ultimate-addons-for-gutenberg","init":"ultimate-addons-for-gutenberg\/ultimate-addons-for-gutenberg.php","name":"Spectra"}]}},"related-bb-template":"","related-elementor-template":"","related-gutenberg-template":"","related_ecommerce_template":"","ecommerce_parent_template":""},"id-85695":{"title":"Travel Agency","id":85695,"publish-date":1706641927,"featured-image-url":"https:\/\/websitedemos.net\/wp-content\/uploads\/2024\/01\/tourism-07.jpg","thumbnail-image-url":"https:\/\/websitedemos.net\/wp-content\/uploads\/2024\/01\/tourism-07-600x2185.jpg","fullpage-thumbnail-image-url":"https:\/\/websitedemos.net\/wp-content\/uploads\/2024\/01\/tourism-07-400x1456.jpg","astra-site-url":"\/\/websitedemos.net\/tourism-07","astra-site-parent-id":3445,"astra-sites-tag":{"979":"company","812":"office","430":"tourism","431":"tours-travels","427":"travel","428":"travel-agency"},"astra-sites-type":"agency-mini","astra-site-category":{"27":"business"},"astra-sites-template-category":{"2777":"business","2831":"service","2775":"travel-tourism"},"astra-site-page-builder":"gutenberg","categories":{"2487":"agency","2498":"hotel-travel"},"required-plugins":[{"slug":"ultimate-addons-for-gutenberg","init":"ultimate-addons-for-gutenberg\/ultimate-addons-for-gutenberg.php","name":"Spectra"}],"post-status":"publish","post-content":"","post-excerpt":"","pages":{"id-85698":{"title":"Home","featured-image-url":"https:\/\/websitedemos.net\/wp-content\/uploads\/2024\/01\/tourism-07.jpg","thumbnail-image-url":"https:\/\/websitedemos.net\/wp-content\/uploads\/2024\/01\/tourism-07-600x2185.jpg","astra-page-api-url":"https:\/\/websitedemos.net\/tourism-07\/wp-json\/wp\/v2\/pages\/592","dynamic-page":"no","astra-page-url":"\/\/websitedemos.net\/tourism-07\/","astra-sites-tag":{"423":"home"},"site-pages-type":"agency-mini","site-pages-page-builder":"gutenberg","site-pages-category":[],"site-pages-parent-category":{"60":"business"},"required-plugins":[{"slug":"ultimate-addons-for-gutenberg","init":"ultimate-addons-for-gutenberg\/ultimate-addons-for-gutenberg.php","name":"Spectra"}]},"id-85699":{"title":"Reviews","featured-image-url":"https:\/\/websitedemos.net\/wp-content\/uploads\/2024\/01\/tourism-07-reviews.jpg","thumbnail-image-url":"https:\/\/websitedemos.net\/wp-content\/uploads\/2024\/01\/tourism-07-reviews-600x795.jpg","astra-page-api-url":"https:\/\/websitedemos.net\/tourism-07\/wp-json\/wp\/v2\/pages\/595","dynamic-page":"no","astra-page-url":"\/\/websitedemos.net\/tourism-07\/reviews\/","astra-sites-tag":{"1615":"reviews"},"site-pages-type":"agency-mini","site-pages-page-builder":"gutenberg","site-pages-category":[],"site-pages-parent-category":{"60":"business"},"required-plugins":[{"slug":"ultimate-addons-for-gutenberg","init":"ultimate-addons-for-gutenberg\/ultimate-addons-for-gutenberg.php","name":"Spectra"}]},"id-85696":{"title":"About us","featured-image-url":"https:\/\/websitedemos.net\/wp-content\/uploads\/2024\/01\/tourism-07-about-us.jpg","thumbnail-image-url":"https:\/\/websitedemos.net\/wp-content\/uploads\/2024\/01\/tourism-07-about-us-600x1224.jpg","astra-page-api-url":"https:\/\/websitedemos.net\/tourism-07\/wp-json\/wp\/v2\/pages\/593","dynamic-page":"no","astra-page-url":"\/\/websitedemos.net\/tourism-07\/about-us\/","astra-sites-tag":{"352":"about"},"site-pages-type":"agency-mini","site-pages-page-builder":"gutenberg","site-pages-category":[],"site-pages-parent-category":{"60":"business"},"required-plugins":[{"slug":"ultimate-addons-for-gutenberg","init":"ultimate-addons-for-gutenberg\/ultimate-addons-for-gutenberg.php","name":"Spectra"}]},"id-85697":{"title":"Contact","featured-image-url":"https:\/\/websitedemos.net\/wp-content\/uploads\/2024\/01\/tourism-07-contact.jpg","thumbnail-image-url":"https:\/\/websitedemos.net\/wp-content\/uploads\/2024\/01\/tourism-07-contact-600x797.jpg","astra-page-api-url":"https:\/\/websitedemos.net\/tourism-07\/wp-json\/wp\/v2\/pages\/596","dynamic-page":"no","astra-page-url":"\/\/websitedemos.net\/tourism-07\/contact\/","astra-sites-tag":{"415":"contact"},"site-pages-type":"agency-mini","site-pages-page-builder":"gutenberg","site-pages-category":[],"site-pages-parent-category":{"60":"business"},"required-plugins":[{"slug":"ultimate-addons-for-gutenberg","init":"ultimate-addons-for-gutenberg\/ultimate-addons-for-gutenberg.php","name":"Spectra"}]},"id-85700":{"title":"Tours","featured-image-url":"https:\/\/websitedemos.net\/wp-content\/uploads\/2024\/01\/tourism-07-tours.jpg","thumbnail-image-url":"https:\/\/websitedemos.net\/wp-content\/uploads\/2024\/01\/tourism-07-tours-600x1333.jpg","astra-page-api-url":"https:\/\/websitedemos.net\/tourism-07\/wp-json\/wp\/v2\/pages\/594","dynamic-page":"no","astra-page-url":"\/\/websitedemos.net\/tourism-07\/tours\/","astra-sites-tag":{"3346":"tours"},"site-pages-type":"agency-mini","site-pages-page-builder":"gutenberg","site-pages-category":[],"site-pages-parent-category":{"60":"business"},"required-plugins":[{"slug":"ultimate-addons-for-gutenberg","init":"ultimate-addons-for-gutenberg\/ultimate-addons-for-gutenberg.php","name":"Spectra"}]}},"related-bb-template":"","related-elementor-template":"","related-gutenberg-template":"","related_ecommerce_template":"","ecommerce_parent_template":""},"id-85677":{"title":"Tech News","id":85677,"publish-date":1706638617,"featured-image-url":"https:\/\/websitedemos.net\/wp-content\/uploads\/2024\/01\/tech-news-07.jpg","thumbnail-image-url":"https:\/\/websitedemos.net\/wp-content\/uploads\/2024\/01\/tech-news-07-600x2795.jpg","fullpage-thumbnail-image-url":"https:\/\/websitedemos.net\/wp-content\/uploads\/2024\/01\/tech-news-07-400x1863.jpg","astra-site-url":"\/\/websitedemos.net\/tech-news-07","astra-site-parent-id":3444,"astra-sites-tag":{"480":"blog","2275":"business-blog","2277":"business-magazine","2276":"business-news","2273":"editorial","2274":"magazine","2271":"news","2272":"publishing","2278":"publishing-house"},"astra-sites-type":"agency-mini","astra-site-category":{"37":"blog"},"astra-sites-template-category":{"2828":"blog","2774":"magazine","2859":"news"},"astra-site-page-builder":"gutenberg","categories":{"2497":"blog","2499":"technology"},"required-plugins":[{"slug":"ultimate-addons-for-gutenberg","init":"ultimate-addons-for-gutenberg\/ultimate-addons-for-gutenberg.php","name":"Spectra"}],"post-status":"publish","post-content":"","post-excerpt":"","pages":{"id-85678":{"title":"About","featured-image-url":"https:\/\/websitedemos.net\/wp-content\/uploads\/2024\/01\/tech-news-07-about.jpg","thumbnail-image-url":"https:\/\/websitedemos.net\/wp-content\/uploads\/2024\/01\/tech-news-07-about-600x1563.jpg","astra-page-api-url":"https:\/\/websitedemos.net\/tech-news-07\/wp-json\/wp\/v2\/pages\/1228","dynamic-page":"no","astra-page-url":"\/\/websitedemos.net\/tech-news-07\/about\/","astra-sites-tag":{"352":"about"},"site-pages-type":"agency-mini","site-pages-page-builder":"gutenberg","site-pages-category":[],"site-pages-parent-category":{"74":"blog"},"required-plugins":[{"slug":"ultimate-addons-for-gutenberg","init":"ultimate-addons-for-gutenberg\/ultimate-addons-for-gutenberg.php","name":"Spectra"}]},"id-85679":{"title":"Contact","featured-image-url":"https:\/\/websitedemos.net\/wp-content\/uploads\/2024\/01\/tech-news-07-contact.jpg","thumbnail-image-url":"https:\/\/websitedemos.net\/wp-content\/uploads\/2024\/01\/tech-news-07-contact-600x698.jpg","astra-page-api-url":"https:\/\/websitedemos.net\/tech-news-07\/wp-json\/wp\/v2\/pages\/1226","dynamic-page":"no","astra-page-url":"\/\/websitedemos.net\/tech-news-07\/contact\/","astra-sites-tag":{"415":"contact"},"site-pages-type":"agency-mini","site-pages-page-builder":"gutenberg","site-pages-category":[],"site-pages-parent-category":{"74":"blog"},"required-plugins":[{"slug":"ultimate-addons-for-gutenberg","init":"ultimate-addons-for-gutenberg\/ultimate-addons-for-gutenberg.php","name":"Spectra"}]},"id-85680":{"title":"Home","featured-image-url":"https:\/\/websitedemos.net\/wp-content\/uploads\/2024\/01\/tech-news-07.jpg","thumbnail-image-url":"https:\/\/websitedemos.net\/wp-content\/uploads\/2024\/01\/tech-news-07-600x2795.jpg","astra-page-api-url":"https:\/\/websitedemos.net\/tech-news-07\/wp-json\/wp\/v2\/pages\/1227","dynamic-page":"no","astra-page-url":"\/\/websitedemos.net\/tech-news-07\/","astra-sites-tag":{"423":"home"},"site-pages-type":"agency-mini","site-pages-page-builder":"gutenberg","site-pages-category":[],"site-pages-parent-category":{"74":"blog"},"required-plugins":[{"slug":"ultimate-addons-for-gutenberg","init":"ultimate-addons-for-gutenberg\/ultimate-addons-for-gutenberg.php","name":"Spectra"}]},"id-85681":{"title":"Podcast","featured-image-url":"https:\/\/websitedemos.net\/wp-content\/uploads\/2024\/01\/tech-news-07-podcast.jpg","thumbnail-image-url":"https:\/\/websitedemos.net\/wp-content\/uploads\/2024\/01\/tech-news-07-podcast-600x1168.jpg","astra-page-api-url":"https:\/\/websitedemos.net\/tech-news-07\/wp-json\/wp\/v2\/pages\/1229","dynamic-page":"no","astra-page-url":"\/\/websitedemos.net\/tech-news-07\/podcast\/","astra-sites-tag":{"3454":"podcast"},"site-pages-type":"agency-mini","site-pages-page-builder":"gutenberg","site-pages-category":[],"site-pages-parent-category":{"74":"blog"},"required-plugins":[{"slug":"ultimate-addons-for-gutenberg","init":"ultimate-addons-for-gutenberg\/ultimate-addons-for-gutenberg.php","name":"Spectra"}]}},"related-bb-template":"","related-elementor-template":"","related-gutenberg-template":"","related_ecommerce_template":"","ecommerce_parent_template":""},"id-85655":{"title":"Black Friday Sale","id":85655,"publish-date":1706633405,"featured-image-url":"https:\/\/websitedemos.net\/wp-content\/uploads\/2024\/01\/black-friday-sale-07.jpg","thumbnail-image-url":"https:\/\/websitedemos.net\/wp-content\/uploads\/2024\/01\/black-friday-sale-07-600x2978.jpg","fullpage-thumbnail-image-url":"https:\/\/websitedemos.net\/wp-content\/uploads\/2024\/01\/black-friday-sale-07-400x1985.jpg","astra-site-url":"\/\/websitedemos.net\/black-friday-sale-07","astra-site-parent-id":3443,"astra-sites-tag":{"2355":"author-book-store","2994":"black-friday-sales-landing","2991":"black-friday","2992":"blackfriday","496":"ecommerce","1817":"ecommerce-store","2387":"fashion-store","2389":"online-fashion-store","383":"online-store","2993":"sales-landing"},"astra-sites-type":"agency-mini","astra-site-category":{"36":"other"},"astra-sites-template-category":{"2769":"ecommerce","2858":"fashion-clothing","2863":"landing-page","2771":"one-page","2857":"online-shopping"},"astra-site-page-builder":"gutenberg","categories":{"3430":"dark","2927":"one-page"},"required-plugins":[{"slug":"ultimate-addons-for-gutenberg","init":"ultimate-addons-for-gutenberg\/ultimate-addons-for-gutenberg.php","name":"Spectra"},{"slug":"astra-addon","init":"astra-addon\/astra-addon.php","name":"Astra Pro"}],"post-status":"publish","post-content":"","post-excerpt":"","pages":{"id-85656":{"title":"Black Friday Sale Landing Page","featured-image-url":"https:\/\/websitedemos.net\/wp-content\/uploads\/2024\/01\/black-friday-sale-07.jpg","thumbnail-image-url":"https:\/\/websitedemos.net\/wp-content\/uploads\/2024\/01\/black-friday-sale-07-600x2978.jpg","astra-page-api-url":"https:\/\/websitedemos.net\/black-friday-sale-07\/wp-json\/wp\/v2\/pages\/860","dynamic-page":"no","astra-page-url":"\/\/websitedemos.net\/black-friday-sale-07\/","astra-sites-tag":{"850":"landing-page"},"site-pages-type":"agency-mini","site-pages-page-builder":"gutenberg","site-pages-category":[],"site-pages-parent-category":{"139":"other"},"required-plugins":[{"slug":"astra-addon","init":"astra-addon\/astra-addon.php","name":"Astra Pro"},{"slug":"ultimate-addons-for-gutenberg","init":"ultimate-addons-for-gutenberg\/ultimate-addons-for-gutenberg.php","name":"Spectra"}]}},"related-bb-template":"","related-elementor-template":"","related-gutenberg-template":"","related_ecommerce_template":"","ecommerce_parent_template":""},"id-85763":{"title":"AppPlus","id":85763,"publish-date":1706628678,"featured-image-url":"https:\/\/websitedemos.net\/wp-content\/uploads\/2024\/01\/app-landing-page-07.jpg","thumbnail-image-url":"https:\/\/websitedemos.net\/wp-content\/uploads\/2024\/01\/app-landing-page-07-600x3370.jpg","fullpage-thumbnail-image-url":"https:\/\/websitedemos.net\/wp-content\/uploads\/2024\/01\/app-landing-page-07-400x2247.jpg","astra-site-url":"\/\/websitedemos.net\/app-landing-page-07","astra-site-parent-id":3452,"astra-sites-tag":{"1583":"app-landing-page","423":"home","850":"landing-page","629":"product-landing-page"},"astra-sites-type":"agency-mini","astra-site-category":{"27":"business"},"astra-sites-template-category":{"2777":"business","2863":"landing-page","2881":"mobile-app","2771":"one-page"},"astra-site-page-builder":"gutenberg","categories":{"2927":"one-page","2499":"technology"},"required-plugins":[{"slug":"ultimate-addons-for-gutenberg","init":"ultimate-addons-for-gutenberg\/ultimate-addons-for-gutenberg.php","name":"Spectra"}],"post-status":"publish","post-content":"","post-excerpt":"","pages":{"id-85764":{"title":"Landing Page","featured-image-url":"https:\/\/websitedemos.net\/wp-content\/uploads\/2024\/01\/app-landing-page-07.jpg","thumbnail-image-url":"https:\/\/websitedemos.net\/wp-content\/uploads\/2024\/01\/app-landing-page-07-600x3370.jpg","astra-page-api-url":"https:\/\/websitedemos.net\/app-landing-page-07\/wp-json\/wp\/v2\/pages\/268","dynamic-page":"no","astra-page-url":"\/\/websitedemos.net\/app-landing-page-07\/","astra-sites-tag":{"850":"landing-page"},"site-pages-type":"agency-mini","site-pages-page-builder":"gutenberg","site-pages-category":[],"site-pages-parent-category":{"60":"business"},"required-plugins":[{"slug":"ultimate-addons-for-gutenberg","init":"ultimate-addons-for-gutenberg\/ultimate-addons-for-gutenberg.php","name":"Spectra"}]}},"related-bb-template":"","related-elementor-template":"","related-gutenberg-template":"","related_ecommerce_template":"","ecommerce_parent_template":""},"id-85621":{"title":"Coffee Shop","id":85621,"publish-date":1706626568,"featured-image-url":"https:\/\/websitedemos.net\/wp-content\/uploads\/2024\/01\/coffee-shop-07.jpg","thumbnail-image-url":"https:\/\/websitedemos.net\/wp-content\/uploads\/2024\/01\/coffee-shop-07-600x2281.jpg","fullpage-thumbnail-image-url":"https:\/\/websitedemos.net\/wp-content\/uploads\/2024\/01\/coffee-shop-07-400x1520.jpg","astra-site-url":"\/\/websitedemos.net\/coffee-shop-07","astra-site-parent-id":3441,"astra-sites-tag":{"693":"cafe","2042":"cafe-bar","1527":"cafeteria","2043":"coffee-house","1575":"coffee-shop","399":"one-page","2421":"purchases","2417":"reseller","335":"restaurant","2041":"snack-bar"},"astra-sites-type":"agency-mini","astra-site-category":{"27":"business"},"astra-sites-template-category":{"2777":"business","2785":"food","2776":"restaurant"},"astra-site-page-builder":"gutenberg","categories":{"2496":"restaurant-food"},"required-plugins":[{"slug":"ultimate-addons-for-gutenberg","init":"ultimate-addons-for-gutenberg\/ultimate-addons-for-gutenberg.php","name":"Spectra"}],"post-status":"publish","post-content":"","post-excerpt":"","pages":{"id-85622":{"title":"About","featured-image-url":"https:\/\/websitedemos.net\/wp-content\/uploads\/2024\/01\/coffee-shop-07-about.jpg","thumbnail-image-url":"https:\/\/websitedemos.net\/wp-content\/uploads\/2024\/01\/coffee-shop-07-about-600x1362.jpg","astra-page-api-url":"https:\/\/websitedemos.net\/coffee-shop-07\/wp-json\/wp\/v2\/pages\/599","dynamic-page":"no","astra-page-url":"\/\/websitedemos.net\/coffee-shop-07\/about\/","astra-sites-tag":{"352":"about"},"site-pages-type":"agency-mini","site-pages-page-builder":"gutenberg","site-pages-category":[],"site-pages-parent-category":{"60":"business"},"required-plugins":[{"slug":"ultimate-addons-for-gutenberg","init":"ultimate-addons-for-gutenberg\/ultimate-addons-for-gutenberg.php","name":"Spectra"}]},"id-85623":{"title":"Contact","featured-image-url":"https:\/\/websitedemos.net\/wp-content\/uploads\/2024\/01\/coffee-shop-07-contact.jpg","thumbnail-image-url":"https:\/\/websitedemos.net\/wp-content\/uploads\/2024\/01\/coffee-shop-07-contact-600x819.jpg","astra-page-api-url":"https:\/\/websitedemos.net\/coffee-shop-07\/wp-json\/wp\/v2\/pages\/601","dynamic-page":"no","astra-page-url":"\/\/websitedemos.net\/coffee-shop-07\/contact\/","astra-sites-tag":{"415":"contact"},"site-pages-type":"agency-mini","site-pages-page-builder":"gutenberg","site-pages-category":[],"site-pages-parent-category":{"60":"business"},"required-plugins":[{"slug":"ultimate-addons-for-gutenberg","init":"ultimate-addons-for-gutenberg\/ultimate-addons-for-gutenberg.php","name":"Spectra"}]},"id-85624":{"title":"Gallery","featured-image-url":"https:\/\/websitedemos.net\/wp-content\/uploads\/2024\/01\/coffee-shop-07-gallery.jpg","thumbnail-image-url":"https:\/\/websitedemos.net\/wp-content\/uploads\/2024\/01\/coffee-shop-07-gallery-600x987.jpg","astra-page-api-url":"https:\/\/websitedemos.net\/coffee-shop-07\/wp-json\/wp\/v2\/pages\/600","dynamic-page":"no","astra-page-url":"\/\/websitedemos.net\/coffee-shop-07\/gallery\/","astra-sites-tag":{"461":"gallery"},"site-pages-type":"agency-mini","site-pages-page-builder":"gutenberg","site-pages-category":[],"site-pages-parent-category":{"60":"business"},"required-plugins":[{"slug":"ultimate-addons-for-gutenberg","init":"ultimate-addons-for-gutenberg\/ultimate-addons-for-gutenberg.php","name":"Spectra"}]},"id-85626":{"title":"Our Menu","featured-image-url":"https:\/\/websitedemos.net\/wp-content\/uploads\/2024\/01\/coffee-shop-07-our-menu.jpg","thumbnail-image-url":"https:\/\/websitedemos.net\/wp-content\/uploads\/2024\/01\/coffee-shop-07-our-menu-600x1167.jpg","astra-page-api-url":"https:\/\/websitedemos.net\/coffee-shop-07\/wp-json\/wp\/v2\/pages\/598","dynamic-page":"no","astra-page-url":"\/\/websitedemos.net\/coffee-shop-07\/our-menu\/","astra-sites-tag":{"1578":"our-menu"},"site-pages-type":"agency-mini","site-pages-page-builder":"gutenberg","site-pages-category":[],"site-pages-parent-category":{"60":"business"},"required-plugins":[{"slug":"ultimate-addons-for-gutenberg","init":"ultimate-addons-for-gutenberg\/ultimate-addons-for-gutenberg.php","name":"Spectra"}]},"id-85625":{"title":"Home","featured-image-url":"https:\/\/websitedemos.net\/wp-content\/uploads\/2024\/01\/coffee-shop-07.jpg","thumbnail-image-url":"https:\/\/websitedemos.net\/wp-content\/uploads\/2024\/01\/coffee-shop-07-600x2281.jpg","astra-page-api-url":"https:\/\/websitedemos.net\/coffee-shop-07\/wp-json\/wp\/v2\/pages\/597","dynamic-page":"no","astra-page-url":"\/\/websitedemos.net\/coffee-shop-07\/","astra-sites-tag":{"423":"home"},"site-pages-type":"agency-mini","site-pages-page-builder":"gutenberg","site-pages-category":[],"site-pages-parent-category":{"60":"business"},"required-plugins":[{"slug":"ultimate-addons-for-gutenberg","init":"ultimate-addons-for-gutenberg\/ultimate-addons-for-gutenberg.php","name":"Spectra"}]}},"related-bb-template":"","related-elementor-template":"","related-gutenberg-template":"","related_ecommerce_template":"","ecommerce_parent_template":""}}