{"id-17504":{"title":"Co-Working Space","id":17504,"publish-date":1505739194,"featured-image-url":"https:\/\/websitedemos.net\/wp-content\/uploads\/2019\/07\/co-working-space-02-home.jpg","thumbnail-image-url":"https:\/\/websitedemos.net\/wp-content\/uploads\/2019\/07\/co-working-space-02-home.jpg","fullpage-thumbnail-image-url":"https:\/\/websitedemos.net\/wp-content\/uploads\/2019\/07\/co-working-space-02-home.jpg","astra-site-url":"\/\/websitedemos.net\/co-working-space-02","astra-site-parent-id":215,"astra-sites-tag":{"692":"business","693":"cafe","694":"co-working-place","695":"collaboration","979":"company","3416":"elementor","812":"office","691":"work-place"},"astra-sites-type":"free","astra-site-category":{"27":"business","39":"free"},"astra-sites-template-category":{"2777":"business"},"astra-site-page-builder":"elementor","categories":{"2487":"agency","3427":"default","3428":"free"},"required-plugins":[{"slug":"astra-widgets","init":"astra-widgets\/astra-widgets.php","name":"Astra Widgets"},{"slug":"elementor","init":"elementor\/elementor.php","name":"Elementor"},{"slug":"wpforms-lite","init":"wpforms-lite\/wpforms.php","name":"WPForms Lite"}],"post-status":"publish","post-content":"<!-- wp:paragraph -->\n<p>The Co-Working Space template provides all the ingredients you need to build an engaging business website. While configured for a coworking space, it could easily be personalized to suit any organization.<\/p>\n<!-- \/wp:paragraph -->\n\n<!-- wp:paragraph -->\n<p>The use of modern fonts, clean colors and whitespace throughout keeps the design accessible and engaging. You have lots of options for adding or removing page features and pages thanks to full compatibility with page builders.<\/p>\n<!-- \/wp:paragraph -->\n\n<!-- wp:heading {\"UAGDay\":[]} -->\n<h2 class=\"wp-block-heading\">Key features of the Co-Working Space template<\/h2>\n<!-- \/wp:heading -->\n\n<!-- wp:list -->\n<ul><!-- wp:list-item -->\n<li>Clean, modern business template ideal for any niche<\/li>\n<!-- \/wp:list-item -->\n\n<!-- wp:list-item -->\n<li>Great use of imagery and layout<\/li>\n<!-- \/wp:list-item -->\n\n<!-- wp:list-item -->\n<li>Includes essential content areas and pages<\/li>\n<!-- \/wp:list-item -->\n\n<!-- wp:list-item -->\n<li>Attractive contact page with form<\/li>\n<!-- \/wp:list-item -->\n\n<!-- wp:list-item -->\n<li>Designed to be quickly customizable<\/li>\n<!-- \/wp:list-item -->\n\n<!-- wp:list-item -->\n<li>Full compatibility with drag and drop page builders<\/li>\n<!-- \/wp:list-item --><\/ul>\n<!-- \/wp:list -->","post-excerpt":"Light and modern business template designed for real estate businesses or coworking spaces","pages":{"id-24320":{"title":"Home","featured-image-url":"https:\/\/websitedemos.net\/wp-content\/uploads\/2019\/07\/co-working-space-02-home.jpg","thumbnail-image-url":"https:\/\/websitedemos.net\/wp-content\/uploads\/2019\/07\/co-working-space-02-home.jpg","astra-page-api-url":"https:\/\/websitedemos.net\/co-working-space-02\/wp-json\/wp\/v2\/pages\/2","dynamic-page":"no","astra-page-url":"\/\/websitedemos.net\/co-working-space-02\/","astra-sites-tag":{"423":"home"},"site-pages-type":"free","site-pages-page-builder":"elementor","site-pages-category":[],"site-pages-parent-category":{"60":"business","61":"free"},"required-plugins":[{"slug":"astra-widgets","init":"astra-widgets\/astra-widgets.php","name":"Astra Widgets"},{"slug":"elementor","init":"elementor\/elementor.php","name":"Elementor"}]},"id-24316":{"title":"About Us","featured-image-url":"https:\/\/websitedemos.net\/wp-content\/uploads\/2019\/07\/co-working-about-page.jpg","thumbnail-image-url":"https:\/\/websitedemos.net\/wp-content\/uploads\/2019\/07\/co-working-about-page.jpg","astra-page-api-url":"https:\/\/websitedemos.net\/co-working-space-02\/wp-json\/wp\/v2\/pages\/8","dynamic-page":"no","astra-page-url":"\/\/websitedemos.net\/co-working-space-02\/about-us\/","astra-sites-tag":{"352":"about"},"site-pages-type":"free","site-pages-page-builder":"elementor","site-pages-category":[],"site-pages-parent-category":{"60":"business","61":"free"},"required-plugins":[{"slug":"astra-widgets","init":"astra-widgets\/astra-widgets.php","name":"Astra Widgets"},{"slug":"elementor","init":"elementor\/elementor.php","name":"Elementor"}]},"id-24317":{"title":"Amenities","featured-image-url":"https:\/\/websitedemos.net\/wp-content\/uploads\/2019\/07\/co-working-space-02-aminities.jpg","thumbnail-image-url":"https:\/\/websitedemos.net\/wp-content\/uploads\/2019\/07\/co-working-space-02-aminities.jpg","astra-page-api-url":"https:\/\/websitedemos.net\/co-working-space-02\/wp-json\/wp\/v2\/pages\/12","dynamic-page":"no","astra-page-url":"\/\/websitedemos.net\/co-working-space-02\/amenities\/","astra-sites-tag":{"777":"amenities"},"site-pages-type":"free","site-pages-page-builder":"elementor","site-pages-category":[],"site-pages-parent-category":{"60":"business","61":"free"},"required-plugins":[{"slug":"astra-widgets","init":"astra-widgets\/astra-widgets.php","name":"Astra Widgets"},{"slug":"elementor","init":"elementor\/elementor.php","name":"Elementor"}]},"id-24321":{"title":"Pricing","featured-image-url":"https:\/\/websitedemos.net\/wp-content\/uploads\/2019\/07\/co-working-space-02-pricing.jpg","thumbnail-image-url":"https:\/\/websitedemos.net\/wp-content\/uploads\/2019\/07\/co-working-space-02-pricing.jpg","astra-page-api-url":"https:\/\/websitedemos.net\/co-working-space-02\/wp-json\/wp\/v2\/pages\/14","dynamic-page":"no","astra-page-url":"\/\/websitedemos.net\/co-working-space-02\/pricing\/","astra-sites-tag":{"585":"pricing"},"site-pages-type":"free","site-pages-page-builder":"elementor","site-pages-category":[],"site-pages-parent-category":{"60":"business","61":"free"},"required-plugins":[{"slug":"astra-widgets","init":"astra-widgets\/astra-widgets.php","name":"Astra Widgets"},{"slug":"elementor","init":"elementor\/elementor.php","name":"Elementor"}]},"id-24319":{"title":"Contact","featured-image-url":"https:\/\/websitedemos.net\/wp-content\/uploads\/2019\/07\/co-working-space-02-contact.jpg","thumbnail-image-url":"https:\/\/websitedemos.net\/wp-content\/uploads\/2019\/07\/co-working-space-02-contact.jpg","astra-page-api-url":"https:\/\/websitedemos.net\/co-working-space-02\/wp-json\/wp\/v2\/pages\/10","dynamic-page":"no","astra-page-url":"\/\/websitedemos.net\/co-working-space-02\/contact\/","astra-sites-tag":{"415":"contact"},"site-pages-type":"free","site-pages-page-builder":"elementor","site-pages-category":[],"site-pages-parent-category":{"60":"business","61":"free"},"required-plugins":[{"slug":"astra-widgets","init":"astra-widgets\/astra-widgets.php","name":"Astra Widgets"},{"slug":"elementor","init":"elementor\/elementor.php","name":"Elementor"},{"slug":"wpforms-lite","init":"wpforms-lite\/wpforms.php","name":"WPForms Lite"}]}},"related-bb-template":"","related-elementor-template":45466,"related-gutenberg-template":48374,"related_ecommerce_template":"","ecommerce_parent_template":""},"id-17363":{"title":"Co-Working Space","id":17363,"publish-date":1503041658,"featured-image-url":"https:\/\/websitedemos.net\/wp-content\/uploads\/2019\/07\/co-working-space-01-homepage.jpg","thumbnail-image-url":"https:\/\/websitedemos.net\/wp-content\/uploads\/2019\/07\/co-working-space-01-homepage.jpg","fullpage-thumbnail-image-url":"https:\/\/websitedemos.net\/wp-content\/uploads\/2019\/07\/co-working-space-01-homepage.jpg","astra-site-url":"\/\/websitedemos.net\/co-working-space-01","astra-site-parent-id":217,"astra-sites-tag":{"692":"business","693":"cafe","694":"co-working-place","695":"collaboration","979":"company","812":"office","691":"work-place"},"astra-sites-type":"free","astra-site-category":{"27":"business","39":"free"},"astra-sites-template-category":[],"astra-site-page-builder":"beaver-builder","categories":{"2487":"agency"},"required-plugins":[{"slug":"astra-widgets","init":"astra-widgets\/astra-widgets.php","name":"Astra Widgets"},{"slug":"beaver-builder-lite-version","init":"beaver-builder-lite-version\/fl-builder.php","name":"Beaver Builder Plugin (Lite Version)"},{"slug":"ultimate-addons-for-beaver-builder-lite","init":"ultimate-addons-for-beaver-builder-lite\/bb-ultimate-addon.php","name":"Ultimate Addons for Beaver Builder - Lite"},{"slug":"wpforms-lite","init":"wpforms-lite\/wpforms.php","name":"WPForms Lite"}],"post-status":"publish","post-content":"","post-excerpt":"","pages":{"id-24344":{"title":"Home","featured-image-url":"https:\/\/websitedemos.net\/wp-content\/uploads\/2019\/07\/co-working-space-01-homepage.jpg","thumbnail-image-url":"https:\/\/websitedemos.net\/wp-content\/uploads\/2019\/07\/co-working-space-01-homepage.jpg","astra-page-api-url":"https:\/\/websitedemos.net\/co-working-space-01\/wp-json\/wp\/v2\/pages\/2","dynamic-page":"no","astra-page-url":"\/\/websitedemos.net\/co-working-space-01\/","astra-sites-tag":{"423":"home"},"site-pages-type":"free","site-pages-page-builder":"beaver-builder","site-pages-category":[],"site-pages-parent-category":{"60":"business","61":"free"},"required-plugins":[{"slug":"beaver-builder-lite-version","init":"beaver-builder-lite-version\/fl-builder.php","name":"Beaver Builder Plugin (Lite Version)"},{"slug":"ultimate-addons-for-beaver-builder-lite","init":"ultimate-addons-for-beaver-builder-lite\/bb-ultimate-addon.php","name":"Ultimate Addons for Beaver Builder - Lite"}]},"id-24340":{"title":"About Us","featured-image-url":"https:\/\/websitedemos.net\/wp-content\/uploads\/2019\/07\/co-working-space-01-about-us.jpg","thumbnail-image-url":"https:\/\/websitedemos.net\/wp-content\/uploads\/2019\/07\/co-working-space-01-about-us.jpg","astra-page-api-url":"https:\/\/websitedemos.net\/co-working-space-01\/wp-json\/wp\/v2\/pages\/37","dynamic-page":"no","astra-page-url":"\/\/websitedemos.net\/co-working-space-01\/about-us\/","astra-sites-tag":{"352":"about"},"site-pages-type":"free","site-pages-page-builder":"beaver-builder","site-pages-category":[],"site-pages-parent-category":{"60":"business","61":"free"},"required-plugins":[{"slug":"beaver-builder-lite-version","init":"beaver-builder-lite-version\/fl-builder.php","name":"Beaver Builder Plugin (Lite Version)"},{"slug":"ultimate-addons-for-beaver-builder-lite","init":"ultimate-addons-for-beaver-builder-lite\/bb-ultimate-addon.php","name":"Ultimate Addons for Beaver Builder - Lite"}]},"id-24341":{"title":"Amenities","featured-image-url":"https:\/\/websitedemos.net\/wp-content\/uploads\/2019\/07\/co-working-space-01-amenities.jpg","thumbnail-image-url":"https:\/\/websitedemos.net\/wp-content\/uploads\/2019\/07\/co-working-space-01-amenities.jpg","astra-page-api-url":"https:\/\/websitedemos.net\/co-working-space-01\/wp-json\/wp\/v2\/pages\/39","dynamic-page":"no","astra-page-url":"\/\/websitedemos.net\/co-working-space-01\/amenities\/","astra-sites-tag":{"425":"services"},"site-pages-type":"free","site-pages-page-builder":"beaver-builder","site-pages-category":[],"site-pages-parent-category":{"60":"business","61":"free"},"required-plugins":[{"slug":"beaver-builder-lite-version","init":"beaver-builder-lite-version\/fl-builder.php","name":"Beaver Builder Plugin (Lite Version)"},{"slug":"ultimate-addons-for-beaver-builder-lite","init":"ultimate-addons-for-beaver-builder-lite\/bb-ultimate-addon.php","name":"Ultimate Addons for Beaver Builder - Lite"}]},"id-24345":{"title":"Pricing","featured-image-url":"https:\/\/websitedemos.net\/wp-content\/uploads\/2019\/07\/co-working-space-01-pricing.jpg","thumbnail-image-url":"https:\/\/websitedemos.net\/wp-content\/uploads\/2019\/07\/co-working-space-01-pricing.jpg","astra-page-api-url":"https:\/\/websitedemos.net\/co-working-space-01\/wp-json\/wp\/v2\/pages\/40","dynamic-page":"no","astra-page-url":"\/\/websitedemos.net\/co-working-space-01\/pricing\/","astra-sites-tag":{"585":"pricing"},"site-pages-type":"free","site-pages-page-builder":"beaver-builder","site-pages-category":[],"site-pages-parent-category":{"60":"business","61":"free"},"required-plugins":[{"slug":"beaver-builder-lite-version","init":"beaver-builder-lite-version\/fl-builder.php","name":"Beaver Builder Plugin (Lite Version)"},{"slug":"ultimate-addons-for-beaver-builder-lite","init":"ultimate-addons-for-beaver-builder-lite\/bb-ultimate-addon.php","name":"Ultimate Addons for Beaver Builder - Lite"}]},"id-24343":{"title":"Contact","featured-image-url":"https:\/\/websitedemos.net\/wp-content\/uploads\/2019\/07\/co-working-space-01-contact.jpg","thumbnail-image-url":"https:\/\/websitedemos.net\/wp-content\/uploads\/2019\/07\/co-working-space-01-contact.jpg","astra-page-api-url":"https:\/\/websitedemos.net\/co-working-space-01\/wp-json\/wp\/v2\/pages\/41","dynamic-page":"no","astra-page-url":"\/\/websitedemos.net\/co-working-space-01\/contact\/","astra-sites-tag":{"415":"contact"},"site-pages-type":"free","site-pages-page-builder":"beaver-builder","site-pages-category":[],"site-pages-parent-category":{"60":"business","61":"free"},"required-plugins":[{"slug":"beaver-builder-lite-version","init":"beaver-builder-lite-version\/fl-builder.php","name":"Beaver Builder Plugin (Lite Version)"},{"slug":"ultimate-addons-for-beaver-builder-lite","init":"ultimate-addons-for-beaver-builder-lite\/bb-ultimate-addon.php","name":"Ultimate Addons for Beaver Builder - Lite"},{"slug":"wpforms-lite","init":"wpforms-lite\/wpforms.php","name":"WPForms Lite"}]}},"related-bb-template":"","related-elementor-template":"","related-gutenberg-template":"","related_ecommerce_template":"","ecommerce_parent_template":""},"id-48374":{"title":"Co-Working Space","id":48374,"publish-date":1603963845,"featured-image-url":"https:\/\/websitedemos.net\/wp-content\/uploads\/2020\/10\/co-working-space-08.jpg","thumbnail-image-url":"https:\/\/websitedemos.net\/wp-content\/uploads\/2020\/10\/co-working-space-08-600x2179.jpg","fullpage-thumbnail-image-url":"https:\/\/websitedemos.net\/wp-content\/uploads\/2020\/10\/co-working-space-08-400x1453.jpg","astra-site-url":"\/\/websitedemos.net\/co-working-space-08","astra-site-parent-id":1729,"astra-sites-tag":{"692":"business","694":"co-working-place","695":"collaboration","1453":"coworking-space","691":"work-place"},"astra-sites-type":"free","astra-site-category":{"27":"business","39":"free"},"astra-sites-template-category":[],"astra-site-page-builder":"gutenberg","categories":[],"required-plugins":[{"slug":"ultimate-addons-for-gutenberg","init":"ultimate-addons-for-gutenberg\/ultimate-addons-for-gutenberg.php","name":"Spectra"}],"post-status":"publish","post-content":"","post-excerpt":"","pages":{"id-48375":{"title":"About Us","featured-image-url":"https:\/\/websitedemos.net\/wp-content\/uploads\/2020\/10\/co-working-space-08-about-us.jpg","thumbnail-image-url":"https:\/\/websitedemos.net\/wp-content\/uploads\/2020\/10\/co-working-space-08-about-us-600x1618.jpg","astra-page-api-url":"https:\/\/websitedemos.net\/co-working-space-08\/wp-json\/wp\/v2\/pages\/1131","dynamic-page":"no","astra-page-url":"\/\/websitedemos.net\/co-working-space-08\/about-us\/","astra-sites-tag":{"352":"about"},"site-pages-type":"free","site-pages-page-builder":"gutenberg","site-pages-category":[],"site-pages-parent-category":{"60":"business","61":"free"},"required-plugins":[{"slug":"ultimate-addons-for-gutenberg","init":"ultimate-addons-for-gutenberg\/ultimate-addons-for-gutenberg.php","name":"Spectra"}]},"id-48376":{"title":"Amenities","featured-image-url":"https:\/\/websitedemos.net\/wp-content\/uploads\/2020\/10\/co-working-space-08-amenities.jpg","thumbnail-image-url":"https:\/\/websitedemos.net\/wp-content\/uploads\/2020\/10\/co-working-space-08-amenities-600x1915.jpg","astra-page-api-url":"https:\/\/websitedemos.net\/co-working-space-08\/wp-json\/wp\/v2\/pages\/1132","dynamic-page":"no","astra-page-url":"\/\/websitedemos.net\/co-working-space-08\/amenities\/","astra-sites-tag":{"777":"amenities"},"site-pages-type":"free","site-pages-page-builder":"gutenberg","site-pages-category":[],"site-pages-parent-category":{"60":"business","61":"free"},"required-plugins":[{"slug":"ultimate-addons-for-gutenberg","init":"ultimate-addons-for-gutenberg\/ultimate-addons-for-gutenberg.php","name":"Spectra"}]},"id-48377":{"title":"Contact","featured-image-url":"https:\/\/websitedemos.net\/wp-content\/uploads\/2020\/10\/co-working-space-08-contact-us.jpg","thumbnail-image-url":"https:\/\/websitedemos.net\/wp-content\/uploads\/2020\/10\/co-working-space-08-contact-us-600x1305.jpg","astra-page-api-url":"https:\/\/websitedemos.net\/co-working-space-08\/wp-json\/wp\/v2\/pages\/1133","dynamic-page":"no","astra-page-url":"\/\/websitedemos.net\/co-working-space-08\/contact\/","astra-sites-tag":{"415":"contact"},"site-pages-type":"free","site-pages-page-builder":"gutenberg","site-pages-category":[],"site-pages-parent-category":{"60":"business","61":"free"},"required-plugins":[{"slug":"ultimate-addons-for-gutenberg","init":"ultimate-addons-for-gutenberg\/ultimate-addons-for-gutenberg.php","name":"Spectra"}]},"id-48378":{"title":"Home","featured-image-url":"https:\/\/websitedemos.net\/wp-content\/uploads\/2020\/10\/co-working-space-08.jpg","thumbnail-image-url":"https:\/\/websitedemos.net\/wp-content\/uploads\/2020\/10\/co-working-space-08-600x2179.jpg","astra-page-api-url":"https:\/\/websitedemos.net\/co-working-space-08\/wp-json\/wp\/v2\/pages\/8","dynamic-page":"no","astra-page-url":"\/\/websitedemos.net\/co-working-space-08\/","astra-sites-tag":{"814":"homepage"},"site-pages-type":"free","site-pages-page-builder":"gutenberg","site-pages-category":[],"site-pages-parent-category":{"60":"business","61":"free"},"required-plugins":[{"slug":"ultimate-addons-for-gutenberg","init":"ultimate-addons-for-gutenberg\/ultimate-addons-for-gutenberg.php","name":"Spectra"}]},"id-48379":{"title":"Pricing","featured-image-url":"https:\/\/websitedemos.net\/wp-content\/uploads\/2020\/10\/co-working-space-08-pricing-plans.jpg","thumbnail-image-url":"https:\/\/websitedemos.net\/wp-content\/uploads\/2020\/10\/co-working-space-08-pricing-plans-600x2176.jpg","astra-page-api-url":"https:\/\/websitedemos.net\/co-working-space-08\/wp-json\/wp\/v2\/pages\/1134","dynamic-page":"no","astra-page-url":"\/\/websitedemos.net\/co-working-space-08\/pricing\/","astra-sites-tag":{"585":"pricing"},"site-pages-type":"free","site-pages-page-builder":"gutenberg","site-pages-category":[],"site-pages-parent-category":{"60":"business","61":"free"},"required-plugins":[{"slug":"ultimate-addons-for-gutenberg","init":"ultimate-addons-for-gutenberg\/ultimate-addons-for-gutenberg.php","name":"Spectra"}]}},"related-bb-template":"","related-elementor-template":"","related-gutenberg-template":"","related_ecommerce_template":"","ecommerce_parent_template":""},"id-17354":{"title":"Wedding Invitation","id":17354,"publish-date":1503490197,"featured-image-url":"https:\/\/websitedemos.net\/wp-content\/uploads\/2019\/07\/wedding-invite-onepage.jpg","thumbnail-image-url":"https:\/\/websitedemos.net\/wp-content\/uploads\/2019\/07\/wedding-invite-onepage.jpg","fullpage-thumbnail-image-url":"https:\/\/websitedemos.net\/wp-content\/uploads\/2019\/07\/wedding-invite-onepage.jpg","astra-site-url":"\/\/websitedemos.net\/wedding-02","astra-site-parent-id":264,"astra-sites-tag":{"3416":"elementor","698":"engagement","699":"invitation","399":"one-page","463":"single-page","697":"wedding"},"astra-sites-type":"free","astra-site-category":{"39":"free"},"astra-sites-template-category":{"2771":"one-page","2792":"wedding"},"astra-site-page-builder":"elementor","categories":{"3427":"default","2489":"event-invitation","3428":"free","2927":"one-page"},"required-plugins":[{"slug":"elementor","init":"elementor\/elementor.php","name":"Elementor"},{"slug":"wpforms-lite","init":"wpforms-lite\/wpforms.php","name":"WPForms Lite"},{"slug":"leadin","init":"leadin\/leadin.php","name":"HubSpot All-In-One Marketing - Forms, Popups, Live Chat"}],"post-status":"publish","post-content":"<!-- wp:paragraph -->\n<p>The Wedding Invitation template is a single page that has a romantic design with an engaging header image ideal for showing the happy couple. It\u2019s accompanied by an informative headline and a helpful \u2018add to calendar\u2019 button for ease of use.<\/p>\n<!-- \/wp:paragraph -->\n\n<!-- wp:paragraph -->\n<p>Further down the page are customizable content blocks for telling your story and for covering the when and where of the wedding. There\u2019s also a helpful map, RSVP form and all the information guests need to know.<\/p>\n<!-- \/wp:paragraph -->\n\n<!-- wp:heading {\"UAGDay\":[]} -->\n<h2 class=\"wp-block-heading\">Key features of the Wedding Invitation template<\/h2>\n<!-- \/wp:heading -->\n\n<!-- wp:list -->\n<ul><!-- wp:list-item -->\n<li>Attractive one page template ideal for weddings<\/li>\n<!-- \/wp:list-item -->\n\n<!-- wp:list-item -->\n<li>Romantic colors and design<\/li>\n<!-- \/wp:list-item -->\n\n<!-- wp:list-item -->\n<li>Includes all the information you need to communicate<\/li>\n<!-- \/wp:list-item -->\n\n<!-- wp:list-item -->\n<li>RSVP form and map within the template<\/li>\n<!-- \/wp:list-item -->\n\n<!-- wp:list-item -->\n<li>Fully customizable colors to match your wedding theme<\/li>\n<!-- \/wp:list-item -->\n\n<!-- wp:list-item -->\n<li>Full compatibility with drag and drop page builders<\/li>\n<!-- \/wp:list-item --><\/ul>\n<!-- \/wp:list -->","post-excerpt":"Elegant one-page wedding invitation template with everything you need to communicate","pages":{"id-24754":{"title":"Home","featured-image-url":"https:\/\/websitedemos.net\/wp-content\/uploads\/2019\/07\/wedding-invite-onepage.jpg","thumbnail-image-url":"https:\/\/websitedemos.net\/wp-content\/uploads\/2019\/07\/wedding-invite-onepage.jpg","astra-page-api-url":"https:\/\/websitedemos.net\/wedding-02\/wp-json\/wp\/v2\/pages\/2","dynamic-page":"no","astra-page-url":"\/\/websitedemos.net\/wedding-02\/","astra-sites-tag":{"423":"home"},"site-pages-type":"free","site-pages-page-builder":"elementor","site-pages-category":[],"site-pages-parent-category":{"61":"free"},"required-plugins":[{"slug":"elementor","init":"elementor\/elementor.php","name":"Elementor"},{"slug":"leadin","init":"leadin\/leadin.php","name":"HubSpot All-In-One Marketing - Forms, Popups, Live Chat"},{"slug":"wpforms-lite","init":"wpforms-lite\/wpforms.php","name":"WPForms Lite"}]}},"related-bb-template":45592,"related-elementor-template":58999,"related-gutenberg-template":48297,"related_ecommerce_template":"","ecommerce_parent_template":""},"id-48297":{"title":"Wedding Invitation","id":48297,"publish-date":1603905879,"featured-image-url":"https:\/\/websitedemos.net\/wp-content\/uploads\/2020\/10\/wedding-08.jpg","thumbnail-image-url":"https:\/\/websitedemos.net\/wp-content\/uploads\/2020\/10\/wedding-08-600x2270.jpg","fullpage-thumbnail-image-url":"https:\/\/websitedemos.net\/wp-content\/uploads\/2020\/10\/wedding-08-400x1513.jpg","astra-site-url":"\/\/websitedemos.net\/wedding-08","astra-site-parent-id":1716,"astra-sites-tag":{"699":"invitation","746":"one-page-site","463":"single-page","697":"wedding","1457":"wedding-invitation"},"astra-sites-type":"free","astra-site-category":{"39":"free"},"astra-sites-template-category":[],"astra-site-page-builder":"gutenberg","categories":{"2489":"event-invitation"},"required-plugins":[{"slug":"ultimate-addons-for-gutenberg","init":"ultimate-addons-for-gutenberg\/ultimate-addons-for-gutenberg.php","name":"Spectra"}],"post-status":"publish","post-content":"","post-excerpt":"","pages":{"id-48298":{"title":"Wedding Invitation","featured-image-url":"https:\/\/websitedemos.net\/wp-content\/uploads\/2020\/10\/wedding-08.jpg","thumbnail-image-url":"https:\/\/websitedemos.net\/wp-content\/uploads\/2020\/10\/wedding-08-600x2270.jpg","astra-page-api-url":"https:\/\/websitedemos.net\/wedding-08\/wp-json\/wp\/v2\/pages\/6","dynamic-page":"no","astra-page-url":"\/\/websitedemos.net\/wedding-08\/","astra-sites-tag":{"423":"home","1718":"onepage","1457":"wedding-invitation"},"site-pages-type":"free","site-pages-page-builder":"gutenberg","site-pages-category":[],"site-pages-parent-category":{"61":"free"},"required-plugins":[{"slug":"ultimate-addons-for-gutenberg","init":"ultimate-addons-for-gutenberg\/ultimate-addons-for-gutenberg.php","name":"Spectra"}]}},"related-bb-template":"","related-elementor-template":"","related-gutenberg-template":"","related_ecommerce_template":"","ecommerce_parent_template":""},"id-17366":{"title":"Car Repair","id":17366,"publish-date":1503484873,"featured-image-url":"https:\/\/websitedemos.net\/wp-content\/uploads\/2019\/07\/car-repair-01-homepage.jpg","thumbnail-image-url":"https:\/\/websitedemos.net\/wp-content\/uploads\/2019\/07\/car-repair-01-homepage.jpg","fullpage-thumbnail-image-url":"https:\/\/websitedemos.net\/wp-content\/uploads\/2019\/07\/car-repair-01-homepage.jpg","astra-site-url":"\/\/websitedemos.net\/car-repair-01","astra-site-parent-id":298,"astra-sites-tag":{"588":"car-care","587":"car-detailing","666":"car-repair","667":"repair-shop"},"astra-sites-type":"free","astra-site-category":{"27":"business","39":"free"},"astra-sites-template-category":[],"astra-site-page-builder":"beaver-builder","categories":{"2475":"automotive"},"required-plugins":[{"slug":"astra-widgets","init":"astra-widgets\/astra-widgets.php","name":"Astra Widgets"},{"slug":"beaver-builder-lite-version","init":"beaver-builder-lite-version\/fl-builder.php","name":"Beaver Builder Plugin (Lite Version)"},{"slug":"ultimate-addons-for-beaver-builder-lite","init":"ultimate-addons-for-beaver-builder-lite\/bb-ultimate-addon.php","name":"Ultimate Addons for Beaver Builder - Lite"},{"slug":"wpforms-lite","init":"wpforms-lite\/wpforms.php","name":"WPForms Lite"}],"post-status":"publish","post-content":"","post-excerpt":"","pages":{"id-25114":{"title":"Home","featured-image-url":"https:\/\/websitedemos.net\/wp-content\/uploads\/2019\/07\/car-repair-01-homepage.jpg","thumbnail-image-url":"https:\/\/websitedemos.net\/wp-content\/uploads\/2019\/07\/car-repair-01-homepage.jpg","astra-page-api-url":"https:\/\/websitedemos.net\/car-repair-01\/wp-json\/wp\/v2\/pages\/4","dynamic-page":"no","astra-page-url":"\/\/websitedemos.net\/car-repair-01\/","astra-sites-tag":{"423":"home"},"site-pages-type":"free","site-pages-page-builder":"beaver-builder","site-pages-category":[],"site-pages-parent-category":{"60":"business","61":"free"},"required-plugins":[{"slug":"beaver-builder-lite-version","init":"beaver-builder-lite-version\/fl-builder.php","name":"Beaver Builder Plugin (Lite Version)"},{"slug":"ultimate-addons-for-beaver-builder-lite","init":"ultimate-addons-for-beaver-builder-lite\/bb-ultimate-addon.php","name":"Ultimate Addons for Beaver Builder - Lite"},{"slug":"wpforms-lite","init":"wpforms-lite\/wpforms.php","name":"WPForms Lite"}]},"id-25111":{"title":"About","featured-image-url":"https:\/\/websitedemos.net\/wp-content\/uploads\/2019\/07\/car-repair-01-about-1.jpg","thumbnail-image-url":"https:\/\/websitedemos.net\/wp-content\/uploads\/2019\/07\/car-repair-01-about-1.jpg","astra-page-api-url":"https:\/\/websitedemos.net\/car-repair-01\/wp-json\/wp\/v2\/pages\/193","dynamic-page":"no","astra-page-url":"\/\/websitedemos.net\/car-repair-01\/about\/","astra-sites-tag":{"352":"about"},"site-pages-type":"free","site-pages-page-builder":"beaver-builder","site-pages-category":[],"site-pages-parent-category":{"60":"business","61":"free"},"required-plugins":[{"slug":"beaver-builder-lite-version","init":"beaver-builder-lite-version\/fl-builder.php","name":"Beaver Builder Plugin (Lite Version)"},{"slug":"ultimate-addons-for-beaver-builder-lite","init":"ultimate-addons-for-beaver-builder-lite\/bb-ultimate-addon.php","name":"Ultimate Addons for Beaver Builder - Lite"}]},"id-25116":{"title":"Services","featured-image-url":"https:\/\/websitedemos.net\/wp-content\/uploads\/2019\/07\/car-repair-01-services.jpg","thumbnail-image-url":"https:\/\/websitedemos.net\/wp-content\/uploads\/2019\/07\/car-repair-01-services.jpg","astra-page-api-url":"https:\/\/websitedemos.net\/car-repair-01\/wp-json\/wp\/v2\/pages\/217","dynamic-page":"no","astra-page-url":"\/\/websitedemos.net\/car-repair-01\/services\/","astra-sites-tag":{"425":"services"},"site-pages-type":"free","site-pages-page-builder":"beaver-builder","site-pages-category":[],"site-pages-parent-category":{"60":"business","61":"free"},"required-plugins":[{"slug":"beaver-builder-lite-version","init":"beaver-builder-lite-version\/fl-builder.php","name":"Beaver Builder Plugin (Lite Version)"},{"slug":"ultimate-addons-for-beaver-builder-lite","init":"ultimate-addons-for-beaver-builder-lite\/bb-ultimate-addon.php","name":"Ultimate Addons for Beaver Builder - Lite"}]},"id-25115":{"title":"Our Staff","featured-image-url":"https:\/\/websitedemos.net\/wp-content\/uploads\/2019\/07\/car-repair-01-our-staff.jpg","thumbnail-image-url":"https:\/\/websitedemos.net\/wp-content\/uploads\/2019\/07\/car-repair-01-our-staff.jpg","astra-page-api-url":"https:\/\/websitedemos.net\/car-repair-01\/wp-json\/wp\/v2\/pages\/230","dynamic-page":"no","astra-page-url":"\/\/websitedemos.net\/car-repair-01\/our-staff\/","astra-sites-tag":{"668":"staff","486":"team"},"site-pages-type":"free","site-pages-page-builder":"beaver-builder","site-pages-category":[],"site-pages-parent-category":{"60":"business","61":"free"},"required-plugins":[{"slug":"beaver-builder-lite-version","init":"beaver-builder-lite-version\/fl-builder.php","name":"Beaver Builder Plugin (Lite Version)"},{"slug":"ultimate-addons-for-beaver-builder-lite","init":"ultimate-addons-for-beaver-builder-lite\/bb-ultimate-addon.php","name":"Ultimate Addons for Beaver Builder - Lite"}]},"id-25113":{"title":"Contact","featured-image-url":"https:\/\/websitedemos.net\/wp-content\/uploads\/2019\/07\/car-repair-01-contact.jpg","thumbnail-image-url":"https:\/\/websitedemos.net\/wp-content\/uploads\/2019\/07\/car-repair-01-contact.jpg","astra-page-api-url":"https:\/\/websitedemos.net\/car-repair-01\/wp-json\/wp\/v2\/pages\/28","dynamic-page":"no","astra-page-url":"\/\/websitedemos.net\/car-repair-01\/contact\/","astra-sites-tag":{"415":"contact"},"site-pages-type":"free","site-pages-page-builder":"beaver-builder","site-pages-category":[],"site-pages-parent-category":{"60":"business","61":"free"},"required-plugins":[{"slug":"beaver-builder-lite-version","init":"beaver-builder-lite-version\/fl-builder.php","name":"Beaver Builder Plugin (Lite Version)"},{"slug":"ultimate-addons-for-beaver-builder-lite","init":"ultimate-addons-for-beaver-builder-lite\/bb-ultimate-addon.php","name":"Ultimate Addons for Beaver Builder - Lite"},{"slug":"wpforms-lite","init":"wpforms-lite\/wpforms.php","name":"WPForms Lite"}]}},"related-bb-template":"","related-elementor-template":"","related-gutenberg-template":"","related_ecommerce_template":"","ecommerce_parent_template":""},"id-56731":{"title":"Prime Lawyers","id":56731,"publish-date":1626107534,"featured-image-url":"https:\/\/websitedemos.net\/wp-content\/uploads\/2021\/07\/law-08-1.jpg","thumbnail-image-url":"https:\/\/websitedemos.net\/wp-content\/uploads\/2021\/07\/law-08-1-600x2347.jpg","fullpage-thumbnail-image-url":"https:\/\/websitedemos.net\/wp-content\/uploads\/2021\/07\/law-08-1-400x1565.jpg","astra-site-url":"\/\/websitedemos.net\/law-08","astra-site-parent-id":2255,"astra-sites-tag":{"704":"corporate-law","701":"criminal-law","703":"enforcement","968":"justice","702":"law-firm","706":"lawyer","1022":"professional"},"astra-sites-type":"free","astra-site-category":{"27":"business","39":"free"},"astra-sites-template-category":[],"astra-site-page-builder":"gutenberg","categories":{"2482":"law"},"required-plugins":[{"slug":"ultimate-addons-for-gutenberg","init":"ultimate-addons-for-gutenberg\/ultimate-addons-for-gutenberg.php","name":"Spectra"}],"post-status":"publish","post-content":"","post-excerpt":"","pages":{"id-56732":{"title":"About","featured-image-url":"https:\/\/websitedemos.net\/wp-content\/uploads\/2021\/07\/law-08-about-1.jpg","thumbnail-image-url":"https:\/\/websitedemos.net\/wp-content\/uploads\/2021\/07\/law-08-about-1-600x1425.jpg","astra-page-api-url":"https:\/\/websitedemos.net\/law-08\/wp-json\/wp\/v2\/pages\/8","dynamic-page":"no","astra-page-url":"\/\/websitedemos.net\/law-08\/about\/","astra-sites-tag":{"352":"about"},"site-pages-type":"free","site-pages-page-builder":"gutenberg","site-pages-category":[],"site-pages-parent-category":{"60":"business","61":"free"},"required-plugins":[{"slug":"ultimate-addons-for-gutenberg","init":"ultimate-addons-for-gutenberg\/ultimate-addons-for-gutenberg.php","name":"Spectra"}]},"id-56733":{"title":"Contact","featured-image-url":"https:\/\/websitedemos.net\/wp-content\/uploads\/2021\/07\/law-08-contact-1.jpg","thumbnail-image-url":"https:\/\/websitedemos.net\/wp-content\/uploads\/2021\/07\/law-08-contact-1-600x875.jpg","astra-page-api-url":"https:\/\/websitedemos.net\/law-08\/wp-json\/wp\/v2\/pages\/11","dynamic-page":"no","astra-page-url":"\/\/websitedemos.net\/law-08\/contact\/","astra-sites-tag":{"415":"contact"},"site-pages-type":"free","site-pages-page-builder":"gutenberg","site-pages-category":[],"site-pages-parent-category":{"60":"business","61":"free"},"required-plugins":[{"slug":"ultimate-addons-for-gutenberg","init":"ultimate-addons-for-gutenberg\/ultimate-addons-for-gutenberg.php","name":"Spectra"}]},"id-56734":{"title":"FAQ","featured-image-url":"https:\/\/websitedemos.net\/wp-content\/uploads\/2021\/07\/law-08-faq-1.jpg","thumbnail-image-url":"https:\/\/websitedemos.net\/wp-content\/uploads\/2021\/07\/law-08-faq-1-600x1042.jpg","astra-page-api-url":"https:\/\/websitedemos.net\/law-08\/wp-json\/wp\/v2\/pages\/10","dynamic-page":"no","astra-page-url":"\/\/websitedemos.net\/law-08\/faq\/","astra-sites-tag":{"426":"faq","1476":"frequently-asked-questions"},"site-pages-type":"free","site-pages-page-builder":"gutenberg","site-pages-category":[],"site-pages-parent-category":{"60":"business","61":"free"},"required-plugins":[{"slug":"ultimate-addons-for-gutenberg","init":"ultimate-addons-for-gutenberg\/ultimate-addons-for-gutenberg.php","name":"Spectra"}]},"id-56735":{"title":"Home","featured-image-url":"https:\/\/websitedemos.net\/wp-content\/uploads\/2021\/07\/law-08-1.jpg","thumbnail-image-url":"https:\/\/websitedemos.net\/wp-content\/uploads\/2021\/07\/law-08-1-600x2347.jpg","astra-page-api-url":"https:\/\/websitedemos.net\/law-08\/wp-json\/wp\/v2\/pages\/7","dynamic-page":"no","astra-page-url":"\/\/websitedemos.net\/law-08\/","astra-sites-tag":{"423":"home"},"site-pages-type":"free","site-pages-page-builder":"gutenberg","site-pages-category":[],"site-pages-parent-category":{"60":"business","61":"free"},"required-plugins":[{"slug":"ultimate-addons-for-gutenberg","init":"ultimate-addons-for-gutenberg\/ultimate-addons-for-gutenberg.php","name":"Spectra"}]},"id-56736":{"title":"Practice Area","featured-image-url":"https:\/\/websitedemos.net\/wp-content\/uploads\/2021\/07\/law-08-practice-area-1.jpg","thumbnail-image-url":"https:\/\/websitedemos.net\/wp-content\/uploads\/2021\/07\/law-08-practice-area-1-600x1813.jpg","astra-page-api-url":"https:\/\/websitedemos.net\/law-08\/wp-json\/wp\/v2\/pages\/9","dynamic-page":"no","astra-page-url":"\/\/websitedemos.net\/law-08\/practice-area\/","astra-sites-tag":{"707":"practice-area","425":"services"},"site-pages-type":"free","site-pages-page-builder":"gutenberg","site-pages-category":[],"site-pages-parent-category":{"60":"business","61":"free"},"required-plugins":[{"slug":"ultimate-addons-for-gutenberg","init":"ultimate-addons-for-gutenberg\/ultimate-addons-for-gutenberg.php","name":"Spectra"}]}},"related-bb-template":"","related-elementor-template":"","related-gutenberg-template":"","related_ecommerce_template":"","ecommerce_parent_template":""},"id-17337":{"title":"Prime Lawyers","id":17337,"publish-date":1502425391,"featured-image-url":"https:\/\/websitedemos.net\/wp-content\/uploads\/2019\/07\/law-firm-homepage.jpg","thumbnail-image-url":"https:\/\/websitedemos.net\/wp-content\/uploads\/2019\/07\/law-firm-homepage.jpg","fullpage-thumbnail-image-url":"https:\/\/websitedemos.net\/wp-content\/uploads\/2019\/07\/law-firm-homepage.jpg","astra-site-url":"\/\/websitedemos.net\/law-02","astra-site-parent-id":253,"astra-sites-tag":{"704":"corporate-law","701":"criminal-law","3416":"elementor","703":"enforcement","968":"justice","702":"law-firm","706":"lawyer","1022":"professional"},"astra-sites-type":"free","astra-site-category":{"27":"business","39":"free"},"astra-sites-template-category":{"2777":"business","2824":"law-firm"},"astra-site-page-builder":"elementor","categories":{"3427":"default","3428":"free","2482":"law"},"required-plugins":[{"slug":"elementor","init":"elementor\/elementor.php","name":"Elementor"},{"slug":"wpforms-lite","init":"wpforms-lite\/wpforms.php","name":"WPForms Lite"}],"post-status":"publish","post-content":"<!-- wp:paragraph -->\n<p>The Prime Lawyers template delivers that professional gravity your firm deserves from the moment you open the page. It\u2019s a professionally-designed template complete with sober colors, lots of content areas and service sections and plenty of space to outline your areas of expertise.<\/p>\n<!-- \/wp:paragraph -->\n\n<!-- wp:paragraph -->\n<p>This is a dark theme that portrays the seriousness of the law without being overbearing. It can be quickly customized to suit any type of lawyer, which is why it\u2019s so popular.<\/p>\n<!-- \/wp:paragraph -->\n\n<!-- wp:heading {\"UAGDay\":[]} -->\n<h2 class=\"wp-block-heading\">Key features of the Prime Lawyers template<\/h2>\n<!-- \/wp:heading -->\n\n<!-- wp:list -->\n<ul><!-- wp:list-item -->\n<li>Well-designed template ideal for the legal profession<\/li>\n<!-- \/wp:list-item -->\n\n<!-- wp:list-item -->\n<li>Suitable for law firms, individual lawyers or legal advice<\/li>\n<!-- \/wp:list-item -->\n\n<!-- wp:list-item -->\n<li>Lots of areas to outline services and expertise<\/li>\n<!-- \/wp:list-item -->\n\n<!-- wp:list-item -->\n<li>Can be customized to suit any brand identity<\/li>\n<!-- \/wp:list-item -->\n\n<!-- wp:list-item -->\n<li>Great balance between light and dark<\/li>\n<!-- \/wp:list-item -->\n\n<!-- wp:list-item -->\n<li>Full compatibility with drag and drop page builders<\/li>\n<!-- \/wp:list-item --><\/ul>\n<!-- \/wp:list -->","post-excerpt":"Professional template with sober colors, nice layout and confidence-inspiring design","pages":{"id-24652":{"title":"Home","featured-image-url":"https:\/\/websitedemos.net\/wp-content\/uploads\/2019\/07\/law-firm-homepage.jpg","thumbnail-image-url":"https:\/\/websitedemos.net\/wp-content\/uploads\/2019\/07\/law-firm-homepage.jpg","astra-page-api-url":"https:\/\/websitedemos.net\/law-02\/wp-json\/wp\/v2\/pages\/7","dynamic-page":"no","astra-page-url":"\/\/websitedemos.net\/law-02\/","astra-sites-tag":{"423":"home"},"site-pages-type":"free","site-pages-page-builder":"elementor","site-pages-category":[],"site-pages-parent-category":{"60":"business","61":"free"},"required-plugins":[{"slug":"elementor","init":"elementor\/elementor.php","name":"Elementor"}]},"id-24648":{"title":"About","featured-image-url":"https:\/\/websitedemos.net\/wp-content\/uploads\/2019\/07\/law-firm-aboutus.jpg","thumbnail-image-url":"https:\/\/websitedemos.net\/wp-content\/uploads\/2019\/07\/law-firm-aboutus.jpg","astra-page-api-url":"https:\/\/websitedemos.net\/law-02\/wp-json\/wp\/v2\/pages\/9","dynamic-page":"no","astra-page-url":"\/\/websitedemos.net\/law-02\/about\/","astra-sites-tag":{"352":"about"},"site-pages-type":"free","site-pages-page-builder":"elementor","site-pages-category":[],"site-pages-parent-category":{"60":"business","61":"free"},"required-plugins":[{"slug":"elementor","init":"elementor\/elementor.php","name":"Elementor"}]},"id-24653":{"title":"Practice Area","featured-image-url":"https:\/\/websitedemos.net\/wp-content\/uploads\/2019\/07\/law-firm-practice-area-page.jpg","thumbnail-image-url":"https:\/\/websitedemos.net\/wp-content\/uploads\/2019\/07\/law-firm-practice-area-page.jpg","astra-page-api-url":"https:\/\/websitedemos.net\/law-02\/wp-json\/wp\/v2\/pages\/10","dynamic-page":"no","astra-page-url":"\/\/websitedemos.net\/law-02\/practice-area\/","astra-sites-tag":{"708":"area","707":"practice-area"},"site-pages-type":"free","site-pages-page-builder":"elementor","site-pages-category":[],"site-pages-parent-category":{"60":"business","61":"free"},"required-plugins":[{"slug":"elementor","init":"elementor\/elementor.php","name":"Elementor"}]},"id-24651":{"title":"FAQ","featured-image-url":"https:\/\/websitedemos.net\/wp-content\/uploads\/2019\/07\/law-02-faq-1.jpg","thumbnail-image-url":"https:\/\/websitedemos.net\/wp-content\/uploads\/2019\/07\/law-02-faq-1.jpg","astra-page-api-url":"https:\/\/websitedemos.net\/law-02\/wp-json\/wp\/v2\/pages\/11","dynamic-page":"no","astra-page-url":"\/\/websitedemos.net\/law-02\/faq\/","astra-sites-tag":{"426":"faq","709":"questions"},"site-pages-type":"free","site-pages-page-builder":"elementor","site-pages-category":[],"site-pages-parent-category":{"60":"business","61":"free"},"required-plugins":[{"slug":"elementor","init":"elementor\/elementor.php","name":"Elementor"}]},"id-24650":{"title":"Contact","featured-image-url":"https:\/\/websitedemos.net\/wp-content\/uploads\/2019\/07\/law-02-contact-2.jpg","thumbnail-image-url":"https:\/\/websitedemos.net\/wp-content\/uploads\/2019\/07\/law-02-contact-2.jpg","astra-page-api-url":"https:\/\/websitedemos.net\/law-02\/wp-json\/wp\/v2\/pages\/12","dynamic-page":"no","astra-page-url":"\/\/websitedemos.net\/law-02\/contact\/","astra-sites-tag":{"415":"contact"},"site-pages-type":"free","site-pages-page-builder":"elementor","site-pages-category":[],"site-pages-parent-category":{"60":"business","61":"free"},"required-plugins":[{"slug":"elementor","init":"elementor\/elementor.php","name":"Elementor"},{"slug":"wpforms-lite","init":"wpforms-lite\/wpforms.php","name":"WPForms Lite"}]}},"related-bb-template":"","related-elementor-template":17337,"related-gutenberg-template":56731,"related_ecommerce_template":"","ecommerce_parent_template":""},"id-17326":{"title":"Electrician","id":17326,"publish-date":1502182802,"featured-image-url":"https:\/\/websitedemos.net\/wp-content\/uploads\/2019\/07\/electrician-home-page.jpg","thumbnail-image-url":"https:\/\/websitedemos.net\/wp-content\/uploads\/2019\/07\/electrician-home-page.jpg","fullpage-thumbnail-image-url":"https:\/\/websitedemos.net\/wp-content\/uploads\/2019\/07\/electrician-home-page.jpg","astra-site-url":"\/\/websitedemos.net\/electrician-02","astra-site-parent-id":237,"astra-sites-tag":{"341":"electrician","3416":"elementor","1021":"local-business","439":"local-services","671":"service-provider"},"astra-sites-type":"free","astra-site-category":{"27":"business","39":"free"},"astra-sites-template-category":{"2815":"electrician","2831":"service"},"astra-site-page-builder":"elementor","categories":{"3427":"default","3428":"free","2471":"local-technician"},"required-plugins":[{"slug":"elementor","init":"elementor\/elementor.php","name":"Elementor"},{"slug":"wpforms-lite","init":"wpforms-lite\/wpforms.php","name":"WPForms Lite"}],"post-status":"publish","post-content":"<!-- wp:paragraph -->\n<p>The Electrician website template is simple but effective and wastes no time getting to the point. It opens strong, with a bold full screen image with contact form front and center. The homepage then opens out to include service sections, another contact form and an attractive interactive footer.<\/p>\n<!-- \/wp:paragraph -->\n\n<!-- wp:paragraph -->\n<p>The Electrician template also includes service pages, about, FAQs and contact page. You can add more pages in seconds thanks to full compatibility with drag and drop page builders.<\/p>\n<!-- \/wp:paragraph -->\n\n<!-- wp:heading {\"UAGDay\":[]} -->\n<h2 class=\"wp-block-heading\">Key features of the Electrician template<\/h2>\n<!-- \/wp:heading -->\n\n<!-- wp:list -->\n<ul><!-- wp:list-item -->\n<li>Simple, effective electrician template ideal for the industry<\/li>\n<!-- \/wp:list-item -->\n\n<!-- wp:list-item -->\n<li>Lots of options for engagement and adding content<\/li>\n<!-- \/wp:list-item -->\n\n<!-- wp:list-item -->\n<li>Multiple contact forms to attract leads<\/li>\n<!-- \/wp:list-item -->\n\n<!-- wp:list-item -->\n<li>Good use of colors and imagery<\/li>\n<!-- \/wp:list-item -->\n\n<!-- wp:list-item -->\n<li>Can be rebranded in minutes to fit your business<\/li>\n<!-- \/wp:list-item -->\n\n<!-- wp:list-item -->\n<li>Fully compatible with drag and drop page builders<\/li>\n<!-- \/wp:list-item --><\/ul>\n<!-- \/wp:list -->","post-excerpt":"Concise and professional electrician template with user intent at the center of it all","pages":{"id-24526":{"title":"Home","featured-image-url":"https:\/\/websitedemos.net\/wp-content\/uploads\/2019\/07\/electrician-home-page.jpg","thumbnail-image-url":"https:\/\/websitedemos.net\/wp-content\/uploads\/2019\/07\/electrician-home-page.jpg","astra-page-api-url":"https:\/\/websitedemos.net\/electrician-02\/wp-json\/wp\/v2\/pages\/2","dynamic-page":"no","astra-page-url":"\/\/websitedemos.net\/electrician-02\/","astra-sites-tag":{"423":"home"},"site-pages-type":"free","site-pages-page-builder":"elementor","site-pages-category":[],"site-pages-parent-category":{"60":"business","61":"free"},"required-plugins":[{"slug":"elementor","init":"elementor\/elementor.php","name":"Elementor"},{"slug":"wpforms-lite","init":"wpforms-lite\/wpforms.php","name":"WPForms Lite"}]},"id-24522":{"title":"About Us","featured-image-url":"https:\/\/websitedemos.net\/wp-content\/uploads\/2019\/07\/electrician-about-page.jpg","thumbnail-image-url":"https:\/\/websitedemos.net\/wp-content\/uploads\/2019\/07\/electrician-about-page.jpg","astra-page-api-url":"https:\/\/websitedemos.net\/electrician-02\/wp-json\/wp\/v2\/pages\/11","dynamic-page":"no","astra-page-url":"\/\/websitedemos.net\/electrician-02\/about-us\/","astra-sites-tag":{"352":"about"},"site-pages-type":"free","site-pages-page-builder":"elementor","site-pages-category":[],"site-pages-parent-category":{"60":"business","61":"free"},"required-plugins":[{"slug":"elementor","init":"elementor\/elementor.php","name":"Elementor"}]},"id-24527":{"title":"Services","featured-image-url":"https:\/\/websitedemos.net\/wp-content\/uploads\/2019\/07\/electrician-service-page.jpg","thumbnail-image-url":"https:\/\/websitedemos.net\/wp-content\/uploads\/2019\/07\/electrician-service-page.jpg","astra-page-api-url":"https:\/\/websitedemos.net\/electrician-02\/wp-json\/wp\/v2\/pages\/14","dynamic-page":"no","astra-page-url":"\/\/websitedemos.net\/electrician-02\/services\/","astra-sites-tag":{"425":"services"},"site-pages-type":"free","site-pages-page-builder":"elementor","site-pages-category":[],"site-pages-parent-category":{"60":"business","61":"free"},"required-plugins":[{"slug":"elementor","init":"elementor\/elementor.php","name":"Elementor"}]},"id-24525":{"title":"FAQ","featured-image-url":"https:\/\/websitedemos.net\/wp-content\/uploads\/2019\/07\/electrician-faq-screenshot.png","thumbnail-image-url":"https:\/\/websitedemos.net\/wp-content\/uploads\/2019\/07\/electrician-faq-screenshot.png","astra-page-api-url":"https:\/\/websitedemos.net\/electrician-02\/wp-json\/wp\/v2\/pages\/16","dynamic-page":"no","astra-page-url":"\/\/websitedemos.net\/electrician-02\/faq\/","astra-sites-tag":{"426":"faq"},"site-pages-type":"free","site-pages-page-builder":"elementor","site-pages-category":[],"site-pages-parent-category":{"60":"business","61":"free"},"required-plugins":[{"slug":"elementor","init":"elementor\/elementor.php","name":"Elementor"}]},"id-24524":{"title":"Contact","featured-image-url":"https:\/\/websitedemos.net\/wp-content\/uploads\/2019\/07\/electrician-contact-screenshot.png","thumbnail-image-url":"https:\/\/websitedemos.net\/wp-content\/uploads\/2019\/07\/electrician-contact-screenshot.png","astra-page-api-url":"https:\/\/websitedemos.net\/electrician-02\/wp-json\/wp\/v2\/pages\/18","dynamic-page":"no","astra-page-url":"\/\/websitedemos.net\/electrician-02\/contact\/","astra-sites-tag":{"415":"contact"},"site-pages-type":"free","site-pages-page-builder":"elementor","site-pages-category":[],"site-pages-parent-category":{"60":"business","61":"free"},"required-plugins":[{"slug":"elementor","init":"elementor\/elementor.php","name":"Elementor"}]}},"related-bb-template":17630,"related-elementor-template":17326,"related-gutenberg-template":"","related_ecommerce_template":"","ecommerce_parent_template":""},"id-17300":{"title":"Dental Clinic","id":17300,"publish-date":1501666669,"featured-image-url":"https:\/\/websitedemos.net\/wp-content\/uploads\/2019\/07\/dental-clinic-home-page.jpg","thumbnail-image-url":"https:\/\/websitedemos.net\/wp-content\/uploads\/2019\/07\/dental-clinic-home-page.jpg","fullpage-thumbnail-image-url":"https:\/\/websitedemos.net\/wp-content\/uploads\/2019\/07\/dental-clinic-home-page.jpg","astra-site-url":"\/\/websitedemos.net\/dental-02","astra-site-parent-id":230,"astra-sites-tag":{"623":"dentist","601":"doctor","3416":"elementor","604":"healthcare","605":"hospital","399":"one-page","1022":"professional","463":"single-page","607":"treatment"},"astra-sites-type":"free","astra-site-category":{"27":"business","39":"free"},"astra-sites-template-category":{"2799":"dentist","2867":"doctor","2834":"healthcare","2780":"hospital"},"astra-site-page-builder":"elementor","categories":{"3427":"default","3428":"free","2490":"healthcare"},"required-plugins":[{"slug":"elementor","init":"elementor\/elementor.php","name":"Elementor"},{"slug":"wpforms-lite","init":"wpforms-lite\/wpforms.php","name":"WPForms Lite"}],"post-status":"publish","post-content":"<!-- wp:paragraph -->\n<p>The Dental Clinic template is clean, modern and gentle, which is exactly the first impression dentists need to make to engage their audience. The design uses a friendly white and blue design with engaging images throughout.<\/p>\n<!-- \/wp:paragraph -->\n\n<!-- wp:paragraph -->\n<p>The template has a range of complementing colors along with a call to action banner, information blocks and a fully operational contact form. Plus, you have the option to move, add or change all blocks and pages across your website.<\/p>\n<!-- \/wp:paragraph -->\n\n<!-- wp:heading {\"UAGDay\":[]} -->\n<h2 class=\"wp-block-heading\">Key features of the Dental Clinic template<\/h2>\n<!-- \/wp:heading -->\n\n<!-- wp:list -->\n<ul><!-- wp:list-item -->\n<li>Clever design reflects the medical nature of the dentist niche<\/li>\n<!-- \/wp:list-item -->\n\n<!-- wp:list-item -->\n<li>Clean, modern layout creates a positive first impression<\/li>\n<!-- \/wp:list-item -->\n\n<!-- wp:list-item -->\n<li>Good use of colors, fonts and white space<\/li>\n<!-- \/wp:list-item -->\n\n<!-- wp:list-item -->\n<li>Includes contact forms and calls to action<\/li>\n<!-- \/wp:list-item -->\n\n<!-- wp:list-item -->\n<li>Can be completely customized to fit your brand<\/li>\n<!-- \/wp:list-item -->\n\n<!-- wp:list-item -->\n<li>Fully compatible with drag and drop page builders<\/li>\n<!-- \/wp:list-item --><\/ul>\n<!-- \/wp:list -->","post-excerpt":"Stay on target and on trend with this appealing and welcoming dental clinic template","pages":{"id-24468":{"title":"Home","featured-image-url":"https:\/\/websitedemos.net\/wp-content\/uploads\/2019\/07\/dental-clinic-home-page.jpg","thumbnail-image-url":"https:\/\/websitedemos.net\/wp-content\/uploads\/2019\/07\/dental-clinic-home-page.jpg","astra-page-api-url":"https:\/\/websitedemos.net\/dental-02\/wp-json\/wp\/v2\/pages\/5","dynamic-page":"no","astra-page-url":"\/\/websitedemos.net\/dental-02\/","astra-sites-tag":{"423":"home"},"site-pages-type":"free","site-pages-page-builder":"elementor","site-pages-category":[],"site-pages-parent-category":{"60":"business","61":"free"},"required-plugins":[{"slug":"elementor","init":"elementor\/elementor.php","name":"Elementor"},{"slug":"wpforms-lite","init":"wpforms-lite\/wpforms.php","name":"WPForms Lite"}]}},"related-bb-template":17524,"related-elementor-template":17300,"related-gutenberg-template":"","related_ecommerce_template":"","ecommerce_parent_template":""},"id-38739":{"title":"Makeup Artist","id":38739,"publish-date":1579109371,"featured-image-url":"https:\/\/websitedemos.net\/wp-content\/uploads\/2020\/01\/makeup-artist-homepage.jpg","thumbnail-image-url":"https:\/\/websitedemos.net\/wp-content\/uploads\/2020\/01\/makeup-artist-homepage.jpg","fullpage-thumbnail-image-url":"https:\/\/websitedemos.net\/wp-content\/uploads\/2020\/01\/makeup-artist-homepage.jpg","astra-site-url":"\/\/websitedemos.net\/makeup-artist-02","astra-site-parent-id":1125,"astra-sites-tag":{"579":"bridal-make-up","3416":"elementor","477":"hair-care","575":"hair-styles","1126":"make-up","1128":"make-up-artist","1127":"skin-care"},"astra-sites-type":"free","astra-site-category":{"27":"business","39":"free"},"astra-sites-template-category":{"2802":"artist","2790":"beauty-fashion","2821":"feminine-girly","2890":"makeup-cosmetic","2768":"portfolio","2837":"salon","2831":"service"},"astra-site-page-builder":"elementor","categories":{"2479":"beauty","3427":"default","3434":"feminine","3428":"free"},"required-plugins":[{"slug":"elementor","init":"elementor\/elementor.php","name":"Elementor"},{"slug":"wpforms-lite","init":"wpforms-lite\/wpforms.php","name":"WPForms Lite"}],"post-status":"publish","post-content":"<!-- wp:paragraph -->\n<p>The Makeup Artist template is a chic design with a strong homepage and complementing service pages. The homepage opens with a strong image and attractive colors before unfolding into a clean, flat template with lots of whitespace to make your content really stand out.<\/p>\n<!-- \/wp:paragraph -->\n\n<!-- wp:paragraph -->\n<p>The design includes some well-chosen fonts and colors, but you can easily customize it to suit your brand. Services are front and center and complemented with a price list and review section. Exactly what you expect to see!<\/p>\n<!-- \/wp:paragraph -->\n\n<!-- wp:heading -->\n<h2>Key features of the Makeup Artist template<\/h2>\n<!-- \/wp:heading -->\n\n<!-- wp:list -->\n<ul><li>Engaging design that\u2019s perfect for the beauty niche<\/li><li>Great use of colors, fonts and whitespace<\/li><li>Engaging service section, pricing and review blocks<\/li><li>Awesome header and footer all ready to go<\/li><li>Fully compatible with drag and drop page builders<\/li><\/ul>\n<!-- \/wp:list -->","post-excerpt":"Appealing and stylish, two words that sum up the makeup artist template perfectly!","pages":{"id-38742":{"title":"Home","featured-image-url":"https:\/\/websitedemos.net\/wp-content\/uploads\/2020\/01\/makeup-artist-homepage.jpg","thumbnail-image-url":"https:\/\/websitedemos.net\/wp-content\/uploads\/2020\/01\/makeup-artist-homepage.jpg","astra-page-api-url":"https:\/\/websitedemos.net\/makeup-artist-02\/wp-json\/wp\/v2\/pages\/5","dynamic-page":"no","astra-page-url":"\/\/websitedemos.net\/makeup-artist-02\/","astra-sites-tag":{"423":"home"},"site-pages-type":"free","site-pages-page-builder":"elementor","site-pages-category":[],"site-pages-parent-category":{"60":"business","61":"free"},"required-plugins":[{"slug":"elementor","init":"elementor\/elementor.php","name":"Elementor"}]},"id-38740":{"title":"About","featured-image-url":"https:\/\/websitedemos.net\/wp-content\/uploads\/2020\/01\/makeup-artist-02-about.jpg","thumbnail-image-url":"https:\/\/websitedemos.net\/wp-content\/uploads\/2020\/01\/makeup-artist-02-about.jpg","astra-page-api-url":"https:\/\/websitedemos.net\/makeup-artist-02\/wp-json\/wp\/v2\/pages\/43","dynamic-page":"no","astra-page-url":"\/\/websitedemos.net\/makeup-artist-02\/about\/","astra-sites-tag":{"352":"about"},"site-pages-type":"free","site-pages-page-builder":"elementor","site-pages-category":[],"site-pages-parent-category":{"60":"business","61":"free"},"required-plugins":[{"slug":"elementor","init":"elementor\/elementor.php","name":"Elementor"}]},"id-38744":{"title":"Services","featured-image-url":"https:\/\/websitedemos.net\/wp-content\/uploads\/2020\/01\/makeup-artist-02-services.jpg","thumbnail-image-url":"https:\/\/websitedemos.net\/wp-content\/uploads\/2020\/01\/makeup-artist-02-services.jpg","astra-page-api-url":"https:\/\/websitedemos.net\/makeup-artist-02\/wp-json\/wp\/v2\/pages\/44","dynamic-page":"no","astra-page-url":"\/\/websitedemos.net\/makeup-artist-02\/services\/","astra-sites-tag":{"425":"services"},"site-pages-type":"free","site-pages-page-builder":"elementor","site-pages-category":[],"site-pages-parent-category":{"60":"business","61":"free"},"required-plugins":[{"slug":"elementor","init":"elementor\/elementor.php","name":"Elementor"}]},"id-38743":{"title":"Portfolio","featured-image-url":"https:\/\/websitedemos.net\/wp-content\/uploads\/2020\/01\/makeup-artist-02-portfolio.jpg","thumbnail-image-url":"https:\/\/websitedemos.net\/wp-content\/uploads\/2020\/01\/makeup-artist-02-portfolio.jpg","astra-page-api-url":"https:\/\/websitedemos.net\/makeup-artist-02\/wp-json\/wp\/v2\/pages\/45","dynamic-page":"no","astra-page-url":"\/\/websitedemos.net\/makeup-artist-02\/portfolio\/","astra-sites-tag":{"997":"our-work","444":"portfolio"},"site-pages-type":"free","site-pages-page-builder":"elementor","site-pages-category":[],"site-pages-parent-category":{"60":"business","61":"free"},"required-plugins":[{"slug":"elementor","init":"elementor\/elementor.php","name":"Elementor"}]},"id-38741":{"title":"Contact","featured-image-url":"https:\/\/websitedemos.net\/wp-content\/uploads\/2020\/01\/makeup-artist-02-contact.jpg","thumbnail-image-url":"https:\/\/websitedemos.net\/wp-content\/uploads\/2020\/01\/makeup-artist-02-contact.jpg","astra-page-api-url":"https:\/\/websitedemos.net\/makeup-artist-02\/wp-json\/wp\/v2\/pages\/46","dynamic-page":"no","astra-page-url":"\/\/websitedemos.net\/makeup-artist-02\/contact\/","astra-sites-tag":{"415":"contact"},"site-pages-type":"free","site-pages-page-builder":"elementor","site-pages-category":[],"site-pages-parent-category":{"60":"business","61":"free"},"required-plugins":[{"slug":"elementor","init":"elementor\/elementor.php","name":"Elementor"},{"slug":"wpforms-lite","init":"wpforms-lite\/wpforms.php","name":"WPForms Lite"}]}},"related-bb-template":38733,"related-elementor-template":38739,"related-gutenberg-template":48263,"related_ecommerce_template":"","ecommerce_parent_template":""},"id-38733":{"title":"Makeup Artist","id":38733,"publish-date":1579109395,"featured-image-url":"https:\/\/websitedemos.net\/wp-content\/uploads\/2020\/02\/makeup-artist-01-homepage.jpg","thumbnail-image-url":"https:\/\/websitedemos.net\/wp-content\/uploads\/2020\/02\/makeup-artist-01-homepage.jpg","fullpage-thumbnail-image-url":"https:\/\/websitedemos.net\/wp-content\/uploads\/2020\/02\/makeup-artist-01-homepage.jpg","astra-site-url":"\/\/websitedemos.net\/makeup-artist-01","astra-site-parent-id":1124,"astra-sites-tag":{"579":"bridal-make-up","477":"hair-care","575":"hair-styles","982":"hairstylist","577":"makeup-artist"},"astra-sites-type":"free","astra-site-category":{"27":"business","39":"free"},"astra-sites-template-category":[],"astra-site-page-builder":"beaver-builder","categories":{"2479":"beauty"},"required-plugins":[{"slug":"astra-widgets","init":"astra-widgets\/astra-widgets.php","name":"Astra Widgets"},{"slug":"beaver-builder-lite-version","init":"beaver-builder-lite-version\/fl-builder.php","name":"Beaver Builder Plugin (Lite Version)"},{"slug":"ultimate-addons-for-beaver-builder-lite","init":"ultimate-addons-for-beaver-builder-lite\/bb-ultimate-addon.php","name":"Ultimate Addons for Beaver Builder - Lite"},{"slug":"wpforms-lite","init":"wpforms-lite\/wpforms.php","name":"WPForms Lite"}],"post-status":"publish","post-content":"","post-excerpt":"","pages":{"id-44089":{"title":"Home","featured-image-url":"https:\/\/websitedemos.net\/wp-content\/uploads\/2020\/02\/makeup-artist-01-homepage.jpg","thumbnail-image-url":"https:\/\/websitedemos.net\/wp-content\/uploads\/2020\/02\/makeup-artist-01-homepage.jpg","astra-page-api-url":"https:\/\/websitedemos.net\/makeup-artist-01\/wp-json\/wp\/v2\/pages\/5","dynamic-page":"no","astra-page-url":"\/\/websitedemos.net\/makeup-artist-01\/","astra-sites-tag":{"423":"home"},"site-pages-type":"free","site-pages-page-builder":"beaver-builder","site-pages-category":[],"site-pages-parent-category":{"60":"business","61":"free"},"required-plugins":[{"slug":"beaver-builder-lite-version","init":"beaver-builder-lite-version\/fl-builder.php","name":"Beaver Builder Plugin (Lite Version)"},{"slug":"ultimate-addons-for-beaver-builder-lite","init":"ultimate-addons-for-beaver-builder-lite\/bb-ultimate-addon.php","name":"Ultimate Addons for Beaver Builder - Lite"}]},"id-44087":{"title":"About","featured-image-url":"https:\/\/websitedemos.net\/wp-content\/uploads\/2020\/02\/makeup-artist-01-about.jpg","thumbnail-image-url":"https:\/\/websitedemos.net\/wp-content\/uploads\/2020\/02\/makeup-artist-01-about.jpg","astra-page-api-url":"https:\/\/websitedemos.net\/makeup-artist-01\/wp-json\/wp\/v2\/pages\/43","dynamic-page":"no","astra-page-url":"\/\/websitedemos.net\/makeup-artist-01\/about\/","astra-sites-tag":{"352":"about"},"site-pages-type":"free","site-pages-page-builder":"beaver-builder","site-pages-category":[],"site-pages-parent-category":{"60":"business","61":"free"},"required-plugins":[{"slug":"beaver-builder-lite-version","init":"beaver-builder-lite-version\/fl-builder.php","name":"Beaver Builder Plugin (Lite Version)"},{"slug":"ultimate-addons-for-beaver-builder-lite","init":"ultimate-addons-for-beaver-builder-lite\/bb-ultimate-addon.php","name":"Ultimate Addons for Beaver Builder - Lite"}]},"id-44091":{"title":"Services","featured-image-url":"https:\/\/websitedemos.net\/wp-content\/uploads\/2020\/02\/makeup-artist-01-services.jpg","thumbnail-image-url":"https:\/\/websitedemos.net\/wp-content\/uploads\/2020\/02\/makeup-artist-01-services.jpg","astra-page-api-url":"https:\/\/websitedemos.net\/makeup-artist-01\/wp-json\/wp\/v2\/pages\/44","dynamic-page":"no","astra-page-url":"\/\/websitedemos.net\/makeup-artist-01\/services\/","astra-sites-tag":{"425":"services"},"site-pages-type":"free","site-pages-page-builder":"beaver-builder","site-pages-category":[],"site-pages-parent-category":{"60":"business","61":"free"},"required-plugins":[{"slug":"beaver-builder-lite-version","init":"beaver-builder-lite-version\/fl-builder.php","name":"Beaver Builder Plugin (Lite Version)"},{"slug":"ultimate-addons-for-beaver-builder-lite","init":"ultimate-addons-for-beaver-builder-lite\/bb-ultimate-addon.php","name":"Ultimate Addons for Beaver Builder - Lite"}]},"id-44090":{"title":"Portfolio","featured-image-url":"https:\/\/websitedemos.net\/wp-content\/uploads\/2020\/02\/makeup-artist-01-portfolio.jpg","thumbnail-image-url":"https:\/\/websitedemos.net\/wp-content\/uploads\/2020\/02\/makeup-artist-01-portfolio.jpg","astra-page-api-url":"https:\/\/websitedemos.net\/makeup-artist-01\/wp-json\/wp\/v2\/pages\/45","dynamic-page":"no","astra-page-url":"\/\/websitedemos.net\/makeup-artist-01\/portfolio\/","astra-sites-tag":{"444":"portfolio","424":"project"},"site-pages-type":"free","site-pages-page-builder":"beaver-builder","site-pages-category":[],"site-pages-parent-category":{"60":"business","61":"free"},"required-plugins":[{"slug":"beaver-builder-lite-version","init":"beaver-builder-lite-version\/fl-builder.php","name":"Beaver Builder Plugin (Lite Version)"},{"slug":"ultimate-addons-for-beaver-builder-lite","init":"ultimate-addons-for-beaver-builder-lite\/bb-ultimate-addon.php","name":"Ultimate Addons for Beaver Builder - Lite"}]},"id-44088":{"title":"Contact","featured-image-url":"https:\/\/websitedemos.net\/wp-content\/uploads\/2020\/02\/makeup-artist-01-contact.jpg","thumbnail-image-url":"https:\/\/websitedemos.net\/wp-content\/uploads\/2020\/02\/makeup-artist-01-contact.jpg","astra-page-api-url":"https:\/\/websitedemos.net\/makeup-artist-01\/wp-json\/wp\/v2\/pages\/46","dynamic-page":"no","astra-page-url":"\/\/websitedemos.net\/makeup-artist-01\/contact\/","astra-sites-tag":{"415":"contact"},"site-pages-type":"free","site-pages-page-builder":"beaver-builder","site-pages-category":[],"site-pages-parent-category":{"60":"business","61":"free"},"required-plugins":[{"slug":"beaver-builder-lite-version","init":"beaver-builder-lite-version\/fl-builder.php","name":"Beaver Builder Plugin (Lite Version)"},{"slug":"ultimate-addons-for-beaver-builder-lite","init":"ultimate-addons-for-beaver-builder-lite\/bb-ultimate-addon.php","name":"Ultimate Addons for Beaver Builder - Lite"},{"slug":"wpforms-lite","init":"wpforms-lite\/wpforms.php","name":"WPForms Lite"}]}},"related-bb-template":"","related-elementor-template":"","related-gutenberg-template":"","related_ecommerce_template":"","ecommerce_parent_template":""},"id-48263":{"title":"Makeup Artist","id":48263,"publish-date":1603908979,"featured-image-url":"https:\/\/websitedemos.net\/wp-content\/uploads\/2020\/10\/makeup-artist-08-1.jpg","thumbnail-image-url":"https:\/\/websitedemos.net\/wp-content\/uploads\/2020\/10\/makeup-artist-08-1-600x2017.jpg","fullpage-thumbnail-image-url":"https:\/\/websitedemos.net\/wp-content\/uploads\/2020\/10\/makeup-artist-08-1-400x1344.jpg","astra-site-url":"\/\/websitedemos.net\/makeup-artist-08","astra-site-parent-id":1713,"astra-sites-tag":{"579":"bridal-make-up","477":"hair-care","575":"hair-styles","982":"hairstylist","577":"makeup-artist","1728":"makeup-studio"},"astra-sites-type":"free","astra-site-category":{"27":"business","39":"free"},"astra-sites-template-category":[],"astra-site-page-builder":"gutenberg","categories":{"2479":"beauty"},"required-plugins":[{"slug":"astra-widgets","init":"astra-widgets\/astra-widgets.php","name":"Astra Widgets"},{"slug":"ultimate-addons-for-gutenberg","init":"ultimate-addons-for-gutenberg\/ultimate-addons-for-gutenberg.php","name":"Spectra"}],"post-status":"publish","post-content":"","post-excerpt":"","pages":{"id-48266":{"title":"Home","featured-image-url":"https:\/\/websitedemos.net\/wp-content\/uploads\/2020\/10\/makeup-artist-08-1.jpg","thumbnail-image-url":"https:\/\/websitedemos.net\/wp-content\/uploads\/2020\/10\/makeup-artist-08-1-600x2017.jpg","astra-page-api-url":"https:\/\/websitedemos.net\/makeup-artist-08\/wp-json\/wp\/v2\/pages\/1299","dynamic-page":"no","astra-page-url":"\/\/websitedemos.net\/makeup-artist-08\/","astra-sites-tag":{"423":"home"},"site-pages-type":"free","site-pages-page-builder":"gutenberg","site-pages-category":[],"site-pages-parent-category":{"60":"business","61":"free"},"required-plugins":[{"slug":"astra-widgets","init":"astra-widgets\/astra-widgets.php","name":"Astra Widgets"},{"slug":"ultimate-addons-for-gutenberg","init":"ultimate-addons-for-gutenberg\/ultimate-addons-for-gutenberg.php","name":"Spectra"}]},"id-48264":{"title":"About","featured-image-url":"https:\/\/websitedemos.net\/wp-content\/uploads\/2020\/10\/makeup-artist-08-about-1.jpg","thumbnail-image-url":"https:\/\/websitedemos.net\/wp-content\/uploads\/2020\/10\/makeup-artist-08-about-1-600x1155.jpg","astra-page-api-url":"https:\/\/websitedemos.net\/makeup-artist-08\/wp-json\/wp\/v2\/pages\/1300","dynamic-page":"no","astra-page-url":"\/\/websitedemos.net\/makeup-artist-08\/about\/","astra-sites-tag":{"352":"about"},"site-pages-type":"free","site-pages-page-builder":"gutenberg","site-pages-category":[],"site-pages-parent-category":{"60":"business","61":"free"},"required-plugins":[{"slug":"astra-widgets","init":"astra-widgets\/astra-widgets.php","name":"Astra Widgets"},{"slug":"ultimate-addons-for-gutenberg","init":"ultimate-addons-for-gutenberg\/ultimate-addons-for-gutenberg.php","name":"Spectra"}]},"id-48268":{"title":"Services","featured-image-url":"https:\/\/websitedemos.net\/wp-content\/uploads\/2020\/10\/makeup-artist-08-services-1.jpg","thumbnail-image-url":"https:\/\/websitedemos.net\/wp-content\/uploads\/2020\/10\/makeup-artist-08-services-1-600x1450.jpg","astra-page-api-url":"https:\/\/websitedemos.net\/makeup-artist-08\/wp-json\/wp\/v2\/pages\/1301","dynamic-page":"no","astra-page-url":"\/\/websitedemos.net\/makeup-artist-08\/services\/","astra-sites-tag":{"425":"services"},"site-pages-type":"free","site-pages-page-builder":"gutenberg","site-pages-category":[],"site-pages-parent-category":{"60":"business","61":"free"},"required-plugins":[{"slug":"astra-widgets","init":"astra-widgets\/astra-widgets.php","name":"Astra Widgets"},{"slug":"ultimate-addons-for-gutenberg","init":"ultimate-addons-for-gutenberg\/ultimate-addons-for-gutenberg.php","name":"Spectra"}]},"id-48267":{"title":"Portfolio","featured-image-url":"https:\/\/websitedemos.net\/wp-content\/uploads\/2020\/10\/makeup-artist-08-portfolio-1.jpg","thumbnail-image-url":"https:\/\/websitedemos.net\/wp-content\/uploads\/2020\/10\/makeup-artist-08-portfolio-1-600x1205.jpg","astra-page-api-url":"https:\/\/websitedemos.net\/makeup-artist-08\/wp-json\/wp\/v2\/pages\/1302","dynamic-page":"no","astra-page-url":"\/\/websitedemos.net\/makeup-artist-08\/portfolio\/","astra-sites-tag":{"444":"portfolio"},"site-pages-type":"free","site-pages-page-builder":"gutenberg","site-pages-category":[],"site-pages-parent-category":{"60":"business","61":"free"},"required-plugins":[{"slug":"astra-widgets","init":"astra-widgets\/astra-widgets.php","name":"Astra Widgets"},{"slug":"ultimate-addons-for-gutenberg","init":"ultimate-addons-for-gutenberg\/ultimate-addons-for-gutenberg.php","name":"Spectra"}]},"id-48265":{"title":"Contact","featured-image-url":"https:\/\/websitedemos.net\/wp-content\/uploads\/2020\/10\/makeup-artist-08-contact-1.jpg","thumbnail-image-url":"https:\/\/websitedemos.net\/wp-content\/uploads\/2020\/10\/makeup-artist-08-contact-1-600x866.jpg","astra-page-api-url":"https:\/\/websitedemos.net\/makeup-artist-08\/wp-json\/wp\/v2\/pages\/1303","dynamic-page":"no","astra-page-url":"\/\/websitedemos.net\/makeup-artist-08\/contact\/","astra-sites-tag":{"415":"contact"},"site-pages-type":"free","site-pages-page-builder":"gutenberg","site-pages-category":[],"site-pages-parent-category":{"60":"business","61":"free"},"required-plugins":[{"slug":"astra-widgets","init":"astra-widgets\/astra-widgets.php","name":"Astra Widgets"},{"slug":"ultimate-addons-for-gutenberg","init":"ultimate-addons-for-gutenberg\/ultimate-addons-for-gutenberg.php","name":"Spectra"}]}},"related-bb-template":"","related-elementor-template":"","related-gutenberg-template":"","related_ecommerce_template":"","ecommerce_parent_template":""},"id-19799":{"title":"Makeup Artist","id":19799,"publish-date":1543500772,"featured-image-url":"https:\/\/websitedemos.net\/wp-content\/uploads\/2020\/01\/makeup-artist-home.jpg","thumbnail-image-url":"https:\/\/websitedemos.net\/wp-content\/uploads\/2020\/01\/makeup-artist-home.jpg","fullpage-thumbnail-image-url":"https:\/\/websitedemos.net\/wp-content\/uploads\/2020\/01\/makeup-artist-home.jpg","astra-site-url":"\/\/websitedemos.net\/makeup-artist-05","astra-site-parent-id":278,"astra-sites-tag":{"579":"bridal-make-up","477":"hair-care","575":"hair-styles","982":"hairstylist","577":"makeup-artist"},"astra-sites-type":"free","astra-site-category":{"27":"business","39":"free"},"astra-sites-template-category":[],"astra-site-page-builder":"brizy","categories":[],"required-plugins":[{"slug":"brizy","init":"brizy\/brizy.php","name":"Brizy"},{"slug":"wpforms-lite","init":"wpforms-lite\/wpforms.php","name":"WPForms Lite"}],"post-status":"publish","post-content":"","post-excerpt":"","pages":{"id-24882":{"title":"Home","featured-image-url":"https:\/\/websitedemos.net\/wp-content\/uploads\/2020\/01\/makeup-artist-home.jpg","thumbnail-image-url":"https:\/\/websitedemos.net\/wp-content\/uploads\/2020\/01\/makeup-artist-home.jpg","astra-page-api-url":"https:\/\/websitedemos.net\/makeup-artist-05\/wp-json\/wp\/v2\/pages\/962","dynamic-page":"no","astra-page-url":"\/\/websitedemos.net\/makeup-artist-05\/","astra-sites-tag":{"423":"home"},"site-pages-type":"free","site-pages-page-builder":"brizy","site-pages-category":[],"site-pages-parent-category":{"60":"business","61":"free"},"required-plugins":[{"slug":"brizy","init":"brizy\/brizy.php","name":"Brizy"}]},"id-24880":{"title":"About","featured-image-url":"https:\/\/websitedemos.net\/wp-content\/uploads\/2020\/01\/makeup-artist-about.jpg","thumbnail-image-url":"https:\/\/websitedemos.net\/wp-content\/uploads\/2020\/01\/makeup-artist-about.jpg","astra-page-api-url":"https:\/\/websitedemos.net\/makeup-artist-05\/wp-json\/wp\/v2\/pages\/968","dynamic-page":"no","astra-page-url":"\/\/websitedemos.net\/makeup-artist-05\/about\/","astra-sites-tag":{"352":"about"},"site-pages-type":"free","site-pages-page-builder":"brizy","site-pages-category":[],"site-pages-parent-category":{"60":"business","61":"free"},"required-plugins":[{"slug":"brizy","init":"brizy\/brizy.php","name":"Brizy"}]},"id-24884":{"title":"Services","featured-image-url":"https:\/\/websitedemos.net\/wp-content\/uploads\/2020\/01\/makeup-artist-services.jpg","thumbnail-image-url":"https:\/\/websitedemos.net\/wp-content\/uploads\/2020\/01\/makeup-artist-services.jpg","astra-page-api-url":"https:\/\/websitedemos.net\/makeup-artist-05\/wp-json\/wp\/v2\/pages\/972","dynamic-page":"no","astra-page-url":"\/\/websitedemos.net\/makeup-artist-05\/services\/","astra-sites-tag":{"425":"services"},"site-pages-type":"free","site-pages-page-builder":"brizy","site-pages-category":[],"site-pages-parent-category":{"60":"business","61":"free"},"required-plugins":[{"slug":"brizy","init":"brizy\/brizy.php","name":"Brizy"}]},"id-24883":{"title":"Portfolio","featured-image-url":"https:\/\/websitedemos.net\/wp-content\/uploads\/2020\/01\/makeup-artist-portfolio.jpg","thumbnail-image-url":"https:\/\/websitedemos.net\/wp-content\/uploads\/2020\/01\/makeup-artist-portfolio.jpg","astra-page-api-url":"https:\/\/websitedemos.net\/makeup-artist-05\/wp-json\/wp\/v2\/pages\/977","dynamic-page":"no","astra-page-url":"\/\/websitedemos.net\/makeup-artist-05\/portfolio\/","astra-sites-tag":{"444":"portfolio"},"site-pages-type":"free","site-pages-page-builder":"brizy","site-pages-category":[],"site-pages-parent-category":{"60":"business","61":"free"},"required-plugins":[{"slug":"brizy","init":"brizy\/brizy.php","name":"Brizy"}]},"id-24881":{"title":"Contact","featured-image-url":"https:\/\/websitedemos.net\/wp-content\/uploads\/2020\/01\/makeup-artist-contact.jpg","thumbnail-image-url":"https:\/\/websitedemos.net\/wp-content\/uploads\/2019\/07\/id-24881-makeup-artist-contact-resize.jpg","astra-page-api-url":"https:\/\/websitedemos.net\/makeup-artist-05\/wp-json\/wp\/v2\/pages\/983","dynamic-page":"no","astra-page-url":"\/\/websitedemos.net\/makeup-artist-05\/contact\/","astra-sites-tag":{"415":"contact"},"site-pages-type":"free","site-pages-page-builder":"brizy","site-pages-category":[],"site-pages-parent-category":{"60":"business","61":"free"},"required-plugins":[{"slug":"brizy","init":"brizy\/brizy.php","name":"Brizy"},{"slug":"wpforms-lite","init":"wpforms-lite\/wpforms.php","name":"WPForms Lite"}]}},"related-bb-template":"","related-elementor-template":"","related-gutenberg-template":"","related_ecommerce_template":"","ecommerce_parent_template":""},"id-43271":{"title":"Cleaning Services","id":43271,"publish-date":1580979456,"featured-image-url":"https:\/\/websitedemos.net\/wp-content\/uploads\/2020\/02\/cleaning-services-home-page.jpg","thumbnail-image-url":"https:\/\/websitedemos.net\/wp-content\/uploads\/2020\/02\/cleaning-services-home-page.jpg","fullpage-thumbnail-image-url":"https:\/\/websitedemos.net\/wp-content\/uploads\/2020\/02\/cleaning-services-home-page.jpg","astra-site-url":"\/\/websitedemos.net\/cleaner-02","astra-site-parent-id":1406,"astra-sites-tag":{"680":"cleaning","679":"cleaning-services","673":"commercial-cleaning","674":"domestic-cleaning","3416":"elementor","1407":"house-keeping","676":"maintenance","677":"washing"},"astra-sites-type":"free","astra-site-category":{"27":"business","39":"free"},"astra-sites-template-category":{"2819":"cleaning","2831":"service"},"astra-site-page-builder":"elementor","categories":{"3427":"default","3428":"free","2477":"home-services"},"required-plugins":[{"slug":"elementor","init":"elementor\/elementor.php","name":"Elementor"},{"slug":"wpforms-lite","init":"wpforms-lite\/wpforms.php","name":"WPForms Lite"}],"post-status":"publish","post-content":"<!-- wp:paragraph -->\n<p>The Cleaning Services template is a strong, modern design with contrasting colors and bold fonts that makes an instant impression. The rest of the design reflects that first impression and includes lots of service sections and optional blocks for extra content.<\/p>\n<!-- \/wp:paragraph -->\n\n<!-- wp:paragraph -->\n<p>The template includes readymade service pages, contact pages and about page. You can also quickly add extra pages to suit your particular needs using a drag and drop page builder.<\/p>\n<!-- \/wp:paragraph -->\n\n<!-- wp:heading -->\n<h2>Key features of the Cleaning Services template<\/h2>\n<!-- \/wp:heading -->\n\n<!-- wp:list -->\n<ul><li>Bold design with characterful contrasting colors<\/li><li>Service sections and pages already built<\/li><li>Attractive contact page and calls to action<\/li><li>Flexible design with limitless customizations<\/li><li>Testimonial section on the main page<\/li><li>Fully compatible with drag and drop page builders<\/li><\/ul>\n<!-- \/wp:list -->","post-excerpt":"Build instant confidence with this crisp, professional cleaning service template","pages":{"id-43275":{"title":"Home","featured-image-url":"https:\/\/websitedemos.net\/wp-content\/uploads\/2020\/02\/cleaning-services-home-page.jpg","thumbnail-image-url":"https:\/\/websitedemos.net\/wp-content\/uploads\/2020\/02\/cleaning-services-home-page.jpg","astra-page-api-url":"https:\/\/websitedemos.net\/cleaner-02\/wp-json\/wp\/v2\/pages\/7","dynamic-page":"no","astra-page-url":"\/\/websitedemos.net\/cleaner-02\/","astra-sites-tag":{"423":"home"},"site-pages-type":"free","site-pages-page-builder":"elementor","site-pages-category":[],"site-pages-parent-category":{"60":"business","61":"free"},"required-plugins":[{"slug":"elementor","init":"elementor\/elementor.php","name":"Elementor"}]},"id-43272":{"title":"About","featured-image-url":"https:\/\/websitedemos.net\/wp-content\/uploads\/2020\/02\/cleaning-services-about-page.jpg","thumbnail-image-url":"https:\/\/websitedemos.net\/wp-content\/uploads\/2020\/02\/cleaning-services-about-page.jpg","astra-page-api-url":"https:\/\/websitedemos.net\/cleaner-02\/wp-json\/wp\/v2\/pages\/21","dynamic-page":"no","astra-page-url":"\/\/websitedemos.net\/cleaner-02\/about\/","astra-sites-tag":{"352":"about"},"site-pages-type":"free","site-pages-page-builder":"elementor","site-pages-category":[],"site-pages-parent-category":{"60":"business","61":"free"},"required-plugins":[{"slug":"elementor","init":"elementor\/elementor.php","name":"Elementor"}]},"id-43276":{"title":"Residential","featured-image-url":"https:\/\/websitedemos.net\/wp-content\/uploads\/2020\/02\/cleaning-service-residential-page.jpg","thumbnail-image-url":"https:\/\/websitedemos.net\/wp-content\/uploads\/2020\/02\/cleaning-service-residential-page.jpg","astra-page-api-url":"https:\/\/websitedemos.net\/cleaner-02\/wp-json\/wp\/v2\/pages\/22","dynamic-page":"no","astra-page-url":"\/\/websitedemos.net\/cleaner-02\/residential\/","astra-sites-tag":{"682":"residential","1408":"service"},"site-pages-type":"free","site-pages-page-builder":"elementor","site-pages-category":[],"site-pages-parent-category":{"60":"business","61":"free"},"required-plugins":[{"slug":"elementor","init":"elementor\/elementor.php","name":"Elementor"}]},"id-43273":{"title":"Commercial","featured-image-url":"https:\/\/websitedemos.net\/wp-content\/uploads\/2020\/02\/cleaning-service-commercial-page.jpg","thumbnail-image-url":"https:\/\/websitedemos.net\/wp-content\/uploads\/2020\/02\/cleaning-service-commercial-page.jpg","astra-page-api-url":"https:\/\/websitedemos.net\/cleaner-02\/wp-json\/wp\/v2\/pages\/23","dynamic-page":"no","astra-page-url":"\/\/websitedemos.net\/cleaner-02\/commercial\/","astra-sites-tag":{"681":"commercial","1408":"service"},"site-pages-type":"free","site-pages-page-builder":"elementor","site-pages-category":[],"site-pages-parent-category":{"60":"business","61":"free"},"required-plugins":[{"slug":"elementor","init":"elementor\/elementor.php","name":"Elementor"}]},"id-43274":{"title":"Contact","featured-image-url":"https:\/\/websitedemos.net\/wp-content\/uploads\/2020\/02\/cleaner-02-contact-1.jpg","thumbnail-image-url":"https:\/\/websitedemos.net\/wp-content\/uploads\/2020\/02\/cleaner-02-contact-1.jpg","astra-page-api-url":"https:\/\/websitedemos.net\/cleaner-02\/wp-json\/wp\/v2\/pages\/24","dynamic-page":"no","astra-page-url":"\/\/websitedemos.net\/cleaner-02\/contact\/","astra-sites-tag":{"415":"contact"},"site-pages-type":"free","site-pages-page-builder":"elementor","site-pages-category":[],"site-pages-parent-category":{"60":"business","61":"free"},"required-plugins":[{"slug":"elementor","init":"elementor\/elementor.php","name":"Elementor"},{"slug":"wpforms-lite","init":"wpforms-lite\/wpforms.php","name":"WPForms Lite"}]}},"related-bb-template":"","related-elementor-template":21331,"related-gutenberg-template":48269,"related_ecommerce_template":"","ecommerce_parent_template":""}}