{"id-21879":{"title":"Home Remodeling","id":21879,"publish-date":1557134700,"featured-image-url":"https:\/\/websitedemos.net\/wp-content\/uploads\/2019\/07\/home-remodeling-04-homepage.jpg","thumbnail-image-url":"https:\/\/websitedemos.net\/wp-content\/uploads\/2019\/07\/home-remodeling-04-homepage.jpg","fullpage-thumbnail-image-url":"https:\/\/websitedemos.net\/wp-content\/uploads\/2019\/07\/home-remodeling-04-homepage.jpg","astra-site-url":"\/\/websitedemos.net\/home-remodeling-04","astra-site-parent-id":90,"astra-sites-tag":{"979":"company","3416":"elementor","524":"furniture","522":"home-remodeling","436":"interior","523":"kitchen","525":"modular","812":"office","1844":"premium","526":"renovation"},"astra-sites-type":"agency-mini","astra-site-category":{"27":"business"},"astra-sites-template-category":{"2777":"business","2793":"interior-design","2832":"property"},"astra-site-page-builder":"elementor","categories":{"3427":"default","3429":"premium","2484":"real-estate"},"required-plugins":[{"slug":"elementor","init":"elementor\/elementor.php","name":"Elementor"},{"slug":"ultimate-elementor","init":"ultimate-elementor\/ultimate-elementor.php","name":"Ultimate Addons for Elementor"},{"slug":"wpforms-lite","init":"wpforms-lite\/wpforms.php","name":"WPForms Lite"},{"slug":"astra-addon","init":"astra-addon\/astra-addon.php","name":"Astra Pro"}],"post-status":"publish","post-content":"<!-- wp:paragraph -->\n<p>The Home Remodeling template is a contemporary design with simple colors and a largely grayscale layout. It combines gray areas with white fonts and white backgrounds to build an interesting layout that\u2019s different from the norm.<\/p>\n<!-- \/wp:paragraph -->\n\n<!-- wp:paragraph -->\n<p>It\u2019s a very effective design with some great color choices, flexible content areas, an image gallery, testimonial section and calls to action. Supplementary pages reflect a similar design while enabling you to share what you do and how you do it.<\/p>\n<!-- \/wp:paragraph -->\n\n<!-- wp:heading -->\n<h2>Key features of the Home Remodeling template<\/h2>\n<!-- \/wp:heading -->\n\n<!-- wp:list -->\n<ul><!-- wp:list-item -->\n<li>Subtle colors keep everything low key but engaging<\/li>\n<!-- \/wp:list-item -->\n\n<!-- wp:list-item -->\n<li>Interesting layout that keeps you interested<\/li>\n<!-- \/wp:list-item -->\n\n<!-- wp:list-item -->\n<li>Flexible content areas to tell your story<\/li>\n<!-- \/wp:list-item -->\n\n<!-- wp:list-item -->\n<li>Useful extra pages useful for the niche<\/li>\n<!-- \/wp:list-item -->\n\n<!-- wp:list-item -->\n<li>Full compatibility with leading page builders<\/li>\n<!-- \/wp:list-item --><\/ul>\n<!-- \/wp:list -->","post-excerpt":"Interesting design business template that\u2019s not afraid to be a little different","pages":{"id-22838":{"title":"Home","featured-image-url":"https:\/\/websitedemos.net\/wp-content\/uploads\/2019\/07\/home-remodeling-04-homepage.jpg","thumbnail-image-url":"https:\/\/websitedemos.net\/wp-content\/uploads\/2019\/07\/home-remodeling-04-homepage.jpg","astra-page-api-url":"https:\/\/websitedemos.net\/home-remodeling-04\/wp-json\/wp\/v2\/pages\/31","dynamic-page":"yes","astra-page-url":"\/\/websitedemos.net\/home-remodeling-04\/","astra-sites-tag":{"423":"home"},"site-pages-type":"agency-mini","site-pages-page-builder":"elementor","site-pages-category":[],"site-pages-parent-category":{"60":"business"},"required-plugins":[{"slug":"astra-addon","init":"astra-addon\/astra-addon.php","name":"Astra Pro"},{"slug":"elementor","init":"elementor\/elementor.php","name":"Elementor"},{"slug":"ultimate-elementor","init":"ultimate-elementor\/ultimate-elementor.php","name":"Ultimate Addons for Elementor"}]},"id-22836":{"title":"About","featured-image-url":"https:\/\/websitedemos.net\/wp-content\/uploads\/2019\/07\/home-remodeling-04-about.jpg","thumbnail-image-url":"https:\/\/websitedemos.net\/wp-content\/uploads\/2019\/07\/home-remodeling-04-about.jpg","astra-page-api-url":"https:\/\/websitedemos.net\/home-remodeling-04\/wp-json\/wp\/v2\/pages\/32","dynamic-page":"no","astra-page-url":"\/\/websitedemos.net\/home-remodeling-04\/about\/","astra-sites-tag":{"352":"about","455":"about-us"},"site-pages-type":"agency-mini","site-pages-page-builder":"elementor","site-pages-category":[],"site-pages-parent-category":{"60":"business"},"required-plugins":[{"slug":"astra-addon","init":"astra-addon\/astra-addon.php","name":"Astra Pro"},{"slug":"elementor","init":"elementor\/elementor.php","name":"Elementor"},{"slug":"ultimate-elementor","init":"ultimate-elementor\/ultimate-elementor.php","name":"Ultimate Addons for Elementor"}]},"id-22840":{"title":"Services","featured-image-url":"https:\/\/websitedemos.net\/wp-content\/uploads\/2019\/07\/home-remodeling-04-services.jpg","thumbnail-image-url":"https:\/\/websitedemos.net\/wp-content\/uploads\/2019\/07\/home-remodeling-04-services.jpg","astra-page-api-url":"https:\/\/websitedemos.net\/home-remodeling-04\/wp-json\/wp\/v2\/pages\/33","dynamic-page":"no","astra-page-url":"\/\/websitedemos.net\/home-remodeling-04\/services\/","astra-sites-tag":{"425":"services"},"site-pages-type":"agency-mini","site-pages-page-builder":"elementor","site-pages-category":[],"site-pages-parent-category":{"60":"business"},"required-plugins":[{"slug":"astra-addon","init":"astra-addon\/astra-addon.php","name":"Astra Pro"},{"slug":"elementor","init":"elementor\/elementor.php","name":"Elementor"},{"slug":"ultimate-elementor","init":"ultimate-elementor\/ultimate-elementor.php","name":"Ultimate Addons for Elementor"}]},"id-22839":{"title":"Projects","featured-image-url":"https:\/\/websitedemos.net\/wp-content\/uploads\/2019\/07\/home-remodeling-04-projects.jpg","thumbnail-image-url":"https:\/\/websitedemos.net\/wp-content\/uploads\/2019\/07\/home-remodeling-04-projects.jpg","astra-page-api-url":"https:\/\/websitedemos.net\/home-remodeling-04\/wp-json\/wp\/v2\/pages\/34","dynamic-page":"no","astra-page-url":"\/\/websitedemos.net\/home-remodeling-04\/projects\/","astra-sites-tag":{"444":"portfolio"},"site-pages-type":"agency-mini","site-pages-page-builder":"elementor","site-pages-category":[],"site-pages-parent-category":{"60":"business"},"required-plugins":[{"slug":"astra-addon","init":"astra-addon\/astra-addon.php","name":"Astra Pro"},{"slug":"elementor","init":"elementor\/elementor.php","name":"Elementor"},{"slug":"ultimate-elementor","init":"ultimate-elementor\/ultimate-elementor.php","name":"Ultimate Addons for Elementor"}]},"id-22841":{"title":"Testimonials","featured-image-url":"https:\/\/websitedemos.net\/wp-content\/uploads\/2019\/07\/home-remodeling-04-testimonials.jpg","thumbnail-image-url":"https:\/\/websitedemos.net\/wp-content\/uploads\/2019\/07\/home-remodeling-04-testimonials.jpg","astra-page-api-url":"https:\/\/websitedemos.net\/home-remodeling-04\/wp-json\/wp\/v2\/pages\/35","dynamic-page":"no","astra-page-url":"\/\/websitedemos.net\/home-remodeling-04\/testimonials\/","astra-sites-tag":{"433":"testimonials"},"site-pages-type":"agency-mini","site-pages-page-builder":"elementor","site-pages-category":[],"site-pages-parent-category":{"60":"business"},"required-plugins":[{"slug":"astra-addon","init":"astra-addon\/astra-addon.php","name":"Astra Pro"},{"slug":"elementor","init":"elementor\/elementor.php","name":"Elementor"},{"slug":"ultimate-elementor","init":"ultimate-elementor\/ultimate-elementor.php","name":"Ultimate Addons for Elementor"}]},"id-22837":{"title":"Contact","featured-image-url":"https:\/\/websitedemos.net\/wp-content\/uploads\/2019\/07\/home-remodeling-04-contact.jpg","thumbnail-image-url":"https:\/\/websitedemos.net\/wp-content\/uploads\/2019\/07\/home-remodeling-04-contact.jpg","astra-page-api-url":"https:\/\/websitedemos.net\/home-remodeling-04\/wp-json\/wp\/v2\/pages\/36","dynamic-page":"no","astra-page-url":"\/\/websitedemos.net\/home-remodeling-04\/contact\/","astra-sites-tag":{"415":"contact","454":"contact-us"},"site-pages-type":"agency-mini","site-pages-page-builder":"elementor","site-pages-category":[],"site-pages-parent-category":{"60":"business"},"required-plugins":[{"slug":"astra-addon","init":"astra-addon\/astra-addon.php","name":"Astra Pro"},{"slug":"elementor","init":"elementor\/elementor.php","name":"Elementor"},{"slug":"ultimate-elementor","init":"ultimate-elementor\/ultimate-elementor.php","name":"Ultimate Addons for Elementor"},{"slug":"wpforms-lite","init":"wpforms-lite\/wpforms.php","name":"WPForms Lite"}]}},"related-bb-template":44016,"related-elementor-template":21879,"related-gutenberg-template":"","related_ecommerce_template":"","ecommerce_parent_template":""},"id-44016":{"title":"Home Remodeling","id":44016,"publish-date":1584369977,"featured-image-url":"https:\/\/websitedemos.net\/wp-content\/uploads\/2019\/07\/home-remodeling-home.jpg","thumbnail-image-url":"https:\/\/websitedemos.net\/wp-content\/uploads\/2019\/07\/home-remodeling-home.jpg","fullpage-thumbnail-image-url":"https:\/\/websitedemos.net\/wp-content\/uploads\/2019\/07\/home-remodeling-home.jpg","astra-site-url":"\/\/websitedemos.net\/home-remodeling-03","astra-site-parent-id":1418,"astra-sites-tag":{"524":"furniture","522":"home-remodeling","436":"interior","523":"kitchen","525":"modular","526":"renovation"},"astra-sites-type":"agency-mini","astra-site-category":{"27":"business"},"astra-sites-template-category":[],"astra-site-page-builder":"beaver-builder","categories":{"2484":"real-estate"},"required-plugins":[{"slug":"beaver-builder-lite-version","init":"beaver-builder-lite-version\/fl-builder.php","name":"Beaver Builder Plugin (Lite Version)"},{"slug":"bb-ultimate-addon","init":"bb-ultimate-addon\/bb-ultimate-addon.php","name":"Ultimate Addons for Beaver Builder"},{"slug":"wpforms-lite","init":"wpforms-lite\/wpforms.php","name":"WPForms Lite"}],"post-status":"publish","post-content":"","post-excerpt":"","pages":{"id-45554":{"title":"Home","featured-image-url":"https:\/\/websitedemos.net\/wp-content\/uploads\/2019\/07\/home-remodeling-home.jpg","thumbnail-image-url":"https:\/\/websitedemos.net\/wp-content\/uploads\/2019\/07\/home-remodeling-home.jpg","astra-page-api-url":"https:\/\/websitedemos.net\/home-remodeling-03\/wp-json\/wp\/v2\/pages\/31","dynamic-page":"no","astra-page-url":"\/\/websitedemos.net\/home-remodeling-03\/","astra-sites-tag":{"423":"home"},"site-pages-type":"agency-mini","site-pages-page-builder":"beaver-builder","site-pages-category":[],"site-pages-parent-category":{"60":"business"},"required-plugins":[{"slug":"beaver-builder-lite-version","init":"beaver-builder-lite-version\/fl-builder.php","name":"Beaver Builder Plugin (Lite Version)"},{"slug":"bb-ultimate-addon","init":"bb-ultimate-addon\/bb-ultimate-addon.php","name":"Ultimate Addons for Beaver Builder"}]},"id-45552":{"title":"About","featured-image-url":"https:\/\/websitedemos.net\/wp-content\/uploads\/2020\/03\/home-remodeling-03-about-01.jpg","thumbnail-image-url":"https:\/\/websitedemos.net\/wp-content\/uploads\/2020\/03\/home-remodeling-03-about-01.jpg","astra-page-api-url":"https:\/\/websitedemos.net\/home-remodeling-03\/wp-json\/wp\/v2\/pages\/32","dynamic-page":"no","astra-page-url":"\/\/websitedemos.net\/home-remodeling-03\/about\/","astra-sites-tag":{"352":"about"},"site-pages-type":"agency-mini","site-pages-page-builder":"beaver-builder","site-pages-category":[],"site-pages-parent-category":{"60":"business"},"required-plugins":[{"slug":"beaver-builder-lite-version","init":"beaver-builder-lite-version\/fl-builder.php","name":"Beaver Builder Plugin (Lite Version)"},{"slug":"bb-ultimate-addon","init":"bb-ultimate-addon\/bb-ultimate-addon.php","name":"Ultimate Addons for Beaver Builder"}]},"id-45556":{"title":"Services","featured-image-url":"https:\/\/websitedemos.net\/wp-content\/uploads\/2020\/03\/home-remodeling-03-services-01.jpg","thumbnail-image-url":"https:\/\/websitedemos.net\/wp-content\/uploads\/2020\/03\/home-remodeling-03-services-01.jpg","astra-page-api-url":"https:\/\/websitedemos.net\/home-remodeling-03\/wp-json\/wp\/v2\/pages\/33","dynamic-page":"no","astra-page-url":"\/\/websitedemos.net\/home-remodeling-03\/services\/","astra-sites-tag":{"425":"services"},"site-pages-type":"agency-mini","site-pages-page-builder":"beaver-builder","site-pages-category":[],"site-pages-parent-category":{"60":"business"},"required-plugins":[{"slug":"beaver-builder-lite-version","init":"beaver-builder-lite-version\/fl-builder.php","name":"Beaver Builder Plugin (Lite Version)"},{"slug":"bb-ultimate-addon","init":"bb-ultimate-addon\/bb-ultimate-addon.php","name":"Ultimate Addons for Beaver Builder"}]},"id-45555":{"title":"Projects","featured-image-url":"https:\/\/websitedemos.net\/wp-content\/uploads\/2019\/07\/home-remodeling-projects.jpg","thumbnail-image-url":"https:\/\/websitedemos.net\/wp-content\/uploads\/2019\/07\/home-remodeling-projects.jpg","astra-page-api-url":"https:\/\/websitedemos.net\/home-remodeling-03\/wp-json\/wp\/v2\/pages\/34","dynamic-page":"no","astra-page-url":"\/\/websitedemos.net\/home-remodeling-03\/projects\/","astra-sites-tag":{"424":"project"},"site-pages-type":"agency-mini","site-pages-page-builder":"beaver-builder","site-pages-category":[],"site-pages-parent-category":{"60":"business"},"required-plugins":[{"slug":"beaver-builder-lite-version","init":"beaver-builder-lite-version\/fl-builder.php","name":"Beaver Builder Plugin (Lite Version)"},{"slug":"bb-ultimate-addon","init":"bb-ultimate-addon\/bb-ultimate-addon.php","name":"Ultimate Addons for Beaver Builder"}]},"id-45557":{"title":"Testimonials","featured-image-url":"https:\/\/websitedemos.net\/wp-content\/uploads\/2019\/07\/home-remodeling-testimonials.jpg","thumbnail-image-url":"https:\/\/websitedemos.net\/wp-content\/uploads\/2019\/07\/home-remodeling-testimonials.jpg","astra-page-api-url":"https:\/\/websitedemos.net\/home-remodeling-03\/wp-json\/wp\/v2\/pages\/35","dynamic-page":"no","astra-page-url":"\/\/websitedemos.net\/home-remodeling-03\/testimonials\/","astra-sites-tag":{"433":"testimonials"},"site-pages-type":"agency-mini","site-pages-page-builder":"beaver-builder","site-pages-category":[],"site-pages-parent-category":{"60":"business"},"required-plugins":[{"slug":"beaver-builder-lite-version","init":"beaver-builder-lite-version\/fl-builder.php","name":"Beaver Builder Plugin (Lite Version)"},{"slug":"bb-ultimate-addon","init":"bb-ultimate-addon\/bb-ultimate-addon.php","name":"Ultimate Addons for Beaver Builder"}]},"id-45553":{"title":"Contact","featured-image-url":"https:\/\/websitedemos.net\/wp-content\/uploads\/2019\/07\/home-remodeling-contact.jpg","thumbnail-image-url":"https:\/\/websitedemos.net\/wp-content\/uploads\/2019\/07\/home-remodeling-contact.jpg","astra-page-api-url":"https:\/\/websitedemos.net\/home-remodeling-03\/wp-json\/wp\/v2\/pages\/36","dynamic-page":"no","astra-page-url":"\/\/websitedemos.net\/home-remodeling-03\/contact\/","astra-sites-tag":{"415":"contact"},"site-pages-type":"agency-mini","site-pages-page-builder":"beaver-builder","site-pages-category":[],"site-pages-parent-category":{"60":"business"},"required-plugins":[{"slug":"beaver-builder-lite-version","init":"beaver-builder-lite-version\/fl-builder.php","name":"Beaver Builder Plugin (Lite Version)"},{"slug":"bb-ultimate-addon","init":"bb-ultimate-addon\/bb-ultimate-addon.php","name":"Ultimate Addons for Beaver Builder"},{"slug":"wpforms-lite","init":"wpforms-lite\/wpforms.php","name":"WPForms Lite"}]},"id-44019":{"title":"Home","featured-image-url":"https:\/\/websitedemos.net\/wp-content\/uploads\/2019\/07\/home-remodeling-home.jpg","thumbnail-image-url":"https:\/\/websitedemos.net\/wp-content\/uploads\/2019\/07\/home-remodeling-home.jpg","astra-page-api-url":"https:\/\/websitedemos.net\/home-remodeling-03\/wp-json\/wp\/v2\/pages\/31","dynamic-page":"no","astra-page-url":"\/\/websitedemos.net\/home-remodeling-03\/","astra-sites-tag":{"423":"home"},"site-pages-type":"agency-mini","site-pages-page-builder":"beaver-builder","site-pages-category":[],"site-pages-parent-category":{"60":"business"},"required-plugins":[{"slug":"beaver-builder-lite-version","init":"beaver-builder-lite-version\/fl-builder.php","name":"Beaver Builder Plugin (Lite Version)"},{"slug":"bb-ultimate-addon","init":"bb-ultimate-addon\/bb-ultimate-addon.php","name":"Ultimate Addons for Beaver Builder"}]},"id-44017":{"title":"About","featured-image-url":"https:\/\/websitedemos.net\/wp-content\/uploads\/2019\/07\/home-remodeling-about.jpg","thumbnail-image-url":"https:\/\/websitedemos.net\/wp-content\/uploads\/2019\/07\/home-remodeling-about.jpg","astra-page-api-url":"https:\/\/websitedemos.net\/home-remodeling-03\/wp-json\/wp\/v2\/pages\/32","dynamic-page":"no","astra-page-url":"\/\/websitedemos.net\/home-remodeling-03\/about\/","astra-sites-tag":{"352":"about"},"site-pages-type":"agency-mini","site-pages-page-builder":"beaver-builder","site-pages-category":[],"site-pages-parent-category":{"60":"business"},"required-plugins":[{"slug":"beaver-builder-lite-version","init":"beaver-builder-lite-version\/fl-builder.php","name":"Beaver Builder Plugin (Lite Version)"},{"slug":"bb-ultimate-addon","init":"bb-ultimate-addon\/bb-ultimate-addon.php","name":"Ultimate Addons for Beaver Builder"}]},"id-44021":{"title":"Services","featured-image-url":"https:\/\/websitedemos.net\/wp-content\/uploads\/2019\/07\/home-remodeling-services.jpg","thumbnail-image-url":"https:\/\/websitedemos.net\/wp-content\/uploads\/2019\/07\/home-remodeling-services.jpg","astra-page-api-url":"https:\/\/websitedemos.net\/home-remodeling-03\/wp-json\/wp\/v2\/pages\/33","dynamic-page":"no","astra-page-url":"\/\/websitedemos.net\/home-remodeling-03\/services\/","astra-sites-tag":{"425":"services"},"site-pages-type":"agency-mini","site-pages-page-builder":"beaver-builder","site-pages-category":[],"site-pages-parent-category":{"60":"business"},"required-plugins":[{"slug":"beaver-builder-lite-version","init":"beaver-builder-lite-version\/fl-builder.php","name":"Beaver Builder Plugin (Lite Version)"},{"slug":"bb-ultimate-addon","init":"bb-ultimate-addon\/bb-ultimate-addon.php","name":"Ultimate Addons for Beaver Builder"}]},"id-44020":{"title":"Projects","featured-image-url":"https:\/\/websitedemos.net\/wp-content\/uploads\/2019\/07\/home-remodeling-projects.jpg","thumbnail-image-url":"https:\/\/websitedemos.net\/wp-content\/uploads\/2019\/07\/home-remodeling-projects.jpg","astra-page-api-url":"https:\/\/websitedemos.net\/home-remodeling-03\/wp-json\/wp\/v2\/pages\/34","dynamic-page":"no","astra-page-url":"\/\/websitedemos.net\/home-remodeling-03\/projects\/","astra-sites-tag":{"444":"portfolio","424":"project"},"site-pages-type":"agency-mini","site-pages-page-builder":"beaver-builder","site-pages-category":[],"site-pages-parent-category":{"60":"business"},"required-plugins":[{"slug":"beaver-builder-lite-version","init":"beaver-builder-lite-version\/fl-builder.php","name":"Beaver Builder Plugin (Lite Version)"},{"slug":"bb-ultimate-addon","init":"bb-ultimate-addon\/bb-ultimate-addon.php","name":"Ultimate Addons for Beaver Builder"}]},"id-44022":{"title":"Testimonials","featured-image-url":"https:\/\/websitedemos.net\/wp-content\/uploads\/2019\/07\/home-remodeling-testimonials.jpg","thumbnail-image-url":"https:\/\/websitedemos.net\/wp-content\/uploads\/2019\/07\/home-remodeling-testimonials.jpg","astra-page-api-url":"https:\/\/websitedemos.net\/home-remodeling-03\/wp-json\/wp\/v2\/pages\/35","dynamic-page":"no","astra-page-url":"\/\/websitedemos.net\/home-remodeling-03\/testimonials\/","astra-sites-tag":{"432":"review","433":"testimonials"},"site-pages-type":"agency-mini","site-pages-page-builder":"beaver-builder","site-pages-category":[],"site-pages-parent-category":{"60":"business"},"required-plugins":[{"slug":"beaver-builder-lite-version","init":"beaver-builder-lite-version\/fl-builder.php","name":"Beaver Builder Plugin (Lite Version)"},{"slug":"bb-ultimate-addon","init":"bb-ultimate-addon\/bb-ultimate-addon.php","name":"Ultimate Addons for Beaver Builder"}]},"id-44018":{"title":"Contact","featured-image-url":"https:\/\/websitedemos.net\/wp-content\/uploads\/2019\/07\/home-remodeling-contact.jpg","thumbnail-image-url":"https:\/\/websitedemos.net\/wp-content\/uploads\/2019\/07\/home-remodeling-contact.jpg","astra-page-api-url":"https:\/\/websitedemos.net\/home-remodeling-03\/wp-json\/wp\/v2\/pages\/36","dynamic-page":"no","astra-page-url":"\/\/websitedemos.net\/home-remodeling-03\/contact\/","astra-sites-tag":{"415":"contact","377":"get-in-touch"},"site-pages-type":"agency-mini","site-pages-page-builder":"beaver-builder","site-pages-category":[],"site-pages-parent-category":{"60":"business"},"required-plugins":[{"slug":"beaver-builder-lite-version","init":"beaver-builder-lite-version\/fl-builder.php","name":"Beaver Builder Plugin (Lite Version)"},{"slug":"bb-ultimate-addon","init":"bb-ultimate-addon\/bb-ultimate-addon.php","name":"Ultimate Addons for Beaver Builder"}]}},"related-bb-template":"","related-elementor-template":"","related-gutenberg-template":"","related_ecommerce_template":"","ecommerce_parent_template":""},"id-21626":{"title":"Real Estate","id":21626,"publish-date":1556774023,"featured-image-url":"https:\/\/websitedemos.net\/wp-content\/uploads\/2019\/07\/real-estate-02-homepage.jpg","thumbnail-image-url":"https:\/\/websitedemos.net\/wp-content\/uploads\/2019\/07\/real-estate-02-homepage.jpg","fullpage-thumbnail-image-url":"https:\/\/websitedemos.net\/wp-content\/uploads\/2019\/07\/real-estate-02-homepage.jpg","astra-site-url":"\/\/websitedemos.net\/real-estate-02","astra-site-parent-id":135,"astra-sites-tag":{"979":"company","3416":"elementor","550":"estate-broking","547":"listing","812":"office","549":"property","485":"real-estate","548":"renting-property"},"astra-sites-type":"free","astra-site-category":{"27":"business","39":"free"},"astra-sites-template-category":{"2777":"business","2832":"property","2778":"real-estate"},"astra-site-page-builder":"elementor","categories":{"3427":"default","3428":"free","2484":"real-estate"},"required-plugins":[{"slug":"elementor","init":"elementor\/elementor.php","name":"Elementor"},{"slug":"wpforms-lite","init":"wpforms-lite\/wpforms.php","name":"WPForms Lite"}],"post-status":"publish","post-content":"<!-- wp:paragraph -->\n<p>The Real Estate web template makes an instant impression with a strong purple color and contact form front and center. It\u2019s ideal for real estate, as it opens out into featured property sections, listings sections and supplementary content ideal for the niche.<\/p>\n<!-- \/wp:paragraph -->\n\n<!-- wp:paragraph -->\n<p>Extra pages all reflect the needs of real estate while reflecting the overall aesthetic, ideal for real estate agents or the property industry. Everything you see on the page is fully customizable so you can quickly change anything you see to fit your brand.<\/p>\n<!-- \/wp:paragraph -->\n\n<!-- wp:heading {\"UAGDay\":[]} -->\n<h2 class=\"wp-block-heading\">Key features of the Real Estate template<\/h2>\n<!-- \/wp:heading -->\n\n<!-- wp:list -->\n<ul><!-- wp:list-item -->\n<li>Makes an engaging first impression<\/li>\n<!-- \/wp:list-item -->\n\n<!-- wp:list-item -->\n<li>Includes options for featured properties and agent bios<\/li>\n<!-- \/wp:list-item -->\n\n<!-- wp:list-item -->\n<li>Includes supplementary pages already constructed<\/li>\n<!-- \/wp:list-item -->\n\n<!-- wp:list-item -->\n<li>Customize everything you see on the page<\/li>\n<!-- \/wp:list-item -->\n\n<!-- wp:list-item -->\n<li>Full compatibility with leading page builders<\/li>\n<!-- \/wp:list-item --><\/ul>\n<!-- \/wp:list -->","post-excerpt":"Modern real estate template with flexible property showcases ideal for the industry","pages":{"id-23299":{"title":"Home","featured-image-url":"https:\/\/websitedemos.net\/wp-content\/uploads\/2019\/07\/real-estate-02-homepage.jpg","thumbnail-image-url":"https:\/\/websitedemos.net\/wp-content\/uploads\/2019\/07\/real-estate-02-homepage.jpg","astra-page-api-url":"https:\/\/websitedemos.net\/real-estate-02\/wp-json\/wp\/v2\/pages\/12","dynamic-page":"no","astra-page-url":"\/\/websitedemos.net\/real-estate-02\/","astra-sites-tag":{"423":"home"},"site-pages-type":"free","site-pages-page-builder":"elementor","site-pages-category":[],"site-pages-parent-category":{"60":"business","61":"free"},"required-plugins":[{"slug":"elementor","init":"elementor\/elementor.php","name":"Elementor"},{"slug":"wpforms-lite","init":"wpforms-lite\/wpforms.php","name":"WPForms Lite"}]},"id-23295":{"title":"About Us","featured-image-url":"https:\/\/websitedemos.net\/wp-content\/uploads\/2019\/07\/real-estate-02-about.jpg","thumbnail-image-url":"https:\/\/websitedemos.net\/wp-content\/uploads\/2019\/07\/real-estate-02-about.jpg","astra-page-api-url":"https:\/\/websitedemos.net\/real-estate-02\/wp-json\/wp\/v2\/pages\/14","dynamic-page":"no","astra-page-url":"\/\/websitedemos.net\/real-estate-02\/about-us\/","astra-sites-tag":{"352":"about","455":"about-us"},"site-pages-type":"free","site-pages-page-builder":"elementor","site-pages-category":[],"site-pages-parent-category":{"60":"business","61":"free"},"required-plugins":[{"slug":"elementor","init":"elementor\/elementor.php","name":"Elementor"}]},"id-23300":{"title":"Properties","featured-image-url":"https:\/\/websitedemos.net\/wp-content\/uploads\/2019\/07\/real-estate-02-properties.jpg","thumbnail-image-url":"https:\/\/websitedemos.net\/wp-content\/uploads\/2019\/07\/real-estate-02-properties.jpg","astra-page-api-url":"https:\/\/websitedemos.net\/real-estate-02\/wp-json\/wp\/v2\/pages\/16","dynamic-page":"no","astra-page-url":"\/\/websitedemos.net\/real-estate-02\/properties\/","astra-sites-tag":{"461":"gallery","444":"portfolio","553":"properties","451":"work"},"site-pages-type":"free","site-pages-page-builder":"elementor","site-pages-category":[],"site-pages-parent-category":{"60":"business","61":"free"},"required-plugins":[{"slug":"elementor","init":"elementor\/elementor.php","name":"Elementor"}]},"id-23296":{"title":"Agents","featured-image-url":"https:\/\/websitedemos.net\/wp-content\/uploads\/2019\/07\/real-estate-02-agents.jpg","thumbnail-image-url":"https:\/\/websitedemos.net\/wp-content\/uploads\/2019\/07\/real-estate-02-agents.jpg","astra-page-api-url":"https:\/\/websitedemos.net\/real-estate-02\/wp-json\/wp\/v2\/pages\/18","dynamic-page":"no","astra-page-url":"\/\/websitedemos.net\/real-estate-02\/agents\/","astra-sites-tag":{"352":"about","552":"agents","486":"team"},"site-pages-type":"free","site-pages-page-builder":"elementor","site-pages-category":[],"site-pages-parent-category":{"60":"business","61":"free"},"required-plugins":[{"slug":"elementor","init":"elementor\/elementor.php","name":"Elementor"}]},"id-23298":{"title":"FAQ","featured-image-url":"https:\/\/websitedemos.net\/wp-content\/uploads\/2019\/07\/real-estate-02-faq.jpg","thumbnail-image-url":"https:\/\/websitedemos.net\/wp-content\/uploads\/2019\/07\/real-estate-02-faq.jpg","astra-page-api-url":"https:\/\/websitedemos.net\/real-estate-02\/wp-json\/wp\/v2\/pages\/20","dynamic-page":"no","astra-page-url":"\/\/websitedemos.net\/real-estate-02\/faq\/","astra-sites-tag":{"426":"faq"},"site-pages-type":"free","site-pages-page-builder":"elementor","site-pages-category":[],"site-pages-parent-category":{"60":"business","61":"free"},"required-plugins":[{"slug":"elementor","init":"elementor\/elementor.php","name":"Elementor"}]},"id-23297":{"title":"Contact","featured-image-url":"https:\/\/websitedemos.net\/wp-content\/uploads\/2019\/07\/real-estate-02-contact-1.jpg","thumbnail-image-url":"https:\/\/websitedemos.net\/wp-content\/uploads\/2019\/07\/real-estate-02-contact-1.jpg","astra-page-api-url":"https:\/\/websitedemos.net\/real-estate-02\/wp-json\/wp\/v2\/pages\/22","dynamic-page":"no","astra-page-url":"\/\/websitedemos.net\/real-estate-02\/contact\/","astra-sites-tag":{"415":"contact","454":"contact-us"},"site-pages-type":"free","site-pages-page-builder":"elementor","site-pages-category":[],"site-pages-parent-category":{"60":"business","61":"free"},"required-plugins":[{"slug":"elementor","init":"elementor\/elementor.php","name":"Elementor"},{"slug":"wpforms-lite","init":"wpforms-lite\/wpforms.php","name":"WPForms Lite"}]}},"related-bb-template":"","related-elementor-template":"","related-gutenberg-template":"","related_ecommerce_template":"","ecommerce_parent_template":""},"id-21841":{"title":"Towing Services\u200b","id":21841,"publish-date":1556622587,"featured-image-url":"https:\/\/websitedemos.net\/wp-content\/uploads\/2019\/07\/tow-services-04-homepage.jpg","thumbnail-image-url":"https:\/\/websitedemos.net\/wp-content\/uploads\/2019\/07\/tow-services-04-homepage.jpg","fullpage-thumbnail-image-url":"https:\/\/websitedemos.net\/wp-content\/uploads\/2019\/07\/tow-services-04-homepage.jpg","astra-site-url":"\/\/websitedemos.net\/tow-services-04","astra-site-parent-id":85,"astra-sites-tag":{"555":"car-tow-service","554":"emergency-services","1021":"local-business","556":"tow-services"},"astra-sites-type":"agency-mini","astra-site-category":{"27":"business"},"astra-sites-template-category":{"2777":"business","2831":"service"},"astra-site-page-builder":"elementor","categories":{"3430":"dark","3427":"default","3429":"premium","2473":"transport"},"required-plugins":[{"slug":"elementor","init":"elementor\/elementor.php","name":"Elementor"},{"slug":"ultimate-elementor","init":"ultimate-elementor\/ultimate-elementor.php","name":"Ultimate Addons for Elementor"},{"slug":"wpforms-lite","init":"wpforms-lite\/wpforms.php","name":"WPForms Lite"}],"post-status":"publish","post-content":"<!-- wp:paragraph -->\n<p>The Towing Services\u200b template uses a contrasting dark and light scheme to make key areas stand out. In this case, contact details and calls to action, ideal for engaging readers and letting them quickly get in touch.<\/p>\n<!-- \/wp:paragraph -->\n\n<!-- wp:paragraph -->\n<p>The theme has a professional feel with dark gray background and shaded images and bold yellow contrast color. The service boxes in the center are particularly good, while the rest of the template definitely doesn\u2019t disappoint.<\/p>\n<!-- \/wp:paragraph -->\n\n<!-- wp:heading -->\n<h2>Key features of the Towing Services template<\/h2>\n<!-- \/wp:heading -->\n\n<!-- wp:list -->\n<ul><li>Strong, modern scheme with professional design<\/li><li>Contrasting dark gray and yellow colorway<\/li><li>Great use of colors for calls to action<\/li><li>Supplementary pages reflect the core design<\/li><li>Full compatibility with leading page builders<\/li><\/ul>\n<!-- \/wp:list -->","post-excerpt":"Effective web template ideal for towing and for any professional service companies","pages":{"id-22704":{"title":"Home","featured-image-url":"https:\/\/websitedemos.net\/wp-content\/uploads\/2019\/07\/tow-services-04-homepage.jpg","thumbnail-image-url":"https:\/\/websitedemos.net\/wp-content\/uploads\/2019\/07\/tow-services-04-homepage.jpg","astra-page-api-url":"https:\/\/websitedemos.net\/tow-services-04\/wp-json\/wp\/v2\/pages\/6","dynamic-page":"no","astra-page-url":"\/\/websitedemos.net\/tow-services-04\/","astra-sites-tag":{"423":"home"},"site-pages-type":"agency-mini","site-pages-page-builder":"elementor","site-pages-category":[],"site-pages-parent-category":{"60":"business"},"required-plugins":[{"slug":"elementor","init":"elementor\/elementor.php","name":"Elementor"},{"slug":"ultimate-elementor","init":"ultimate-elementor\/ultimate-elementor.php","name":"Ultimate Addons for Elementor"}]},"id-22701":{"title":"About","featured-image-url":"https:\/\/websitedemos.net\/wp-content\/uploads\/2019\/07\/tow-services-04-about.jpg","thumbnail-image-url":"https:\/\/websitedemos.net\/wp-content\/uploads\/2019\/07\/tow-services-04-about.jpg","astra-page-api-url":"https:\/\/websitedemos.net\/tow-services-04\/wp-json\/wp\/v2\/pages\/8","dynamic-page":"no","astra-page-url":"\/\/websitedemos.net\/tow-services-04\/about\/","astra-sites-tag":{"352":"about","455":"about-us"},"site-pages-type":"agency-mini","site-pages-page-builder":"elementor","site-pages-category":[],"site-pages-parent-category":{"60":"business"},"required-plugins":[{"slug":"elementor","init":"elementor\/elementor.php","name":"Elementor"},{"slug":"ultimate-elementor","init":"ultimate-elementor\/ultimate-elementor.php","name":"Ultimate Addons for Elementor"}]},"id-22705":{"title":"Services","featured-image-url":"https:\/\/websitedemos.net\/wp-content\/uploads\/2019\/07\/tow-services-04-services.jpg","thumbnail-image-url":"https:\/\/websitedemos.net\/wp-content\/uploads\/2019\/07\/tow-services-04-services.jpg","astra-page-api-url":"https:\/\/websitedemos.net\/tow-services-04\/wp-json\/wp\/v2\/pages\/10","dynamic-page":"no","astra-page-url":"\/\/websitedemos.net\/tow-services-04\/services\/","astra-sites-tag":{"425":"services","451":"work"},"site-pages-type":"agency-mini","site-pages-page-builder":"elementor","site-pages-category":[],"site-pages-parent-category":{"60":"business"},"required-plugins":[{"slug":"elementor","init":"elementor\/elementor.php","name":"Elementor"},{"slug":"ultimate-elementor","init":"ultimate-elementor\/ultimate-elementor.php","name":"Ultimate Addons for Elementor"}]},"id-22706":{"title":"Testimonials","featured-image-url":"https:\/\/websitedemos.net\/wp-content\/uploads\/2019\/07\/tow-services-04-testimonials.jpg","thumbnail-image-url":"https:\/\/websitedemos.net\/wp-content\/uploads\/2019\/07\/tow-services-04-testimonials.jpg","astra-page-api-url":"https:\/\/websitedemos.net\/tow-services-04\/wp-json\/wp\/v2\/pages\/12","dynamic-page":"no","astra-page-url":"\/\/websitedemos.net\/tow-services-04\/testimonials\/","astra-sites-tag":{"433":"testimonials"},"site-pages-type":"agency-mini","site-pages-page-builder":"elementor","site-pages-category":[],"site-pages-parent-category":{"60":"business"},"required-plugins":[{"slug":"elementor","init":"elementor\/elementor.php","name":"Elementor"},{"slug":"ultimate-elementor","init":"ultimate-elementor\/ultimate-elementor.php","name":"Ultimate Addons for Elementor"}]},"id-22703":{"title":"FAQ","featured-image-url":"https:\/\/websitedemos.net\/wp-content\/uploads\/2019\/07\/tow-services-04-faq.jpg","thumbnail-image-url":"https:\/\/websitedemos.net\/wp-content\/uploads\/2019\/07\/tow-services-04-faq.jpg","astra-page-api-url":"https:\/\/websitedemos.net\/tow-services-04\/wp-json\/wp\/v2\/pages\/14","dynamic-page":"no","astra-page-url":"\/\/websitedemos.net\/tow-services-04\/faq\/","astra-sites-tag":{"426":"faq"},"site-pages-type":"agency-mini","site-pages-page-builder":"elementor","site-pages-category":[],"site-pages-parent-category":{"60":"business"},"required-plugins":[{"slug":"elementor","init":"elementor\/elementor.php","name":"Elementor"},{"slug":"ultimate-elementor","init":"ultimate-elementor\/ultimate-elementor.php","name":"Ultimate Addons for Elementor"}]},"id-22702":{"title":"Contact","featured-image-url":"https:\/\/websitedemos.net\/wp-content\/uploads\/2019\/07\/tow-services-04-contact-1.jpg","thumbnail-image-url":"https:\/\/websitedemos.net\/wp-content\/uploads\/2019\/07\/tow-services-04-contact-1.jpg","astra-page-api-url":"https:\/\/websitedemos.net\/tow-services-04\/wp-json\/wp\/v2\/pages\/16","dynamic-page":"no","astra-page-url":"\/\/websitedemos.net\/tow-services-04\/contact\/","astra-sites-tag":{"415":"contact"},"site-pages-type":"agency-mini","site-pages-page-builder":"elementor","site-pages-category":[],"site-pages-parent-category":{"60":"business"},"required-plugins":[{"slug":"elementor","init":"elementor\/elementor.php","name":"Elementor"},{"slug":"ultimate-elementor","init":"ultimate-elementor\/ultimate-elementor.php","name":"Ultimate Addons for Elementor"},{"slug":"wpforms-lite","init":"wpforms-lite\/wpforms.php","name":"WPForms Lite"}]}},"related-bb-template":"","related-elementor-template":"","related-gutenberg-template":"","related_ecommerce_template":"","ecommerce_parent_template":""},"id-55382":{"title":"Salon &amp; Spa","id":55382,"publish-date":1621863472,"featured-image-url":"https:\/\/websitedemos.net\/wp-content\/uploads\/2021\/05\/stylist-02-home-1.jpg","thumbnail-image-url":"https:\/\/websitedemos.net\/wp-content\/uploads\/2021\/05\/stylist-02-home-1.jpg","fullpage-thumbnail-image-url":"https:\/\/websitedemos.net\/wp-content\/uploads\/2021\/05\/stylist-02-home-1.jpg","astra-site-url":"\/\/websitedemos.net\/stylist-02","astra-site-parent-id":2096,"astra-sites-tag":{"2102":"beautician","2121":"beauty-parlor","2106":"beauty-salon","3416":"elementor","2120":"fashion-and-beauty","1642":"hair-salon","2108":"hairdresser","577":"makeup-artist","2119":"salon-and-spa","530":"spa","2107":"stylist","619":"wellness"},"astra-sites-type":"free","astra-site-category":{"27":"business","39":"free"},"astra-sites-template-category":{"2790":"beauty-fashion","2777":"business","2821":"feminine-girly","2890":"makeup-cosmetic","2837":"salon","2856":"spa"},"astra-site-page-builder":"elementor","categories":{"2479":"beauty","3427":"default","3434":"feminine","3428":"free"},"required-plugins":[{"slug":"elementor","init":"elementor\/elementor.php","name":"Elementor"},{"slug":"wpforms-lite","init":"wpforms-lite\/wpforms.php","name":"WPForms Lite"}],"post-status":"publish","post-content":"<!-- wp:paragraph -->\n<p>The Salon &amp; Spa template is a minimalist design with lots of empty space designed to make your content and images stand out. Despite that minimalism, there is everything here you will need to promote your salon or spa.<\/p>\n<!-- \/wp:paragraph -->\n\n<!-- wp:paragraph -->\n<p>The design uses white and pastel colors with a stronger color for calls to action. Image use is plentiful, which is ideal for a visual industry like hair and beauty. There is space to showcase your products and services and an attractive contact form too.<\/p>\n<!-- \/wp:paragraph -->\n\n<!-- wp:heading -->\n<h2>Key features of the Salon &amp; Spa template<\/h2>\n<!-- \/wp:heading -->\n\n<!-- wp:list -->\n<ul><li>Minimalist design that lets your content stand proud<\/li><li>Plenty of content and image areas to promote your salon or spa<\/li><li>Good use of colors to create elegance<\/li><li>Sample pages already created and ready to use<\/li><li>Full compatibility with leading page builders<\/li><\/ul>\n<!-- \/wp:list -->","post-excerpt":"Minimal design with a lot to say, ideal for the beauty niche and salons or spas","pages":{"id-55384":{"title":"Contact","featured-image-url":"https:\/\/websitedemos.net\/wp-content\/uploads\/2021\/05\/stylist-02-contact-1.jpg","thumbnail-image-url":"https:\/\/websitedemos.net\/wp-content\/uploads\/2021\/05\/stylist-02-contact-1.jpg","astra-page-api-url":"https:\/\/websitedemos.net\/stylist-02\/wp-json\/wp\/v2\/pages\/816","dynamic-page":"no","astra-page-url":"\/\/websitedemos.net\/stylist-02\/contact\/","astra-sites-tag":{"415":"contact"},"site-pages-type":"free","site-pages-page-builder":"elementor","site-pages-category":[],"site-pages-parent-category":{"60":"business","61":"free"},"required-plugins":[{"slug":"elementor","init":"elementor\/elementor.php","name":"Elementor"},{"slug":"wpforms-lite","init":"wpforms-lite\/wpforms.php","name":"WPForms Lite"}]},"id-55383":{"title":"About","featured-image-url":"https:\/\/websitedemos.net\/wp-content\/uploads\/2021\/05\/stylist-02-about-1.jpg","thumbnail-image-url":"https:\/\/websitedemos.net\/wp-content\/uploads\/2021\/05\/stylist-02-about-1.jpg","astra-page-api-url":"https:\/\/websitedemos.net\/stylist-02\/wp-json\/wp\/v2\/pages\/950","dynamic-page":"no","astra-page-url":"\/\/websitedemos.net\/stylist-02\/about\/","astra-sites-tag":{"352":"about"},"site-pages-type":"free","site-pages-page-builder":"elementor","site-pages-category":[],"site-pages-parent-category":{"60":"business","61":"free"},"required-plugins":[{"slug":"elementor","init":"elementor\/elementor.php","name":"Elementor"}]},"id-55385":{"title":"Home","featured-image-url":"https:\/\/websitedemos.net\/wp-content\/uploads\/2021\/05\/stylist-02-home-1.jpg","thumbnail-image-url":"https:\/\/websitedemos.net\/wp-content\/uploads\/2021\/05\/stylist-02-home-1.jpg","astra-page-api-url":"https:\/\/websitedemos.net\/stylist-02\/wp-json\/wp\/v2\/pages\/6","dynamic-page":"no","astra-page-url":"\/\/websitedemos.net\/stylist-02\/","astra-sites-tag":{"423":"home"},"site-pages-type":"free","site-pages-page-builder":"elementor","site-pages-category":[],"site-pages-parent-category":{"60":"business","61":"free"},"required-plugins":[{"slug":"elementor","init":"elementor\/elementor.php","name":"Elementor"}]},"id-55386":{"title":"Services","featured-image-url":"https:\/\/websitedemos.net\/wp-content\/uploads\/2021\/05\/stylist-02-services-1.jpg","thumbnail-image-url":"https:\/\/websitedemos.net\/wp-content\/uploads\/2021\/05\/stylist-02-services-1.jpg","astra-page-api-url":"https:\/\/websitedemos.net\/stylist-02\/wp-json\/wp\/v2\/pages\/996","dynamic-page":"no","astra-page-url":"\/\/websitedemos.net\/stylist-02\/services\/","astra-sites-tag":{"425":"services"},"site-pages-type":"free","site-pages-page-builder":"elementor","site-pages-category":[],"site-pages-parent-category":{"60":"business","61":"free"},"required-plugins":[{"slug":"elementor","init":"elementor\/elementor.php","name":"Elementor"}]}},"related-bb-template":"","related-elementor-template":55382,"related-gutenberg-template":55398,"related_ecommerce_template":"","ecommerce_parent_template":""},"id-55398":{"title":"Salon &amp; Spa","id":55398,"publish-date":1621884270,"featured-image-url":"https:\/\/websitedemos.net\/wp-content\/uploads\/2021\/05\/stylist-08.jpg","thumbnail-image-url":"https:\/\/websitedemos.net\/wp-content\/uploads\/2021\/05\/stylist-08-600x2474.jpg","fullpage-thumbnail-image-url":"https:\/\/websitedemos.net\/wp-content\/uploads\/2021\/05\/stylist-08-400x1649.jpg","astra-site-url":"\/\/websitedemos.net\/stylist-08","astra-site-parent-id":2101,"astra-sites-tag":{"2102":"beautician","2121":"beauty-parlor","2106":"beauty-salon","2120":"fashion-and-beauty","1642":"hair-salon","2108":"hairdresser","577":"makeup-artist","2119":"salon-and-spa","530":"spa","2107":"stylist","619":"wellness"},"astra-sites-type":"free","astra-site-category":{"27":"business","39":"free"},"astra-sites-template-category":[],"astra-site-page-builder":"gutenberg","categories":{"2479":"beauty"},"required-plugins":[{"slug":"ultimate-addons-for-gutenberg","init":"ultimate-addons-for-gutenberg\/ultimate-addons-for-gutenberg.php","name":"Spectra"}],"post-status":"publish","post-content":"","post-excerpt":"","pages":{"id-55400":{"title":"Contact","featured-image-url":"https:\/\/websitedemos.net\/wp-content\/uploads\/2021\/05\/stylist-contact-08.jpg","thumbnail-image-url":"https:\/\/websitedemos.net\/wp-content\/uploads\/2021\/05\/stylist-contact-08-600x879.jpg","astra-page-api-url":"https:\/\/websitedemos.net\/stylist-08\/wp-json\/wp\/v2\/pages\/904","dynamic-page":"no","astra-page-url":"\/\/websitedemos.net\/stylist-08\/contact\/","astra-sites-tag":{"415":"contact"},"site-pages-type":"free","site-pages-page-builder":"gutenberg","site-pages-category":[],"site-pages-parent-category":{"60":"business","61":"free"},"required-plugins":[{"slug":"ultimate-addons-for-gutenberg","init":"ultimate-addons-for-gutenberg\/ultimate-addons-for-gutenberg.php","name":"Spectra"}]},"id-55399":{"title":"About","featured-image-url":"https:\/\/websitedemos.net\/wp-content\/uploads\/2021\/05\/stylist-about-08.jpg","thumbnail-image-url":"https:\/\/websitedemos.net\/wp-content\/uploads\/2021\/05\/stylist-about-08-600x1247.jpg","astra-page-api-url":"https:\/\/websitedemos.net\/stylist-08\/wp-json\/wp\/v2\/pages\/900","dynamic-page":"no","astra-page-url":"\/\/websitedemos.net\/stylist-08\/about\/","astra-sites-tag":{"352":"about"},"site-pages-type":"free","site-pages-page-builder":"gutenberg","site-pages-category":[],"site-pages-parent-category":{"60":"business","61":"free"},"required-plugins":[{"slug":"ultimate-addons-for-gutenberg","init":"ultimate-addons-for-gutenberg\/ultimate-addons-for-gutenberg.php","name":"Spectra"}]},"id-55402":{"title":"Services","featured-image-url":"https:\/\/websitedemos.net\/wp-content\/uploads\/2021\/05\/stylist-services-08.jpg","thumbnail-image-url":"https:\/\/websitedemos.net\/wp-content\/uploads\/2021\/05\/stylist-services-08-600x1642.jpg","astra-page-api-url":"https:\/\/websitedemos.net\/stylist-08\/wp-json\/wp\/v2\/pages\/902","dynamic-page":"no","astra-page-url":"\/\/websitedemos.net\/stylist-08\/services\/","astra-sites-tag":{"425":"services"},"site-pages-type":"free","site-pages-page-builder":"gutenberg","site-pages-category":[],"site-pages-parent-category":{"60":"business","61":"free"},"required-plugins":[{"slug":"ultimate-addons-for-gutenberg","init":"ultimate-addons-for-gutenberg\/ultimate-addons-for-gutenberg.php","name":"Spectra"}]},"id-55401":{"title":"Home","featured-image-url":"https:\/\/websitedemos.net\/wp-content\/uploads\/2021\/05\/stylist-08.jpg","thumbnail-image-url":"https:\/\/websitedemos.net\/wp-content\/uploads\/2021\/05\/stylist-08-600x2474.jpg","astra-page-api-url":"https:\/\/websitedemos.net\/stylist-08\/wp-json\/wp\/v2\/pages\/6","dynamic-page":"no","astra-page-url":"\/\/websitedemos.net\/stylist-08\/","astra-sites-tag":{"423":"home"},"site-pages-type":"free","site-pages-page-builder":"gutenberg","site-pages-category":[],"site-pages-parent-category":{"60":"business","61":"free"},"required-plugins":[{"slug":"ultimate-addons-for-gutenberg","init":"ultimate-addons-for-gutenberg\/ultimate-addons-for-gutenberg.php","name":"Spectra"}]}},"related-bb-template":"","related-elementor-template":"","related-gutenberg-template":"","related_ecommerce_template":"","ecommerce_parent_template":""},"id-21814":{"title":"Swimming Pool Services","id":21814,"publish-date":1556196138,"featured-image-url":"https:\/\/websitedemos.net\/wp-content\/uploads\/2019\/07\/pool-services-04-homepage.jpg","thumbnail-image-url":"https:\/\/websitedemos.net\/wp-content\/uploads\/2019\/07\/pool-services-04-homepage.jpg","fullpage-thumbnail-image-url":"https:\/\/websitedemos.net\/wp-content\/uploads\/2019\/07\/pool-services-04-homepage.jpg","astra-site-url":"\/\/websitedemos.net\/pool-services-04","astra-site-parent-id":89,"astra-sites-tag":{"3416":"elementor","567":"pool-maintenance","1844":"premium","569":"swimming-pool","570":"water-pool"},"astra-sites-type":"agency-mini","astra-site-category":{"27":"business"},"astra-sites-template-category":{"2777":"business","2819":"cleaning","2831":"service"},"astra-site-page-builder":"elementor","categories":{"3427":"default","2471":"local-technician","3429":"premium"},"required-plugins":[{"slug":"elementor","init":"elementor\/elementor.php","name":"Elementor"},{"slug":"ultimate-elementor","init":"ultimate-elementor\/ultimate-elementor.php","name":"Ultimate Addons for Elementor"},{"slug":"wpforms-lite","init":"wpforms-lite\/wpforms.php","name":"WPForms Lite"}],"post-status":"publish","post-content":"<!-- wp:paragraph -->\n<p>The Swimming Pool Services template begins strongly with a full size image of a pool with an engaging blue and white colorway. A bold contrast color works well for calls to action while alternating dark and light fonts keep you scrolling.<\/p>\n<!-- \/wp:paragraph -->\n\n<!-- wp:paragraph -->\n<p>The template uses emotive imagery that tells your story while creating the lifestyle your clients are likely to have. Pages are completely flexible, with the ability to change everything you see on the page. Ideal for modern business!<\/p>\n<!-- \/wp:paragraph -->\n\n<!-- wp:heading -->\n<h2>Key features of the Swimming Pool Services template<\/h2>\n<!-- \/wp:heading -->\n\n<!-- wp:list -->\n<ul><li>Impactful full screen image with bold headline<\/li><li>Well-chosen fonts and colors ideal for the niche<\/li><li>Provides lots of opportunities to use images<\/li><li>Essential pages already created<\/li><li>Full compatibility with leading page builders<\/li><\/ul>\n<!-- \/wp:list -->","post-excerpt":"Well-designed web template for pool cleaners, installers and related businesses","pages":{"id-22826":{"title":"Home","featured-image-url":"https:\/\/websitedemos.net\/wp-content\/uploads\/2019\/07\/pool-services-04-homepage.jpg","thumbnail-image-url":"https:\/\/websitedemos.net\/wp-content\/uploads\/2019\/07\/pool-services-04-homepage.jpg","astra-page-api-url":"https:\/\/websitedemos.net\/pool-services-04\/wp-json\/wp\/v2\/pages\/6","dynamic-page":"no","astra-page-url":"\/\/websitedemos.net\/pool-services-04\/","astra-sites-tag":{"423":"home"},"site-pages-type":"agency-mini","site-pages-page-builder":"elementor","site-pages-category":[],"site-pages-parent-category":{"60":"business"},"required-plugins":[{"slug":"elementor","init":"elementor\/elementor.php","name":"Elementor"},{"slug":"ultimate-elementor","init":"ultimate-elementor\/ultimate-elementor.php","name":"Ultimate Addons for Elementor"}]},"id-22822":{"title":"About","featured-image-url":"https:\/\/websitedemos.net\/wp-content\/uploads\/2019\/07\/pool-services-about.jpg","thumbnail-image-url":"https:\/\/websitedemos.net\/wp-content\/uploads\/2019\/07\/pool-services-about.jpg","astra-page-api-url":"https:\/\/websitedemos.net\/pool-services-04\/wp-json\/wp\/v2\/pages\/16","dynamic-page":"no","astra-page-url":"\/\/websitedemos.net\/pool-services-04\/about\/","astra-sites-tag":{"352":"about"},"site-pages-type":"agency-mini","site-pages-page-builder":"elementor","site-pages-category":[],"site-pages-parent-category":{"60":"business"},"required-plugins":[{"slug":"elementor","init":"elementor\/elementor.php","name":"Elementor"},{"slug":"ultimate-elementor","init":"ultimate-elementor\/ultimate-elementor.php","name":"Ultimate Addons for Elementor"}]},"id-22828":{"title":"Services","featured-image-url":"https:\/\/websitedemos.net\/wp-content\/uploads\/2019\/07\/pool-services-04-services.jpg","thumbnail-image-url":"https:\/\/websitedemos.net\/wp-content\/uploads\/2019\/07\/pool-services-04-services.jpg","astra-page-api-url":"https:\/\/websitedemos.net\/pool-services-04\/wp-json\/wp\/v2\/pages\/14","dynamic-page":"no","astra-page-url":"\/\/websitedemos.net\/pool-services-04\/services\/","astra-sites-tag":{"425":"services"},"site-pages-type":"agency-mini","site-pages-page-builder":"elementor","site-pages-category":[],"site-pages-parent-category":{"60":"business"},"required-plugins":[{"slug":"elementor","init":"elementor\/elementor.php","name":"Elementor"},{"slug":"ultimate-elementor","init":"ultimate-elementor\/ultimate-elementor.php","name":"Ultimate Addons for Elementor"}]},"id-22825":{"title":"Gallery","featured-image-url":"https:\/\/websitedemos.net\/wp-content\/uploads\/2019\/07\/pool-services-04-gallery.jpg","thumbnail-image-url":"https:\/\/websitedemos.net\/wp-content\/uploads\/2019\/07\/pool-services-04-gallery.jpg","astra-page-api-url":"https:\/\/websitedemos.net\/pool-services-04\/wp-json\/wp\/v2\/pages\/12","dynamic-page":"no","astra-page-url":"\/\/websitedemos.net\/pool-services-04\/gallery\/","astra-sites-tag":{"461":"gallery","444":"portfolio"},"site-pages-type":"agency-mini","site-pages-page-builder":"elementor","site-pages-category":[],"site-pages-parent-category":{"60":"business"},"required-plugins":[{"slug":"elementor","init":"elementor\/elementor.php","name":"Elementor"},{"slug":"ultimate-elementor","init":"ultimate-elementor\/ultimate-elementor.php","name":"Ultimate Addons for Elementor"}]},"id-22827":{"title":"Reviews","featured-image-url":"https:\/\/websitedemos.net\/wp-content\/uploads\/2019\/07\/pool-services-04-reviews.jpg","thumbnail-image-url":"https:\/\/websitedemos.net\/wp-content\/uploads\/2019\/07\/pool-services-04-reviews.jpg","astra-page-api-url":"https:\/\/websitedemos.net\/pool-services-04\/wp-json\/wp\/v2\/pages\/10","dynamic-page":"no","astra-page-url":"\/\/websitedemos.net\/pool-services-04\/testimonials\/","astra-sites-tag":{"433":"testimonials"},"site-pages-type":"agency-mini","site-pages-page-builder":"elementor","site-pages-category":[],"site-pages-parent-category":{"60":"business"},"required-plugins":[{"slug":"elementor","init":"elementor\/elementor.php","name":"Elementor"},{"slug":"ultimate-elementor","init":"ultimate-elementor\/ultimate-elementor.php","name":"Ultimate Addons for Elementor"}]},"id-22824":{"title":"FAQ","featured-image-url":"https:\/\/websitedemos.net\/wp-content\/uploads\/2019\/07\/pool-services-04-faq.jpg","thumbnail-image-url":"https:\/\/websitedemos.net\/wp-content\/uploads\/2019\/07\/pool-services-04-faq.jpg","astra-page-api-url":"https:\/\/websitedemos.net\/pool-services-04\/wp-json\/wp\/v2\/pages\/202","dynamic-page":"no","astra-page-url":"\/\/websitedemos.net\/pool-services-04\/faq\/","astra-sites-tag":{"426":"faq"},"site-pages-type":"agency-mini","site-pages-page-builder":"elementor","site-pages-category":[],"site-pages-parent-category":{"60":"business"},"required-plugins":[{"slug":"elementor","init":"elementor\/elementor.php","name":"Elementor"},{"slug":"ultimate-elementor","init":"ultimate-elementor\/ultimate-elementor.php","name":"Ultimate Addons for Elementor"}]},"id-22823":{"title":"Contact","featured-image-url":"https:\/\/websitedemos.net\/wp-content\/uploads\/2019\/07\/pool-services-04-contact.jpg","thumbnail-image-url":"https:\/\/websitedemos.net\/wp-content\/uploads\/2019\/07\/pool-services-04-contact.jpg","astra-page-api-url":"https:\/\/websitedemos.net\/pool-services-04\/wp-json\/wp\/v2\/pages\/8","dynamic-page":"no","astra-page-url":"\/\/websitedemos.net\/pool-services-04\/contact\/","astra-sites-tag":{"415":"contact","454":"contact-us"},"site-pages-type":"agency-mini","site-pages-page-builder":"elementor","site-pages-category":[],"site-pages-parent-category":{"60":"business"},"required-plugins":[{"slug":"elementor","init":"elementor\/elementor.php","name":"Elementor"},{"slug":"ultimate-elementor","init":"ultimate-elementor\/ultimate-elementor.php","name":"Ultimate Addons for Elementor"},{"slug":"wpforms-lite","init":"wpforms-lite\/wpforms.php","name":"WPForms Lite"}]}},"related-bb-template":"","related-elementor-template":"","related-gutenberg-template":"","related_ecommerce_template":"","ecommerce_parent_template":""},"id-21808":{"title":"Florist","id":21808,"publish-date":1556174293,"featured-image-url":"https:\/\/websitedemos.net\/wp-content\/uploads\/2019\/07\/florist-03-homepage.jpg","thumbnail-image-url":"https:\/\/websitedemos.net\/wp-content\/uploads\/2019\/07\/florist-03-homepage.jpg","fullpage-thumbnail-image-url":"https:\/\/websitedemos.net\/wp-content\/uploads\/2019\/07\/florist-03-homepage.jpg","astra-site-url":"\/\/websitedemos.net\/florist-03","astra-site-parent-id":116,"astra-sites-tag":{"573":"event-decoration","571":"florist","572":"flower-merchant","574":"flowers"},"astra-sites-type":"agency-mini","astra-site-category":{"27":"business"},"astra-sites-template-category":[],"astra-site-page-builder":"beaver-builder","categories":{"2476":"gardening"},"required-plugins":[{"slug":"beaver-builder-lite-version","init":"beaver-builder-lite-version\/fl-builder.php","name":"Beaver Builder Plugin (Lite Version)"},{"slug":"bb-ultimate-addon","init":"bb-ultimate-addon\/bb-ultimate-addon.php","name":"Ultimate Addons for Beaver Builder"},{"slug":"wpforms-lite","init":"wpforms-lite\/wpforms.php","name":"WPForms Lite"}],"post-status":"publish","post-content":"","post-excerpt":"","pages":{"id-23088":{"title":"Home","featured-image-url":"https:\/\/websitedemos.net\/wp-content\/uploads\/2019\/07\/florist-03-homepage.jpg","thumbnail-image-url":"https:\/\/websitedemos.net\/wp-content\/uploads\/2019\/07\/florist-03-homepage.jpg","astra-page-api-url":"https:\/\/websitedemos.net\/florist-03\/wp-json\/wp\/v2\/pages\/282","dynamic-page":"no","astra-page-url":"\/\/websitedemos.net\/florist-03\/","astra-sites-tag":{"423":"home"},"site-pages-type":"agency-mini","site-pages-page-builder":"beaver-builder","site-pages-category":[],"site-pages-parent-category":{"60":"business"},"required-plugins":[{"slug":"beaver-builder-lite-version","init":"beaver-builder-lite-version\/fl-builder.php","name":"Beaver Builder Plugin (Lite Version)"},{"slug":"bb-ultimate-addon","init":"bb-ultimate-addon\/bb-ultimate-addon.php","name":"Ultimate Addons for Beaver Builder"}]},"id-23085":{"title":"About Us","featured-image-url":"https:\/\/websitedemos.net\/wp-content\/uploads\/2019\/07\/florist-03-about.jpg","thumbnail-image-url":"https:\/\/websitedemos.net\/wp-content\/uploads\/2019\/07\/florist-03-about.jpg","astra-page-api-url":"https:\/\/websitedemos.net\/florist-03\/wp-json\/wp\/v2\/pages\/8","dynamic-page":"no","astra-page-url":"\/\/websitedemos.net\/florist-03\/about-us\/","astra-sites-tag":{"352":"about"},"site-pages-type":"agency-mini","site-pages-page-builder":"beaver-builder","site-pages-category":[],"site-pages-parent-category":{"60":"business"},"required-plugins":[{"slug":"beaver-builder-lite-version","init":"beaver-builder-lite-version\/fl-builder.php","name":"Beaver Builder Plugin (Lite Version)"},{"slug":"bb-ultimate-addon","init":"bb-ultimate-addon\/bb-ultimate-addon.php","name":"Ultimate Addons for Beaver Builder"}]},"id-23089":{"title":"Services","featured-image-url":"https:\/\/websitedemos.net\/wp-content\/uploads\/2019\/07\/florist-03-services.jpg","thumbnail-image-url":"https:\/\/websitedemos.net\/wp-content\/uploads\/2019\/07\/florist-03-services.jpg","astra-page-api-url":"https:\/\/websitedemos.net\/florist-03\/wp-json\/wp\/v2\/pages\/10","dynamic-page":"no","astra-page-url":"\/\/websitedemos.net\/florist-03\/services\/","astra-sites-tag":{"425":"services"},"site-pages-type":"agency-mini","site-pages-page-builder":"beaver-builder","site-pages-category":[],"site-pages-parent-category":{"60":"business"},"required-plugins":[{"slug":"beaver-builder-lite-version","init":"beaver-builder-lite-version\/fl-builder.php","name":"Beaver Builder Plugin (Lite Version)"},{"slug":"bb-ultimate-addon","init":"bb-ultimate-addon\/bb-ultimate-addon.php","name":"Ultimate Addons for Beaver Builder"}]},"id-23087":{"title":"Gallery","featured-image-url":"https:\/\/websitedemos.net\/wp-content\/uploads\/2019\/07\/florist-03-gallery.jpg","thumbnail-image-url":"https:\/\/websitedemos.net\/wp-content\/uploads\/2019\/07\/florist-03-gallery.jpg","astra-page-api-url":"https:\/\/websitedemos.net\/florist-03\/wp-json\/wp\/v2\/pages\/12","dynamic-page":"no","astra-page-url":"\/\/websitedemos.net\/florist-03\/gallery\/","astra-sites-tag":{"461":"gallery"},"site-pages-type":"agency-mini","site-pages-page-builder":"beaver-builder","site-pages-category":[],"site-pages-parent-category":{"60":"business"},"required-plugins":[{"slug":"beaver-builder-lite-version","init":"beaver-builder-lite-version\/fl-builder.php","name":"Beaver Builder Plugin (Lite Version)"},{"slug":"bb-ultimate-addon","init":"bb-ultimate-addon\/bb-ultimate-addon.php","name":"Ultimate Addons for Beaver Builder"}]},"id-23090":{"title":"Testimonials","featured-image-url":"https:\/\/websitedemos.net\/wp-content\/uploads\/2019\/07\/florist-03-testimonials.jpg","thumbnail-image-url":"https:\/\/websitedemos.net\/wp-content\/uploads\/2019\/07\/florist-03-testimonials.jpg","astra-page-api-url":"https:\/\/websitedemos.net\/florist-03\/wp-json\/wp\/v2\/pages\/14","dynamic-page":"no","astra-page-url":"\/\/websitedemos.net\/florist-03\/testimonials\/","astra-sites-tag":{"433":"testimonials"},"site-pages-type":"agency-mini","site-pages-page-builder":"beaver-builder","site-pages-category":[],"site-pages-parent-category":{"60":"business"},"required-plugins":[{"slug":"beaver-builder-lite-version","init":"beaver-builder-lite-version\/fl-builder.php","name":"Beaver Builder Plugin (Lite Version)"},{"slug":"bb-ultimate-addon","init":"bb-ultimate-addon\/bb-ultimate-addon.php","name":"Ultimate Addons for Beaver Builder"}]},"id-23086":{"title":"Contact","featured-image-url":"https:\/\/websitedemos.net\/wp-content\/uploads\/2019\/07\/florist-03-contact-1.jpg","thumbnail-image-url":"https:\/\/websitedemos.net\/wp-content\/uploads\/2019\/07\/florist-03-contact-1.jpg","astra-page-api-url":"https:\/\/websitedemos.net\/florist-03\/wp-json\/wp\/v2\/pages\/16","dynamic-page":"no","astra-page-url":"\/\/websitedemos.net\/florist-03\/contact\/","astra-sites-tag":{"415":"contact"},"site-pages-type":"agency-mini","site-pages-page-builder":"beaver-builder","site-pages-category":[],"site-pages-parent-category":{"60":"business"},"required-plugins":[{"slug":"beaver-builder-lite-version","init":"beaver-builder-lite-version\/fl-builder.php","name":"Beaver Builder Plugin (Lite Version)"},{"slug":"bb-ultimate-addon","init":"bb-ultimate-addon\/bb-ultimate-addon.php","name":"Ultimate Addons for Beaver Builder"},{"slug":"wpforms-lite","init":"wpforms-lite\/wpforms.php","name":"WPForms Lite"}]}},"related-bb-template":"","related-elementor-template":"","related-gutenberg-template":"","related_ecommerce_template":"","ecommerce_parent_template":""},"id-21807":{"title":"Florist","id":21807,"publish-date":1556174207,"featured-image-url":"https:\/\/websitedemos.net\/wp-content\/uploads\/2019\/07\/florist-04-homepage.jpg","thumbnail-image-url":"https:\/\/websitedemos.net\/wp-content\/uploads\/2019\/07\/florist-04-homepage.jpg","fullpage-thumbnail-image-url":"https:\/\/websitedemos.net\/wp-content\/uploads\/2019\/07\/florist-04-homepage.jpg","astra-site-url":"\/\/websitedemos.net\/florist-04","astra-site-parent-id":115,"astra-sites-tag":{"3416":"elementor","573":"event-decoration","571":"florist","572":"flower-merchant","574":"flowers","1021":"local-business","1844":"premium"},"astra-sites-type":"agency-mini","astra-site-category":{"27":"business"},"astra-sites-template-category":{"2777":"business","2784":"event","2853":"florist-gardening","2831":"service"},"astra-site-page-builder":"elementor","categories":{"3427":"default","2476":"gardening","3429":"premium"},"required-plugins":[{"slug":"elementor","init":"elementor\/elementor.php","name":"Elementor"},{"slug":"ultimate-elementor","init":"ultimate-elementor\/ultimate-elementor.php","name":"Ultimate Addons for Elementor"},{"slug":"wpforms-lite","init":"wpforms-lite\/wpforms.php","name":"WPForms Lite"}],"post-status":"publish","post-content":"<!-- wp:paragraph -->\n<p>The Florist template uses classic design to portray the elegance floristry is known for. It\u2019s an excellent design with lots of opportunities to use images, add content, show examples of your work and attract new customers.<\/p>\n<!-- \/wp:paragraph -->\n\n<!-- wp:paragraph -->\n<p>The design uses a flowing font for some headlines that add a personal touch. Main fonts are modern, to aid usability and are a nice combination. There\u2019s also a calming parallax effect with flower image backgrounds and content boxes everywhere you want them.<\/p>\n<!-- \/wp:paragraph -->\n\n<!-- wp:heading -->\n<h2>Key features of the Florist template<\/h2>\n<!-- \/wp:heading -->\n\n<!-- wp:list -->\n<ul><li>Elegant website template ideal for floristry<\/li><li>Fantastic use of imagery throughout<\/li><li>Flexible content areas to share products and services<\/li><li>Easily customizable for your particular business<\/li><li>Full compatibility with leading page builders<\/li><\/ul>\n<!-- \/wp:list -->","post-excerpt":"Elegant web template that\u2019s perfect for flowers, florists and floristry businesses","pages":{"id-23076":{"title":"Home","featured-image-url":"https:\/\/websitedemos.net\/wp-content\/uploads\/2019\/07\/florist-04-homepage.jpg","thumbnail-image-url":"https:\/\/websitedemos.net\/wp-content\/uploads\/2019\/07\/florist-04-homepage.jpg","astra-page-api-url":"https:\/\/websitedemos.net\/florist-04\/wp-json\/wp\/v2\/pages\/6","dynamic-page":"no","astra-page-url":"\/\/websitedemos.net\/florist-04\/","astra-sites-tag":{"423":"home"},"site-pages-type":"agency-mini","site-pages-page-builder":"elementor","site-pages-category":[],"site-pages-parent-category":{"60":"business"},"required-plugins":[{"slug":"elementor","init":"elementor\/elementor.php","name":"Elementor"},{"slug":"ultimate-elementor","init":"ultimate-elementor\/ultimate-elementor.php","name":"Ultimate Addons for Elementor"}]},"id-23073":{"title":"About Us","featured-image-url":"https:\/\/websitedemos.net\/wp-content\/uploads\/2019\/07\/florist-04-about.jpg","thumbnail-image-url":"https:\/\/websitedemos.net\/wp-content\/uploads\/2019\/07\/florist-04-about.jpg","astra-page-api-url":"https:\/\/websitedemos.net\/florist-04\/wp-json\/wp\/v2\/pages\/8","dynamic-page":"no","astra-page-url":"\/\/websitedemos.net\/florist-04\/about-us\/","astra-sites-tag":{"352":"about","455":"about-us"},"site-pages-type":"agency-mini","site-pages-page-builder":"elementor","site-pages-category":[],"site-pages-parent-category":{"60":"business"},"required-plugins":[{"slug":"elementor","init":"elementor\/elementor.php","name":"Elementor"},{"slug":"ultimate-elementor","init":"ultimate-elementor\/ultimate-elementor.php","name":"Ultimate Addons for Elementor"}]},"id-23077":{"title":"Services","featured-image-url":"https:\/\/websitedemos.net\/wp-content\/uploads\/2019\/07\/florist-04-services.jpg","thumbnail-image-url":"https:\/\/websitedemos.net\/wp-content\/uploads\/2019\/07\/florist-04-services.jpg","astra-page-api-url":"https:\/\/websitedemos.net\/florist-04\/wp-json\/wp\/v2\/pages\/10","dynamic-page":"no","astra-page-url":"\/\/websitedemos.net\/florist-04\/services\/","astra-sites-tag":{"425":"services","451":"work"},"site-pages-type":"agency-mini","site-pages-page-builder":"elementor","site-pages-category":[],"site-pages-parent-category":{"60":"business"},"required-plugins":[{"slug":"elementor","init":"elementor\/elementor.php","name":"Elementor"},{"slug":"ultimate-elementor","init":"ultimate-elementor\/ultimate-elementor.php","name":"Ultimate Addons for Elementor"}]},"id-23075":{"title":"Gallery","featured-image-url":"https:\/\/websitedemos.net\/wp-content\/uploads\/2019\/07\/florist-04-gallery.jpg","thumbnail-image-url":"https:\/\/websitedemos.net\/wp-content\/uploads\/2019\/07\/florist-04-gallery.jpg","astra-page-api-url":"https:\/\/websitedemos.net\/florist-04\/wp-json\/wp\/v2\/pages\/12","dynamic-page":"no","astra-page-url":"\/\/websitedemos.net\/florist-04\/gallery\/","astra-sites-tag":{"461":"gallery","444":"portfolio"},"site-pages-type":"agency-mini","site-pages-page-builder":"elementor","site-pages-category":[],"site-pages-parent-category":{"60":"business"},"required-plugins":[{"slug":"elementor","init":"elementor\/elementor.php","name":"Elementor"},{"slug":"ultimate-elementor","init":"ultimate-elementor\/ultimate-elementor.php","name":"Ultimate Addons for Elementor"}]},"id-23078":{"title":"Testimonials","featured-image-url":"https:\/\/websitedemos.net\/wp-content\/uploads\/2019\/07\/florist-04-testimonials.jpg","thumbnail-image-url":"https:\/\/websitedemos.net\/wp-content\/uploads\/2019\/07\/florist-04-testimonials.jpg","astra-page-api-url":"https:\/\/websitedemos.net\/florist-04\/wp-json\/wp\/v2\/pages\/14","dynamic-page":"no","astra-page-url":"\/\/websitedemos.net\/florist-04\/testimonials\/","astra-sites-tag":{"433":"testimonials"},"site-pages-type":"agency-mini","site-pages-page-builder":"elementor","site-pages-category":[],"site-pages-parent-category":{"60":"business"},"required-plugins":[{"slug":"elementor","init":"elementor\/elementor.php","name":"Elementor"},{"slug":"ultimate-elementor","init":"ultimate-elementor\/ultimate-elementor.php","name":"Ultimate Addons for Elementor"}]},"id-23074":{"title":"Contact","featured-image-url":"https:\/\/websitedemos.net\/wp-content\/uploads\/2019\/07\/florist-04-contact-1.jpg","thumbnail-image-url":"https:\/\/websitedemos.net\/wp-content\/uploads\/2019\/07\/florist-04-contact-1.jpg","astra-page-api-url":"https:\/\/websitedemos.net\/florist-04\/wp-json\/wp\/v2\/pages\/16","dynamic-page":"no","astra-page-url":"\/\/websitedemos.net\/florist-04\/contact\/","astra-sites-tag":{"415":"contact","454":"contact-us"},"site-pages-type":"agency-mini","site-pages-page-builder":"elementor","site-pages-category":[],"site-pages-parent-category":{"60":"business"},"required-plugins":[{"slug":"elementor","init":"elementor\/elementor.php","name":"Elementor"},{"slug":"ultimate-elementor","init":"ultimate-elementor\/ultimate-elementor.php","name":"Ultimate Addons for Elementor"},{"slug":"wpforms-lite","init":"wpforms-lite\/wpforms.php","name":"WPForms Lite"}]}},"related-bb-template":21808,"related-elementor-template":21807,"related-gutenberg-template":"","related_ecommerce_template":"","ecommerce_parent_template":""},"id-21337":{"title":"Car Wash","id":21337,"publish-date":1556170141,"featured-image-url":"https:\/\/websitedemos.net\/wp-content\/uploads\/2019\/07\/car-wash-02-homepage.jpg","thumbnail-image-url":"https:\/\/websitedemos.net\/wp-content\/uploads\/2019\/07\/car-wash-02-homepage.jpg","fullpage-thumbnail-image-url":"https:\/\/websitedemos.net\/wp-content\/uploads\/2019\/07\/car-wash-02-homepage.jpg","astra-site-url":"\/\/websitedemos.net\/car-wash-02","astra-site-parent-id":301,"astra-sites-tag":{"1749":"bike-care","1750":"bike-wash","588":"car-care","587":"car-detailing","1751":"car-maintenance","586":"car-wash","3416":"elementor","1021":"local-business"},"astra-sites-type":"free","astra-site-category":{"27":"business","39":"free"},"astra-sites-template-category":{"2800":"car-automotive","2777":"business","2819":"cleaning"},"astra-site-page-builder":"elementor","categories":{"2475":"automotive","3427":"default","3428":"free"},"required-plugins":[{"slug":"elementor","init":"elementor\/elementor.php","name":"Elementor"},{"slug":"wpforms-lite","init":"wpforms-lite\/wpforms.php","name":"WPForms Lite"}],"post-status":"publish","post-content":"<!-- wp:paragraph -->\n<p>The Car Wash template is deceptively simple and opens with a bold blue header with an engaging headline. Scroll down and the page opens out into a white page with parallax effects and content areas to outline who you are and what you do.<\/p>\n<!-- \/wp:paragraph -->\n\n<!-- wp:paragraph -->\n<p>While designed for a car wash, you can see how easy it would be to transform this into something useful for any business in any niche. Flexible layouts, lots of content options and the ability to change anything on the page is just the beginning!<\/p>\n<!-- \/wp:paragraph -->\n\n<!-- wp:heading -->\n<h2>Key features of the Car Wash template<\/h2>\n<!-- \/wp:heading -->\n\n<!-- wp:list -->\n<ul><li>Effective business template with engaging layout<\/li><li>Flexible content areas for full control and customizability<\/li><li>Parallax effect is small but packs a punch<\/li><li>Could be transformed into something for any business<\/li><li>Full compatibility with leading page builders<\/li><\/ul>\n<!-- \/wp:list -->","post-excerpt":"Modern website design that works for a car wash or any type of service business","pages":{"id-25155":{"title":"Home","featured-image-url":"https:\/\/websitedemos.net\/wp-content\/uploads\/2019\/07\/car-wash-02-homepage.jpg","thumbnail-image-url":"https:\/\/websitedemos.net\/wp-content\/uploads\/2019\/07\/car-wash-02-homepage.jpg","astra-page-api-url":"https:\/\/websitedemos.net\/car-wash-02\/wp-json\/wp\/v2\/pages\/6","dynamic-page":"no","astra-page-url":"\/\/websitedemos.net\/car-wash-02\/","astra-sites-tag":{"423":"home"},"site-pages-type":"free","site-pages-page-builder":"elementor","site-pages-category":[],"site-pages-parent-category":{"60":"business","61":"free"},"required-plugins":[{"slug":"elementor","init":"elementor\/elementor.php","name":"Elementor"}]},"id-25156":{"title":"Services","featured-image-url":"https:\/\/websitedemos.net\/wp-content\/uploads\/2019\/07\/car-wash-02-services.jpg","thumbnail-image-url":"https:\/\/websitedemos.net\/wp-content\/uploads\/2019\/07\/car-wash-02-services.jpg","astra-page-api-url":"https:\/\/websitedemos.net\/car-wash-02\/wp-json\/wp\/v2\/pages\/8","dynamic-page":"no","astra-page-url":"\/\/websitedemos.net\/car-wash-02\/services\/","astra-sites-tag":{"425":"services"},"site-pages-type":"free","site-pages-page-builder":"elementor","site-pages-category":[],"site-pages-parent-category":{"60":"business","61":"free"},"required-plugins":[{"slug":"elementor","init":"elementor\/elementor.php","name":"Elementor"}]},"id-25153":{"title":"About","featured-image-url":"https:\/\/websitedemos.net\/wp-content\/uploads\/2019\/07\/car-wash-02-about.jpg","thumbnail-image-url":"https:\/\/websitedemos.net\/wp-content\/uploads\/2019\/07\/car-wash-02-about.jpg","astra-page-api-url":"https:\/\/websitedemos.net\/car-wash-02\/wp-json\/wp\/v2\/pages\/7","dynamic-page":"no","astra-page-url":"\/\/websitedemos.net\/car-wash-02\/about\/","astra-sites-tag":{"352":"about"},"site-pages-type":"free","site-pages-page-builder":"elementor","site-pages-category":[],"site-pages-parent-category":{"60":"business","61":"free"},"required-plugins":[{"slug":"elementor","init":"elementor\/elementor.php","name":"Elementor"}]},"id-25157":{"title":"Wash Menu","featured-image-url":"https:\/\/websitedemos.net\/wp-content\/uploads\/2019\/07\/car-wash-02-wash-menu.jpg","thumbnail-image-url":"https:\/\/websitedemos.net\/wp-content\/uploads\/2019\/07\/car-wash-02-wash-menu.jpg","astra-page-api-url":"https:\/\/websitedemos.net\/car-wash-02\/wp-json\/wp\/v2\/pages\/9","dynamic-page":"no","astra-page-url":"\/\/websitedemos.net\/car-wash-02\/wash-menu\/","astra-sites-tag":{"565":"menu","761":"wash-menu"},"site-pages-type":"free","site-pages-page-builder":"elementor","site-pages-category":[],"site-pages-parent-category":{"60":"business","61":"free"},"required-plugins":[{"slug":"elementor","init":"elementor\/elementor.php","name":"Elementor"}]},"id-25154":{"title":"Contact","featured-image-url":"https:\/\/websitedemos.net\/wp-content\/uploads\/2019\/07\/car-wash-02-contact-2.jpg","thumbnail-image-url":"https:\/\/websitedemos.net\/wp-content\/uploads\/2019\/07\/car-wash-02-contact-2.jpg","astra-page-api-url":"https:\/\/websitedemos.net\/car-wash-02\/wp-json\/wp\/v2\/pages\/10","dynamic-page":"no","astra-page-url":"\/\/websitedemos.net\/car-wash-02\/contact\/","astra-sites-tag":{"415":"contact"},"site-pages-type":"free","site-pages-page-builder":"elementor","site-pages-category":[],"site-pages-parent-category":{"60":"business","61":"free"},"required-plugins":[{"slug":"elementor","init":"elementor\/elementor.php","name":"Elementor"},{"slug":"wpforms-lite","init":"wpforms-lite\/wpforms.php","name":"WPForms Lite"}]}},"related-bb-template":21340,"related-elementor-template":21337,"related-gutenberg-template":48580,"related_ecommerce_template":"","ecommerce_parent_template":""},"id-21340":{"title":"Car Wash","id":21340,"publish-date":1556170495,"featured-image-url":"https:\/\/websitedemos.net\/wp-content\/uploads\/2019\/07\/car-wash-01-home.jpg","thumbnail-image-url":"https:\/\/websitedemos.net\/wp-content\/uploads\/2019\/07\/car-wash-01-home.jpg","fullpage-thumbnail-image-url":"https:\/\/websitedemos.net\/wp-content\/uploads\/2019\/07\/car-wash-01-home.jpg","astra-site-url":"\/\/websitedemos.net\/car-wash-01","astra-site-parent-id":303,"astra-sites-tag":{"1749":"bike-care","1750":"bike-wash","588":"car-care","587":"car-detailing","1751":"car-maintenance","586":"car-wash","1021":"local-business"},"astra-sites-type":"free","astra-site-category":{"27":"business","39":"free"},"astra-sites-template-category":[],"astra-site-page-builder":"beaver-builder","categories":{"2475":"automotive"},"required-plugins":[{"slug":"beaver-builder-lite-version","init":"beaver-builder-lite-version\/fl-builder.php","name":"Beaver Builder Plugin (Lite Version)"},{"slug":"ultimate-addons-for-beaver-builder-lite","init":"ultimate-addons-for-beaver-builder-lite\/bb-ultimate-addon.php","name":"Ultimate Addons for Beaver Builder - Lite"},{"slug":"wpforms-lite","init":"wpforms-lite\/wpforms.php","name":"WPForms Lite"}],"post-status":"publish","post-content":"","post-excerpt":"","pages":{"id-25171":{"title":"Home","featured-image-url":"https:\/\/websitedemos.net\/wp-content\/uploads\/2019\/07\/car-wash-01-home.jpg","thumbnail-image-url":"https:\/\/websitedemos.net\/wp-content\/uploads\/2019\/07\/car-wash-01-home.jpg","astra-page-api-url":"https:\/\/websitedemos.net\/car-wash-01\/wp-json\/wp\/v2\/pages\/295","dynamic-page":"no","astra-page-url":"\/\/websitedemos.net\/car-wash-01\/","astra-sites-tag":{"423":"home"},"site-pages-type":"free","site-pages-page-builder":"beaver-builder","site-pages-category":[],"site-pages-parent-category":{"60":"business","61":"free"},"required-plugins":[{"slug":"beaver-builder-lite-version","init":"beaver-builder-lite-version\/fl-builder.php","name":"Beaver Builder Plugin (Lite Version)"},{"slug":"ultimate-addons-for-beaver-builder-lite","init":"ultimate-addons-for-beaver-builder-lite\/bb-ultimate-addon.php","name":"Ultimate Addons for Beaver Builder - Lite"}]},"id-25172":{"title":"Services","featured-image-url":"https:\/\/websitedemos.net\/wp-content\/uploads\/2019\/07\/car-wash-01-services-1.jpg","thumbnail-image-url":"https:\/\/websitedemos.net\/wp-content\/uploads\/2019\/07\/car-wash-01-services-1.jpg","astra-page-api-url":"https:\/\/websitedemos.net\/car-wash-01\/wp-json\/wp\/v2\/pages\/8","dynamic-page":"no","astra-page-url":"\/\/websitedemos.net\/car-wash-01\/services\/","astra-sites-tag":{"425":"services"},"site-pages-type":"free","site-pages-page-builder":"beaver-builder","site-pages-category":[],"site-pages-parent-category":{"60":"business","61":"free"},"required-plugins":[{"slug":"beaver-builder-lite-version","init":"beaver-builder-lite-version\/fl-builder.php","name":"Beaver Builder Plugin (Lite Version)"},{"slug":"ultimate-addons-for-beaver-builder-lite","init":"ultimate-addons-for-beaver-builder-lite\/bb-ultimate-addon.php","name":"Ultimate Addons for Beaver Builder - Lite"}]},"id-25169":{"title":"About","featured-image-url":"https:\/\/websitedemos.net\/wp-content\/uploads\/2019\/07\/car-wash-01-about-1.jpg","thumbnail-image-url":"https:\/\/websitedemos.net\/wp-content\/uploads\/2019\/07\/car-wash-01-about-1.jpg","astra-page-api-url":"https:\/\/websitedemos.net\/car-wash-01\/wp-json\/wp\/v2\/pages\/296","dynamic-page":"no","astra-page-url":"\/\/websitedemos.net\/car-wash-01\/about\/","astra-sites-tag":{"352":"about"},"site-pages-type":"free","site-pages-page-builder":"beaver-builder","site-pages-category":[],"site-pages-parent-category":{"60":"business","61":"free"},"required-plugins":[{"slug":"beaver-builder-lite-version","init":"beaver-builder-lite-version\/fl-builder.php","name":"Beaver Builder Plugin (Lite Version)"},{"slug":"ultimate-addons-for-beaver-builder-lite","init":"ultimate-addons-for-beaver-builder-lite\/bb-ultimate-addon.php","name":"Ultimate Addons for Beaver Builder - Lite"}]},"id-25173":{"title":"Wash Menu","featured-image-url":"https:\/\/websitedemos.net\/wp-content\/uploads\/2019\/07\/car-wash-01-wash-menu-1.jpg","thumbnail-image-url":"https:\/\/websitedemos.net\/wp-content\/uploads\/2019\/07\/car-wash-01-wash-menu-1.jpg","astra-page-api-url":"https:\/\/websitedemos.net\/car-wash-01\/wp-json\/wp\/v2\/pages\/9","dynamic-page":"no","astra-page-url":"\/\/websitedemos.net\/car-wash-01\/wash-menu\/","astra-sites-tag":{"565":"menu","761":"wash-menu"},"site-pages-type":"free","site-pages-page-builder":"beaver-builder","site-pages-category":[],"site-pages-parent-category":{"60":"business","61":"free"},"required-plugins":[{"slug":"beaver-builder-lite-version","init":"beaver-builder-lite-version\/fl-builder.php","name":"Beaver Builder Plugin (Lite Version)"},{"slug":"ultimate-addons-for-beaver-builder-lite","init":"ultimate-addons-for-beaver-builder-lite\/bb-ultimate-addon.php","name":"Ultimate Addons for Beaver Builder - Lite"}]},"id-25170":{"title":"Contact","featured-image-url":"https:\/\/websitedemos.net\/wp-content\/uploads\/2019\/07\/car-wash-01-contac-1.jpg","thumbnail-image-url":"https:\/\/websitedemos.net\/wp-content\/uploads\/2019\/07\/car-wash-01-contac-1.jpg","astra-page-api-url":"https:\/\/websitedemos.net\/car-wash-01\/wp-json\/wp\/v2\/pages\/10","dynamic-page":"no","astra-page-url":"\/\/websitedemos.net\/car-wash-01\/contact\/","astra-sites-tag":{"415":"contact"},"site-pages-type":"free","site-pages-page-builder":"beaver-builder","site-pages-category":[],"site-pages-parent-category":{"60":"business","61":"free"},"required-plugins":[{"slug":"beaver-builder-lite-version","init":"beaver-builder-lite-version\/fl-builder.php","name":"Beaver Builder Plugin (Lite Version)"},{"slug":"ultimate-addons-for-beaver-builder-lite","init":"ultimate-addons-for-beaver-builder-lite\/bb-ultimate-addon.php","name":"Ultimate Addons for Beaver Builder - Lite"},{"slug":"wpforms-lite","init":"wpforms-lite\/wpforms.php","name":"WPForms Lite"}]}},"related-bb-template":"","related-elementor-template":"","related-gutenberg-template":"","related_ecommerce_template":"","ecommerce_parent_template":""},"id-48580":{"title":"Car Wash","id":48580,"publish-date":1603984622,"featured-image-url":"https:\/\/websitedemos.net\/wp-content\/uploads\/2020\/10\/car-wash-08.jpg","thumbnail-image-url":"https:\/\/websitedemos.net\/wp-content\/uploads\/2020\/10\/car-wash-08-600x2367.jpg","fullpage-thumbnail-image-url":"https:\/\/websitedemos.net\/wp-content\/uploads\/2020\/10\/car-wash-08-400x1578.jpg","astra-site-url":"\/\/websitedemos.net\/car-wash-08","astra-site-parent-id":1747,"astra-sites-tag":{"1749":"bike-care","1750":"bike-wash","588":"car-care","587":"car-detailing","1751":"car-maintenance","586":"car-wash","1021":"local-business"},"astra-sites-type":"free","astra-site-category":{"27":"business","39":"free"},"astra-sites-template-category":[],"astra-site-page-builder":"gutenberg","categories":{"2475":"automotive"},"required-plugins":[{"slug":"ultimate-addons-for-gutenberg","init":"ultimate-addons-for-gutenberg\/ultimate-addons-for-gutenberg.php","name":"Spectra"}],"post-status":"publish","post-content":"","post-excerpt":"","pages":{"id-48583":{"title":"Home","featured-image-url":"https:\/\/websitedemos.net\/wp-content\/uploads\/2020\/10\/car-wash-08.jpg","thumbnail-image-url":"https:\/\/websitedemos.net\/wp-content\/uploads\/2020\/10\/car-wash-08-600x2367.jpg","astra-page-api-url":"https:\/\/websitedemos.net\/car-wash-08\/wp-json\/wp\/v2\/pages\/9","dynamic-page":"no","astra-page-url":"\/\/websitedemos.net\/car-wash-08\/","astra-sites-tag":{"423":"home"},"site-pages-type":"free","site-pages-page-builder":"gutenberg","site-pages-category":[],"site-pages-parent-category":{"60":"business","61":"free"},"required-plugins":[{"slug":"ultimate-addons-for-gutenberg","init":"ultimate-addons-for-gutenberg\/ultimate-addons-for-gutenberg.php","name":"Spectra"}]},"id-48584":{"title":"Services","featured-image-url":"https:\/\/websitedemos.net\/wp-content\/uploads\/2020\/10\/car-wash-08-services-1.jpg","thumbnail-image-url":"https:\/\/websitedemos.net\/wp-content\/uploads\/2020\/10\/car-wash-08-services-1-600x1405.jpg","astra-page-api-url":"https:\/\/websitedemos.net\/car-wash-08\/wp-json\/wp\/v2\/pages\/11","dynamic-page":"no","astra-page-url":"\/\/websitedemos.net\/car-wash-08\/services\/","astra-sites-tag":{"425":"services"},"site-pages-type":"free","site-pages-page-builder":"gutenberg","site-pages-category":[],"site-pages-parent-category":{"60":"business","61":"free"},"required-plugins":[{"slug":"ultimate-addons-for-gutenberg","init":"ultimate-addons-for-gutenberg\/ultimate-addons-for-gutenberg.php","name":"Spectra"}]},"id-48581":{"title":"About","featured-image-url":"https:\/\/websitedemos.net\/wp-content\/uploads\/2020\/10\/car-wash-08-about-1.jpg","thumbnail-image-url":"https:\/\/websitedemos.net\/wp-content\/uploads\/2020\/10\/car-wash-08-about-1-600x1322.jpg","astra-page-api-url":"https:\/\/websitedemos.net\/car-wash-08\/wp-json\/wp\/v2\/pages\/5","dynamic-page":"no","astra-page-url":"\/\/websitedemos.net\/car-wash-08\/about\/","astra-sites-tag":{"352":"about"},"site-pages-type":"free","site-pages-page-builder":"gutenberg","site-pages-category":[],"site-pages-parent-category":{"60":"business","61":"free"},"required-plugins":[{"slug":"ultimate-addons-for-gutenberg","init":"ultimate-addons-for-gutenberg\/ultimate-addons-for-gutenberg.php","name":"Spectra"}]},"id-48585":{"title":"Wash Menu","featured-image-url":"https:\/\/websitedemos.net\/wp-content\/uploads\/2020\/10\/car-wash-08-wash-menu-1.jpg","thumbnail-image-url":"https:\/\/websitedemos.net\/wp-content\/uploads\/2020\/10\/car-wash-08-wash-menu-1-600x1138.jpg","astra-page-api-url":"https:\/\/websitedemos.net\/car-wash-08\/wp-json\/wp\/v2\/pages\/13","dynamic-page":"no","astra-page-url":"\/\/websitedemos.net\/car-wash-08\/wash-menu\/","astra-sites-tag":{"585":"pricing","761":"wash-menu","451":"work"},"site-pages-type":"free","site-pages-page-builder":"gutenberg","site-pages-category":[],"site-pages-parent-category":{"60":"business","61":"free"},"required-plugins":[{"slug":"ultimate-addons-for-gutenberg","init":"ultimate-addons-for-gutenberg\/ultimate-addons-for-gutenberg.php","name":"Spectra"}]},"id-48582":{"title":"Contact","featured-image-url":"https:\/\/websitedemos.net\/wp-content\/uploads\/2020\/10\/car-wash-08-contact-1.jpg","thumbnail-image-url":"https:\/\/websitedemos.net\/wp-content\/uploads\/2020\/10\/car-wash-08-contact-1-600x1241.jpg","astra-page-api-url":"https:\/\/websitedemos.net\/car-wash-08\/wp-json\/wp\/v2\/pages\/7","dynamic-page":"no","astra-page-url":"\/\/websitedemos.net\/car-wash-08\/contact\/","astra-sites-tag":{"415":"contact"},"site-pages-type":"free","site-pages-page-builder":"gutenberg","site-pages-category":[],"site-pages-parent-category":{"60":"business","61":"free"},"required-plugins":[{"slug":"ultimate-addons-for-gutenberg","init":"ultimate-addons-for-gutenberg\/ultimate-addons-for-gutenberg.php","name":"Spectra"}]}},"related-bb-template":"","related-elementor-template":"","related-gutenberg-template":"","related_ecommerce_template":"","ecommerce_parent_template":""},"id-21676":{"title":"Wedding Invitation","id":21676,"publish-date":1555994283,"featured-image-url":"https:\/\/websitedemos.net\/wp-content\/uploads\/2019\/06\/wedding-mark-brizy.jpg","thumbnail-image-url":"https:\/\/websitedemos.net\/wp-content\/uploads\/2019\/06\/wedding-mark-brizy.jpg","fullpage-thumbnail-image-url":"https:\/\/websitedemos.net\/wp-content\/uploads\/2019\/06\/wedding-mark-brizy.jpg","astra-site-url":"\/\/websitedemos.net\/wedding-05","astra-site-parent-id":59,"astra-sites-tag":{"698":"engagement","699":"invitation","697":"wedding"},"astra-sites-type":"free","astra-site-category":{"27":"business","39":"free"},"astra-sites-template-category":[],"astra-site-page-builder":"brizy","categories":[],"required-plugins":[{"slug":"brizy","init":"brizy\/brizy.php","name":"Brizy"}],"post-status":"publish","post-content":"","post-excerpt":"","pages":{"id-22120":{"title":"Home","featured-image-url":"https:\/\/websitedemos.net\/wp-content\/uploads\/2019\/06\/wedding-mark-brizy.jpg","thumbnail-image-url":"https:\/\/websitedemos.net\/wp-content\/uploads\/2019\/06\/wedding-mark-brizy.jpg","astra-page-api-url":"https:\/\/websitedemos.net\/wedding-05\/wp-json\/wp\/v2\/pages\/514","dynamic-page":"no","astra-page-url":"\/\/websitedemos.net\/wedding-05\/","astra-sites-tag":{"423":"home"},"site-pages-type":"free","site-pages-page-builder":"brizy","site-pages-category":[],"site-pages-parent-category":{"60":"business","61":"free"},"required-plugins":[{"slug":"brizy","init":"brizy\/brizy.php","name":"Brizy"}]}},"related-bb-template":"","related-elementor-template":"","related-gutenberg-template":"","related_ecommerce_template":"","ecommerce_parent_template":""},"id-55223":{"title":"Travel &amp; Tourism","id":55223,"publish-date":1621605691,"featured-image-url":"https:\/\/websitedemos.net\/wp-content\/uploads\/2021\/05\/travel-and-tourism-02-home-2.jpg","thumbnail-image-url":"https:\/\/websitedemos.net\/wp-content\/uploads\/2021\/05\/travel-and-tourism-02-home-2.jpg","fullpage-thumbnail-image-url":"https:\/\/websitedemos.net\/wp-content\/uploads\/2021\/05\/travel-and-tourism-02-home-2.jpg","astra-site-url":"\/\/websitedemos.net\/travel-and-tourism-02","astra-site-parent-id":2054,"astra-sites-tag":{"2073":"accommodation","2076":"apartments-hostels","1534":"bnb","2078":"business-hotel","3416":"elementor","2079":"guesthouse","2080":"homestay","350":"hotel","2081":"island-resort","2082":"luxury-hotel","714":"resort","2077":"tour-company","430":"tourism","427":"travel","428":"travel-agency","2075":"travel-services","2083":"urban-bb","2084":"vacation-rental"},"astra-sites-type":"free","astra-site-category":{"27":"business","39":"free"},"astra-sites-template-category":{"2777":"business","2788":"hotel-bnb","2775":"travel-tourism"},"astra-site-page-builder":"elementor","categories":{"3427":"default","3428":"free","2498":"hotel-travel"},"required-plugins":[{"slug":"elementor","init":"elementor\/elementor.php","name":"Elementor"},{"slug":"wpforms-lite","init":"wpforms-lite\/wpforms.php","name":"WPForms Lite"}],"post-status":"publish","post-content":"<!-- wp:paragraph -->\n<p>The Travel &amp; Tourism template has a light, welcoming design that uses the colors of sunshine to welcome you in. It\u2019s a crisp, clean template with lots of whitespace and some very flexible content and image areas.<\/p>\n<!-- \/wp:paragraph -->\n\n<!-- wp:paragraph -->\n<p>The template could work for hotels, travel agents, travel bloggers and anyone involved in the travel industry. It\u2019s a customizable theme you could literally turn into any website with minimal effort.<\/p>\n<!-- \/wp:paragraph -->\n\n<!-- wp:heading -->\n<h2>Key features of the Travel &amp; Tourism template<\/h2>\n<!-- \/wp:heading -->\n\n<!-- wp:list -->\n<ul><li>Light and welcoming design where images rule<\/li><li>Flexible content areas and layout for full customization<\/li><li>Ideal for a wide range of travel companies<\/li><li>Engaging colors and fonts throughout<\/li><li>Full compatibility with leading page builders<\/li><\/ul>\n<!-- \/wp:list -->","post-excerpt":"Light and welcoming website template ideal for the travel industry or travel blogger","pages":{"id-55226":{"title":"Home","featured-image-url":"https:\/\/websitedemos.net\/wp-content\/uploads\/2021\/05\/travel-and-tourism-02-home-1.jpg","thumbnail-image-url":"https:\/\/websitedemos.net\/wp-content\/uploads\/2021\/05\/travel-and-tourism-02-home-1.jpg","astra-page-api-url":"https:\/\/websitedemos.net\/travel-and-tourism-02\/wp-json\/wp\/v2\/pages\/8","dynamic-page":"no","astra-page-url":"\/\/websitedemos.net\/travel-and-tourism-02\/","astra-sites-tag":{"423":"home"},"site-pages-type":"free","site-pages-page-builder":"elementor","site-pages-category":[],"site-pages-parent-category":{"60":"business","61":"free"},"required-plugins":[{"slug":"elementor","init":"elementor\/elementor.php","name":"Elementor"}]},"id-55224":{"title":"Amenities","featured-image-url":"https:\/\/websitedemos.net\/wp-content\/uploads\/2021\/05\/travel-and-tourism-02-amenities.jpg","thumbnail-image-url":"https:\/\/websitedemos.net\/wp-content\/uploads\/2021\/05\/travel-and-tourism-02-amenities.jpg","astra-page-api-url":"https:\/\/websitedemos.net\/travel-and-tourism-02\/wp-json\/wp\/v2\/pages\/146","dynamic-page":"no","astra-page-url":"\/\/websitedemos.net\/travel-and-tourism-02\/amenities\/","astra-sites-tag":{"777":"amenities"},"site-pages-type":"free","site-pages-page-builder":"elementor","site-pages-category":[],"site-pages-parent-category":{"60":"business","61":"free"},"required-plugins":[{"slug":"elementor","init":"elementor\/elementor.php","name":"Elementor"}]},"id-55225":{"title":"Contact","featured-image-url":"https:\/\/websitedemos.net\/wp-content\/uploads\/2021\/05\/travel-and-tourism-02-contact.jpg","thumbnail-image-url":"https:\/\/websitedemos.net\/wp-content\/uploads\/2021\/05\/travel-and-tourism-02-contact.jpg","astra-page-api-url":"https:\/\/websitedemos.net\/travel-and-tourism-02\/wp-json\/wp\/v2\/pages\/150","dynamic-page":"no","astra-page-url":"\/\/websitedemos.net\/travel-and-tourism-02\/contact\/","astra-sites-tag":{"415":"contact"},"site-pages-type":"free","site-pages-page-builder":"elementor","site-pages-category":[],"site-pages-parent-category":{"60":"business","61":"free"},"required-plugins":[{"slug":"elementor","init":"elementor\/elementor.php","name":"Elementor"},{"slug":"wpforms-lite","init":"wpforms-lite\/wpforms.php","name":"WPForms Lite"}]},"id-55227":{"title":"Rooms","featured-image-url":"https:\/\/websitedemos.net\/wp-content\/uploads\/2021\/05\/travel-and-tourism-02-rooms-1.jpg","thumbnail-image-url":"https:\/\/websitedemos.net\/wp-content\/uploads\/2021\/05\/travel-and-tourism-02-rooms-1.jpg","astra-page-api-url":"https:\/\/websitedemos.net\/travel-and-tourism-02\/wp-json\/wp\/v2\/pages\/144","dynamic-page":"no","astra-page-url":"\/\/websitedemos.net\/travel-and-tourism-02\/rooms\/","astra-sites-tag":{"715":"rooms"},"site-pages-type":"free","site-pages-page-builder":"elementor","site-pages-category":[],"site-pages-parent-category":{"60":"business","61":"free"},"required-plugins":[{"slug":"elementor","init":"elementor\/elementor.php","name":"Elementor"}]}},"related-bb-template":"","related-elementor-template":55223,"related-gutenberg-template":64772,"related_ecommerce_template":"","ecommerce_parent_template":""},"id-55310":{"title":"Travel &amp; Tourism","id":55310,"publish-date":1621612162,"featured-image-url":"https:\/\/websitedemos.net\/wp-content\/uploads\/2021\/05\/travel-and-tourism-08.jpg","thumbnail-image-url":"https:\/\/websitedemos.net\/wp-content\/uploads\/2021\/05\/travel-and-tourism-08-600x2616.jpg","fullpage-thumbnail-image-url":"https:\/\/websitedemos.net\/wp-content\/uploads\/2021\/05\/travel-and-tourism-08-400x1744.jpg","astra-site-url":"\/\/websitedemos.net\/travel-and-tourism-08","astra-site-parent-id":2065,"astra-sites-tag":{"2073":"accommodation","2076":"apartments-hostels","1534":"bnb","2078":"business-hotel","2079":"guesthouse","2080":"homestay","350":"hotel","2081":"island-resort","2082":"luxury-hotel","714":"resort","2077":"tour-company","430":"tourism","427":"travel","428":"travel-agency","2075":"travel-services","2083":"urban-bb","2084":"vacation-rental"},"astra-sites-type":"free","astra-site-category":{"27":"business","39":"free"},"astra-sites-template-category":[],"astra-site-page-builder":"gutenberg","categories":{"2498":"hotel-travel"},"required-plugins":[{"slug":"ultimate-addons-for-gutenberg","init":"ultimate-addons-for-gutenberg\/ultimate-addons-for-gutenberg.php","name":"Spectra"}],"post-status":"publish","post-content":"","post-excerpt":"","pages":{"id-55311":{"title":"Amenities","featured-image-url":"https:\/\/websitedemos.net\/wp-content\/uploads\/2021\/05\/travel-and-tourism-08-amenities-1.jpg","thumbnail-image-url":"https:\/\/websitedemos.net\/wp-content\/uploads\/2021\/05\/travel-and-tourism-08-amenities-1-600x2270.jpg","astra-page-api-url":"https:\/\/websitedemos.net\/travel-and-tourism-08\/wp-json\/wp\/v2\/pages\/12","dynamic-page":"no","astra-page-url":"\/\/websitedemos.net\/travel-and-tourism-08\/amenities\/","astra-sites-tag":{"777":"amenities","1599":"facilities"},"site-pages-type":"free","site-pages-page-builder":"gutenberg","site-pages-category":[],"site-pages-parent-category":{"60":"business","61":"free"},"required-plugins":[{"slug":"ultimate-addons-for-gutenberg","init":"ultimate-addons-for-gutenberg\/ultimate-addons-for-gutenberg.php","name":"Spectra"}]},"id-55312":{"title":"Contact","featured-image-url":"https:\/\/websitedemos.net\/wp-content\/uploads\/2021\/05\/travel-and-tourism-08-contact.jpg","thumbnail-image-url":"https:\/\/websitedemos.net\/wp-content\/uploads\/2021\/05\/travel-and-tourism-08-contact-600x963.jpg","astra-page-api-url":"https:\/\/websitedemos.net\/travel-and-tourism-08\/wp-json\/wp\/v2\/pages\/14","dynamic-page":"no","astra-page-url":"\/\/websitedemos.net\/travel-and-tourism-08\/contact\/","astra-sites-tag":{"415":"contact"},"site-pages-type":"free","site-pages-page-builder":"gutenberg","site-pages-category":[],"site-pages-parent-category":{"60":"business","61":"free"},"required-plugins":[{"slug":"ultimate-addons-for-gutenberg","init":"ultimate-addons-for-gutenberg\/ultimate-addons-for-gutenberg.php","name":"Spectra"}]},"id-55313":{"title":"Home","featured-image-url":"https:\/\/websitedemos.net\/wp-content\/uploads\/2021\/05\/travel-and-tourism-08.jpg","thumbnail-image-url":"https:\/\/websitedemos.net\/wp-content\/uploads\/2021\/05\/travel-and-tourism-08-600x2616.jpg","astra-page-api-url":"https:\/\/websitedemos.net\/travel-and-tourism-08\/wp-json\/wp\/v2\/pages\/8","dynamic-page":"no","astra-page-url":"\/\/websitedemos.net\/travel-and-tourism-08\/","astra-sites-tag":{"423":"home"},"site-pages-type":"free","site-pages-page-builder":"gutenberg","site-pages-category":[],"site-pages-parent-category":{"60":"business","61":"free"},"required-plugins":[{"slug":"ultimate-addons-for-gutenberg","init":"ultimate-addons-for-gutenberg\/ultimate-addons-for-gutenberg.php","name":"Spectra"}]},"id-55314":{"title":"Rooms","featured-image-url":"https:\/\/websitedemos.net\/wp-content\/uploads\/2021\/05\/travel-and-tourism-08-rooms-1.jpg","thumbnail-image-url":"https:\/\/websitedemos.net\/wp-content\/uploads\/2021\/05\/travel-and-tourism-08-rooms-1-600x1709.jpg","astra-page-api-url":"https:\/\/websitedemos.net\/travel-and-tourism-08\/wp-json\/wp\/v2\/pages\/10","dynamic-page":"no","astra-page-url":"\/\/websitedemos.net\/travel-and-tourism-08\/rooms\/","astra-sites-tag":{"2073":"accommodation","715":"rooms"},"site-pages-type":"free","site-pages-page-builder":"gutenberg","site-pages-category":[],"site-pages-parent-category":{"60":"business","61":"free"},"required-plugins":[{"slug":"ultimate-addons-for-gutenberg","init":"ultimate-addons-for-gutenberg\/ultimate-addons-for-gutenberg.php","name":"Spectra"}]}},"related-bb-template":"","related-elementor-template":"","related-gutenberg-template":"","related_ecommerce_template":"","ecommerce_parent_template":""}}