{"id-71180":{"title":"Wedding Invitation","id":71180,"publish-date":1672826233,"featured-image-url":"https:\/\/websitedemos.net\/wp-content\/uploads\/2023\/01\/wedding-invitation-08.jpg","thumbnail-image-url":"https:\/\/websitedemos.net\/wp-content\/uploads\/2023\/01\/wedding-invitation-08-600x3364.jpg","fullpage-thumbnail-image-url":"https:\/\/websitedemos.net\/wp-content\/uploads\/2023\/01\/wedding-invitation-08-400x2242.jpg","astra-site-url":"\/\/websitedemos.net\/wedding-invitation-08","astra-site-parent-id":3061,"astra-sites-tag":{"699":"invitation","2560":"reception-invitation","697":"wedding","1457":"wedding-invitation"},"astra-sites-type":"free","astra-site-category":{"27":"business","39":"free"},"astra-sites-template-category":{"2771":"one-page","2792":"wedding"},"astra-site-page-builder":"gutenberg","categories":{"2489":"event-invitation","2927":"one-page"},"required-plugins":[{"slug":"ultimate-addons-for-gutenberg","init":"ultimate-addons-for-gutenberg\/ultimate-addons-for-gutenberg.php","name":"Spectra"}],"post-status":"publish","post-content":"","post-excerpt":"","pages":{"id-59134":{"title":"Home","featured-image-url":"https:\/\/websitedemos.net\/wp-content\/uploads\/2023\/01\/wedding-invitation-08.jpg","thumbnail-image-url":"https:\/\/websitedemos.net\/wp-content\/uploads\/2023\/01\/wedding-invitation-08-600x3364.jpg","astra-page-api-url":"https:\/\/websitedemos.net\/wedding-invitation-08\/wp-json\/wp\/v2\/pages\/203","dynamic-page":"no","astra-page-url":"\/\/websitedemos.net\/wedding-invitation-08\/","astra-sites-tag":{"423":"home"},"site-pages-type":"free","site-pages-page-builder":"gutenberg","site-pages-category":[],"site-pages-parent-category":{"60":"business","61":"free"},"required-plugins":[{"slug":"ultimate-addons-for-gutenberg","init":"ultimate-addons-for-gutenberg\/ultimate-addons-for-gutenberg.php","name":"Spectra"}]}},"related-bb-template":"","related-elementor-template":"","related-gutenberg-template":"","related_ecommerce_template":"","ecommerce_parent_template":""},"id-71149":{"title":"Freelance Artist","id":71149,"publish-date":1672396583,"featured-image-url":"https:\/\/websitedemos.net\/wp-content\/uploads\/2022\/12\/artist-08.jpg","thumbnail-image-url":"https:\/\/websitedemos.net\/wp-content\/uploads\/2022\/12\/artist-08-600x1234.jpg","fullpage-thumbnail-image-url":"https:\/\/websitedemos.net\/wp-content\/uploads\/2022\/12\/artist-08-400x823.jpg","astra-site-url":"\/\/websitedemos.net\/artist-08","astra-site-parent-id":3060,"astra-sites-tag":{"597":"art","339":"artist","496":"ecommerce","595":"exhibition","614":"painter","1020":"personal","967":"product-store","966":"woo-commerce","1024":"woocommerce"},"astra-sites-type":"free","astra-site-category":{"38":"ecommerce","39":"free"},"astra-sites-template-category":{"2802":"artist","2769":"ecommerce","2810":"freelance","2770":"personal"},"astra-site-page-builder":"gutenberg","categories":{"2488":"portfolio"},"required-plugins":[{"slug":"ultimate-addons-for-gutenberg","init":"ultimate-addons-for-gutenberg\/ultimate-addons-for-gutenberg.php","name":"Spectra"},{"slug":"woocommerce","init":"woocommerce\/woocommerce.php","name":"WooCommerce"}],"post-status":"publish","post-content":"","post-excerpt":"","pages":{"id-71150":{"title":"About Me","featured-image-url":"https:\/\/websitedemos.net\/wp-content\/uploads\/2022\/12\/artist-08-about-me.jpg","thumbnail-image-url":"https:\/\/websitedemos.net\/wp-content\/uploads\/2022\/12\/artist-08-about-me-600x1013.jpg","astra-page-api-url":"https:\/\/websitedemos.net\/artist-08\/wp-json\/wp\/v2\/pages\/607","dynamic-page":"no","astra-page-url":"\/\/websitedemos.net\/artist-08\/about-me\/","astra-sites-tag":{"1007":"about-me"},"site-pages-type":"free","site-pages-page-builder":"gutenberg","site-pages-category":[],"site-pages-parent-category":{"64":"ecommerce","61":"free"},"required-plugins":[{"slug":"ultimate-addons-for-gutenberg","init":"ultimate-addons-for-gutenberg\/ultimate-addons-for-gutenberg.php","name":"Spectra"}]},"id-71151":{"title":"Contact","featured-image-url":"https:\/\/websitedemos.net\/wp-content\/uploads\/2022\/12\/artist-08-contact.jpg","thumbnail-image-url":"https:\/\/websitedemos.net\/wp-content\/uploads\/2022\/12\/artist-08-contact-600x864.jpg","astra-page-api-url":"https:\/\/websitedemos.net\/artist-08\/wp-json\/wp\/v2\/pages\/608","dynamic-page":"no","astra-page-url":"\/\/websitedemos.net\/artist-08\/contact\/","astra-sites-tag":{"415":"contact"},"site-pages-type":"free","site-pages-page-builder":"gutenberg","site-pages-category":[],"site-pages-parent-category":{"64":"ecommerce","61":"free"},"required-plugins":[{"slug":"ultimate-addons-for-gutenberg","init":"ultimate-addons-for-gutenberg\/ultimate-addons-for-gutenberg.php","name":"Spectra"},{"slug":"woocommerce","init":"woocommerce\/woocommerce.php","name":"WooCommerce"}]},"id-71152":{"title":"Home","featured-image-url":"https:\/\/websitedemos.net\/wp-content\/uploads\/2022\/12\/artist-08.jpg","thumbnail-image-url":"https:\/\/websitedemos.net\/wp-content\/uploads\/2022\/12\/artist-08-600x1234.jpg","astra-page-api-url":"https:\/\/websitedemos.net\/artist-08\/wp-json\/wp\/v2\/pages\/606","dynamic-page":"yes","astra-page-url":"\/\/websitedemos.net\/artist-08\/","astra-sites-tag":{"423":"home"},"site-pages-type":"free","site-pages-page-builder":"gutenberg","site-pages-category":[],"site-pages-parent-category":{"64":"ecommerce","61":"free"},"required-plugins":[{"slug":"ultimate-addons-for-gutenberg","init":"ultimate-addons-for-gutenberg\/ultimate-addons-for-gutenberg.php","name":"Spectra"},{"slug":"woocommerce","init":"woocommerce\/woocommerce.php","name":"WooCommerce"}]}},"related-bb-template":"","related-elementor-template":"","related-gutenberg-template":"","related_ecommerce_template":"","ecommerce_parent_template":""},"id-71122":{"title":"Marketing Agency","id":71122,"publish-date":1672395349,"featured-image-url":"https:\/\/websitedemos.net\/wp-content\/uploads\/2022\/12\/marketing-agency-08.jpg","thumbnail-image-url":"https:\/\/websitedemos.net\/wp-content\/uploads\/2022\/12\/marketing-agency-08-600x2638.jpg","fullpage-thumbnail-image-url":"https:\/\/websitedemos.net\/wp-content\/uploads\/2022\/12\/marketing-agency-08-400x1758.jpg","astra-site-url":"\/\/websitedemos.net\/marketing-agency-08","astra-site-parent-id":3059,"astra-sites-tag":{"1587":"advertising-agency","2232":"advertising-company","2229":"advertising-firm","663":"agency","979":"company","1588":"marketing-agency","2233":"marketing-company","2228":"marketing-firm","2230":"press-agency","2227":"promotion-firm","2231":"publicity-firm","2234":"publicity-services"},"astra-sites-type":"free","astra-site-category":{"27":"business","39":"free"},"astra-sites-template-category":{"2777":"business","2812":"digital-agency","2796":"digital-marketing","2768":"portfolio"},"astra-site-page-builder":"gutenberg","categories":{"2487":"agency"},"required-plugins":[{"slug":"ultimate-addons-for-gutenberg","init":"ultimate-addons-for-gutenberg\/ultimate-addons-for-gutenberg.php","name":"Spectra"}],"post-status":"publish","post-content":"","post-excerpt":"","pages":{"id-85098":{"title":"Contact","featured-image-url":"","thumbnail-image-url":"","astra-page-api-url":"https:\/\/websitedemos.net\/marketing-agency-08\/wp-json\/wp\/v2\/pages\/61","dynamic-page":"no","astra-page-url":"\/\/websitedemos.net\/marketing-agency-08\/contact\/","astra-sites-tag":[],"site-pages-type":"free","site-pages-page-builder":"gutenberg","site-pages-category":[],"site-pages-parent-category":{"60":"business","61":"free"},"required-plugins":[{"slug":"ultimate-addons-for-gutenberg","init":"ultimate-addons-for-gutenberg\/ultimate-addons-for-gutenberg.php","name":"Spectra"}]},"id-85099":{"title":"Home","featured-image-url":"","thumbnail-image-url":"","astra-page-api-url":"https:\/\/websitedemos.net\/marketing-agency-08\/wp-json\/wp\/v2\/pages\/2","dynamic-page":"no","astra-page-url":"\/\/websitedemos.net\/marketing-agency-08\/","astra-sites-tag":[],"site-pages-type":"free","site-pages-page-builder":"gutenberg","site-pages-category":[],"site-pages-parent-category":{"60":"business","61":"free"},"required-plugins":[{"slug":"ultimate-addons-for-gutenberg","init":"ultimate-addons-for-gutenberg\/ultimate-addons-for-gutenberg.php","name":"Spectra"}]},"id-85100":{"title":"What We Do","featured-image-url":"","thumbnail-image-url":"","astra-page-api-url":"https:\/\/websitedemos.net\/marketing-agency-08\/wp-json\/wp\/v2\/pages\/58","dynamic-page":"no","astra-page-url":"\/\/websitedemos.net\/marketing-agency-08\/what-we-do\/","astra-sites-tag":[],"site-pages-type":"free","site-pages-page-builder":"gutenberg","site-pages-category":[],"site-pages-parent-category":{"60":"business","61":"free"},"required-plugins":[{"slug":"ultimate-addons-for-gutenberg","init":"ultimate-addons-for-gutenberg\/ultimate-addons-for-gutenberg.php","name":"Spectra"}]},"id-85096":{"title":"About Us","featured-image-url":"","thumbnail-image-url":"","astra-page-api-url":"https:\/\/websitedemos.net\/marketing-agency-08\/wp-json\/wp\/v2\/pages\/60","dynamic-page":"no","astra-page-url":"\/\/websitedemos.net\/marketing-agency-08\/about-us\/","astra-sites-tag":[],"site-pages-type":"free","site-pages-page-builder":"gutenberg","site-pages-category":[],"site-pages-parent-category":{"60":"business","61":"free"},"required-plugins":[{"slug":"ultimate-addons-for-gutenberg","init":"ultimate-addons-for-gutenberg\/ultimate-addons-for-gutenberg.php","name":"Spectra"}]},"id-85097":{"title":"Case Studies","featured-image-url":"","thumbnail-image-url":"","astra-page-api-url":"https:\/\/websitedemos.net\/marketing-agency-08\/wp-json\/wp\/v2\/pages\/59","dynamic-page":"no","astra-page-url":"\/\/websitedemos.net\/marketing-agency-08\/case-studies\/","astra-sites-tag":[],"site-pages-type":"free","site-pages-page-builder":"gutenberg","site-pages-category":[],"site-pages-parent-category":{"60":"business","61":"free"},"required-plugins":[{"slug":"ultimate-addons-for-gutenberg","init":"ultimate-addons-for-gutenberg\/ultimate-addons-for-gutenberg.php","name":"Spectra"}]},"id-71123":{"title":"About Us","featured-image-url":"https:\/\/websitedemos.net\/wp-content\/uploads\/2022\/12\/marketing-agency-08-about-us.jpg","thumbnail-image-url":"https:\/\/websitedemos.net\/wp-content\/uploads\/2022\/12\/marketing-agency-08-about-us-600x1450.jpg","astra-page-api-url":"https:\/\/websitedemos.net\/marketing-agency-08\/wp-json\/wp\/v2\/pages\/60","dynamic-page":"no","astra-page-url":"\/\/websitedemos.net\/marketing-agency-08\/about-us\/","astra-sites-tag":{"352":"about"},"site-pages-type":"free","site-pages-page-builder":"gutenberg","site-pages-category":[],"site-pages-parent-category":{"60":"business","61":"free"},"required-plugins":[{"slug":"ultimate-addons-for-gutenberg","init":"ultimate-addons-for-gutenberg\/ultimate-addons-for-gutenberg.php","name":"Spectra"}]},"id-71124":{"title":"Case Studies","featured-image-url":"https:\/\/websitedemos.net\/wp-content\/uploads\/2022\/12\/marketing-agency-08-case-studies.jpg","thumbnail-image-url":"https:\/\/websitedemos.net\/wp-content\/uploads\/2022\/12\/marketing-agency-08-case-studies-600x1280.jpg","astra-page-api-url":"https:\/\/websitedemos.net\/marketing-agency-08\/wp-json\/wp\/v2\/pages\/59","dynamic-page":"no","astra-page-url":"\/\/websitedemos.net\/marketing-agency-08\/case-studies\/","astra-sites-tag":{"780":"case-studies"},"site-pages-type":"free","site-pages-page-builder":"gutenberg","site-pages-category":[],"site-pages-parent-category":{"60":"business","61":"free"},"required-plugins":[{"slug":"ultimate-addons-for-gutenberg","init":"ultimate-addons-for-gutenberg\/ultimate-addons-for-gutenberg.php","name":"Spectra"}]},"id-71125":{"title":"Contact","featured-image-url":"https:\/\/websitedemos.net\/wp-content\/uploads\/2022\/12\/marketing-agency-08-contact-us.jpg","thumbnail-image-url":"https:\/\/websitedemos.net\/wp-content\/uploads\/2022\/12\/marketing-agency-08-contact-us-600x889.jpg","astra-page-api-url":"https:\/\/websitedemos.net\/marketing-agency-08\/wp-json\/wp\/v2\/pages\/61","dynamic-page":"no","astra-page-url":"\/\/websitedemos.net\/marketing-agency-08\/contact\/","astra-sites-tag":{"415":"contact"},"site-pages-type":"free","site-pages-page-builder":"gutenberg","site-pages-category":[],"site-pages-parent-category":{"60":"business","61":"free"},"required-plugins":[{"slug":"ultimate-addons-for-gutenberg","init":"ultimate-addons-for-gutenberg\/ultimate-addons-for-gutenberg.php","name":"Spectra"},{"slug":"wpforms-lite","init":"wpforms-lite\/wpforms.php","name":"WPForms Lite"}]},"id-71126":{"title":"Home","featured-image-url":"https:\/\/websitedemos.net\/wp-content\/uploads\/2022\/12\/marketing-agency-08.jpg","thumbnail-image-url":"https:\/\/websitedemos.net\/wp-content\/uploads\/2022\/12\/marketing-agency-08-600x2638.jpg","astra-page-api-url":"https:\/\/websitedemos.net\/marketing-agency-08\/wp-json\/wp\/v2\/pages\/2","dynamic-page":"no","astra-page-url":"\/\/websitedemos.net\/marketing-agency-08\/","astra-sites-tag":{"423":"home"},"site-pages-type":"free","site-pages-page-builder":"gutenberg","site-pages-category":[],"site-pages-parent-category":{"60":"business","61":"free"},"required-plugins":[{"slug":"ultimate-addons-for-gutenberg","init":"ultimate-addons-for-gutenberg\/ultimate-addons-for-gutenberg.php","name":"Spectra"}]},"id-71127":{"title":"What We Do","featured-image-url":"https:\/\/websitedemos.net\/wp-content\/uploads\/2022\/12\/marketing-agency-08-what-we-do.jpg","thumbnail-image-url":"https:\/\/websitedemos.net\/wp-content\/uploads\/2022\/12\/marketing-agency-08-what-we-do-600x1954.jpg","astra-page-api-url":"https:\/\/websitedemos.net\/marketing-agency-08\/wp-json\/wp\/v2\/pages\/58","dynamic-page":"no","astra-page-url":"\/\/websitedemos.net\/marketing-agency-08\/what-we-do\/","astra-sites-tag":{"628":"what-we-do"},"site-pages-type":"free","site-pages-page-builder":"gutenberg","site-pages-category":[],"site-pages-parent-category":{"60":"business","61":"free"},"required-plugins":[{"slug":"ultimate-addons-for-gutenberg","init":"ultimate-addons-for-gutenberg\/ultimate-addons-for-gutenberg.php","name":"Spectra"}]}},"related-bb-template":"","related-elementor-template":"","related-gutenberg-template":"","related_ecommerce_template":"","ecommerce_parent_template":""},"id-71116":{"title":"Vlogger","id":71116,"publish-date":1672393023,"featured-image-url":"https:\/\/websitedemos.net\/wp-content\/uploads\/2022\/12\/vlogger-08.jpg","thumbnail-image-url":"https:\/\/websitedemos.net\/wp-content\/uploads\/2022\/12\/vlogger-08-600x2621.jpg","fullpage-thumbnail-image-url":"https:\/\/websitedemos.net\/wp-content\/uploads\/2022\/12\/vlogger-08-400x1747.jpg","astra-site-url":"\/\/websitedemos.net\/vlogger-08","astra-site-parent-id":3058,"astra-sites-tag":{"1840":"cameraman","1841":"cinematographer","1842":"film-maker","399":"one-page","1718":"onepage","1839":"video-creator","1837":"vlogger","1838":"youtuber"},"astra-sites-type":"free","astra-site-category":{"27":"business","39":"free"},"astra-sites-template-category":{"2810":"freelance","2771":"one-page","2770":"personal","2801":"video"},"astra-site-page-builder":"gutenberg","categories":{"2497":"blog","2927":"one-page","2488":"portfolio","2926":"video"},"required-plugins":[{"slug":"ultimate-addons-for-gutenberg","init":"ultimate-addons-for-gutenberg\/ultimate-addons-for-gutenberg.php","name":"Spectra"}],"post-status":"publish","post-content":"","post-excerpt":"","pages":{"id-71117":{"title":"Home","featured-image-url":"https:\/\/websitedemos.net\/wp-content\/uploads\/2022\/12\/vlogger-08.jpg","thumbnail-image-url":"https:\/\/websitedemos.net\/wp-content\/uploads\/2022\/12\/vlogger-08-600x2621.jpg","astra-page-api-url":"https:\/\/websitedemos.net\/vlogger-08\/wp-json\/wp\/v2\/pages\/28","dynamic-page":"no","astra-page-url":"\/\/websitedemos.net\/vlogger-08\/","astra-sites-tag":{"1837":"vlogger"},"site-pages-type":"free","site-pages-page-builder":"gutenberg","site-pages-category":[],"site-pages-parent-category":{"60":"business","61":"free"},"required-plugins":[{"slug":"ultimate-addons-for-gutenberg","init":"ultimate-addons-for-gutenberg\/ultimate-addons-for-gutenberg.php","name":"Spectra"}]}},"related-bb-template":"","related-elementor-template":"","related-gutenberg-template":"","related_ecommerce_template":"","ecommerce_parent_template":""},"id-74987":{"title":"General Hospital","id":74987,"publish-date":1689335063,"featured-image-url":"https:\/\/websitedemos.net\/wp-content\/uploads\/2023\/07\/general-hospital-07.jpg","thumbnail-image-url":"https:\/\/websitedemos.net\/wp-content\/uploads\/2023\/07\/general-hospital-07-600x2939.jpg","fullpage-thumbnail-image-url":"https:\/\/websitedemos.net\/wp-content\/uploads\/2023\/07\/general-hospital-07-400x1959.jpg","astra-site-url":"\/\/websitedemos.net\/general-hospital-07","astra-site-parent-id":3336,"astra-sites-tag":{"601":"doctor","3341":"doctors","2045":"health","3343":"healthandwellness","604":"healthcare","3338":"hosital","603":"medical","3337":"medicine","3342":"nurses","3340":"nursing","3339":"pharmacy"},"astra-sites-type":"premium","astra-site-category":{"27":"business"},"astra-sites-template-category":{"2777":"business","2834":"healthcare","2841":"medical-clinic"},"astra-site-page-builder":"gutenberg","categories":{"2490":"healthcare"},"required-plugins":[{"slug":"ultimate-addons-for-gutenberg","init":"ultimate-addons-for-gutenberg\/ultimate-addons-for-gutenberg.php","name":"Spectra"}],"post-status":"publish","post-content":"","post-excerpt":"","pages":{"id-74991":{"title":"Services","featured-image-url":"https:\/\/websitedemos.net\/wp-content\/uploads\/2023\/07\/general-hospital-07-services.jpg","thumbnail-image-url":"https:\/\/websitedemos.net\/wp-content\/uploads\/2023\/07\/general-hospital-07-services-600x1590.jpg","astra-page-api-url":"https:\/\/websitedemos.net\/general-hospital-07\/wp-json\/wp\/v2\/pages\/897","dynamic-page":"no","astra-page-url":"\/\/websitedemos.net\/general-hospital-07\/services\/","astra-sites-tag":{"425":"services"},"site-pages-type":"premium","site-pages-page-builder":"gutenberg","site-pages-category":[],"site-pages-parent-category":{"60":"business"},"required-plugins":[{"slug":"ultimate-addons-for-gutenberg","init":"ultimate-addons-for-gutenberg\/ultimate-addons-for-gutenberg.php","name":"Spectra"}]},"id-74988":{"title":"About Us","featured-image-url":"https:\/\/websitedemos.net\/wp-content\/uploads\/2023\/07\/general-hospital-07-about.jpg","thumbnail-image-url":"https:\/\/websitedemos.net\/wp-content\/uploads\/2023\/07\/general-hospital-07-about-600x1263.jpg","astra-page-api-url":"https:\/\/websitedemos.net\/general-hospital-07\/wp-json\/wp\/v2\/pages\/896","dynamic-page":"no","astra-page-url":"\/\/websitedemos.net\/general-hospital-07\/about-us\/","astra-sites-tag":{"352":"about"},"site-pages-type":"premium","site-pages-page-builder":"gutenberg","site-pages-category":[],"site-pages-parent-category":{"60":"business"},"required-plugins":[{"slug":"ultimate-addons-for-gutenberg","init":"ultimate-addons-for-gutenberg\/ultimate-addons-for-gutenberg.php","name":"Spectra"}]},"id-74989":{"title":"Contact","featured-image-url":"https:\/\/websitedemos.net\/wp-content\/uploads\/2023\/07\/general-hospital-07-contact.jpg","thumbnail-image-url":"https:\/\/websitedemos.net\/wp-content\/uploads\/2023\/07\/general-hospital-07-contact-600x907.jpg","astra-page-api-url":"https:\/\/websitedemos.net\/general-hospital-07\/wp-json\/wp\/v2\/pages\/898","dynamic-page":"no","astra-page-url":"\/\/websitedemos.net\/general-hospital-07\/contact\/","astra-sites-tag":{"415":"contact"},"site-pages-type":"premium","site-pages-page-builder":"gutenberg","site-pages-category":[],"site-pages-parent-category":{"60":"business"},"required-plugins":[{"slug":"ultimate-addons-for-gutenberg","init":"ultimate-addons-for-gutenberg\/ultimate-addons-for-gutenberg.php","name":"Spectra"}]},"id-74990":{"title":"Home","featured-image-url":"https:\/\/websitedemos.net\/wp-content\/uploads\/2023\/07\/general-hospital-07.jpg","thumbnail-image-url":"https:\/\/websitedemos.net\/wp-content\/uploads\/2023\/07\/general-hospital-07-600x2939.jpg","astra-page-api-url":"https:\/\/websitedemos.net\/general-hospital-07\/wp-json\/wp\/v2\/pages\/895","dynamic-page":"no","astra-page-url":"\/\/websitedemos.net\/general-hospital-07\/","astra-sites-tag":{"423":"home"},"site-pages-type":"premium","site-pages-page-builder":"gutenberg","site-pages-category":[],"site-pages-parent-category":{"60":"business"},"required-plugins":[{"slug":"ultimate-addons-for-gutenberg","init":"ultimate-addons-for-gutenberg\/ultimate-addons-for-gutenberg.php","name":"Spectra"}]}},"related-bb-template":"","related-elementor-template":"","related-gutenberg-template":"","related_ecommerce_template":"","ecommerce_parent_template":""},"id-75348":{"title":"Branding Store","id":75348,"publish-date":1690979909,"featured-image-url":"https:\/\/websitedemos.net\/wp-content\/uploads\/2023\/08\/branding-stores-08.jpg","thumbnail-image-url":"https:\/\/websitedemos.net\/wp-content\/uploads\/2023\/08\/branding-stores-08-600x1763.jpg","fullpage-thumbnail-image-url":"https:\/\/websitedemos.net\/wp-content\/uploads\/2023\/08\/branding-stores-08-400x1175.jpg","astra-site-url":"\/\/websitedemos.net\/branding-store-08","astra-site-parent-id":3367,"astra-sites-tag":{"639":"accessories","638":"brand-store","880":"cartflows","640":"cloth-store","637":"clothing","2418":"commerce","1017":"e-commerce","496":"ecommerce","2422":"online-market","732":"online-shop","2420":"online-shopping","383":"online-store","967":"product-store","2421":"purchases","2417":"reseller","733":"shop","2416":"shopping","749":"store","966":"woo-commerce","1024":"woocommerce"},"astra-sites-type":"free","astra-site-category":{"38":"ecommerce","39":"free"},"astra-sites-template-category":{"2790":"beauty-fashion","2777":"business","2769":"ecommerce","2858":"fashion-clothing","2857":"online-shopping"},"astra-site-page-builder":"gutenberg","categories":{"2495":"ecommerce"},"required-plugins":[{"slug":"ultimate-addons-for-gutenberg","init":"ultimate-addons-for-gutenberg\/ultimate-addons-for-gutenberg.php","name":"Spectra"},{"slug":"surecart","init":"surecart\/surecart.php","name":"SureCart"}],"post-status":"publish","post-content":"","post-excerpt":"","pages":{"id-75494":{"title":"Checkout","featured-image-url":"","thumbnail-image-url":"","astra-page-api-url":"https:\/\/websitedemos.net\/branding-store-08\/wp-json\/wp\/v2\/pages\/4388","dynamic-page":"no","astra-page-url":"\/\/websitedemos.net\/branding-store-08\/checkout\/","astra-sites-tag":[],"site-pages-type":"free","site-pages-page-builder":"gutenberg","site-pages-category":[],"site-pages-parent-category":{"64":"ecommerce","61":"free"},"required-plugins":[{"slug":"surecart","init":"surecart\/surecart.php","name":"SureCart"}]},"id-75495":{"title":"Dashboard","featured-image-url":"","thumbnail-image-url":"","astra-page-api-url":"https:\/\/websitedemos.net\/branding-store-08\/wp-json\/wp\/v2\/pages\/4389","dynamic-page":"no","astra-page-url":"\/\/websitedemos.net\/branding-store-08\/customer-dashboard\/","astra-sites-tag":[],"site-pages-type":"free","site-pages-page-builder":"gutenberg","site-pages-category":[],"site-pages-parent-category":{"64":"ecommerce","61":"free"},"required-plugins":[{"slug":"surecart","init":"surecart\/surecart.php","name":"SureCart"}]},"id-75496":{"title":"Shop","featured-image-url":"","thumbnail-image-url":"","astra-page-api-url":"https:\/\/websitedemos.net\/branding-store-08\/wp-json\/wp\/v2\/pages\/438","dynamic-page":"no","astra-page-url":"\/\/websitedemos.net\/branding-store-08\/shop\/","astra-sites-tag":[],"site-pages-type":"free","site-pages-page-builder":"gutenberg","site-pages-category":[],"site-pages-parent-category":{"64":"ecommerce","61":"free"},"required-plugins":[{"slug":"surecart","init":"surecart\/surecart.php","name":"SureCart"}]},"id-75349":{"title":"About","featured-image-url":"https:\/\/websitedemos.net\/wp-content\/uploads\/2023\/08\/branding-stores-08-about.jpg","thumbnail-image-url":"https:\/\/websitedemos.net\/wp-content\/uploads\/2023\/08\/branding-stores-08-about-600x1522.jpg","astra-page-api-url":"https:\/\/websitedemos.net\/branding-store-08\/wp-json\/wp\/v2\/pages\/4392","dynamic-page":"no","astra-page-url":"\/\/websitedemos.net\/branding-store-08\/about\/","astra-sites-tag":{"352":"about"},"site-pages-type":"free","site-pages-page-builder":"gutenberg","site-pages-category":[],"site-pages-parent-category":{"64":"ecommerce","61":"free"},"required-plugins":[{"slug":"ultimate-addons-for-gutenberg","init":"ultimate-addons-for-gutenberg\/ultimate-addons-for-gutenberg.php","name":"Spectra"}]},"id-75350":{"title":"Contact Us","featured-image-url":"https:\/\/websitedemos.net\/wp-content\/uploads\/2023\/08\/branding-stores-08-contact-us.jpg","thumbnail-image-url":"https:\/\/websitedemos.net\/wp-content\/uploads\/2023\/08\/branding-stores-08-contact-us-600x917.jpg","astra-page-api-url":"https:\/\/websitedemos.net\/branding-store-08\/wp-json\/wp\/v2\/pages\/4393","dynamic-page":"no","astra-page-url":"\/\/websitedemos.net\/branding-store-08\/contact-us\/","astra-sites-tag":{"415":"contact"},"site-pages-type":"free","site-pages-page-builder":"gutenberg","site-pages-category":[],"site-pages-parent-category":{"64":"ecommerce","61":"free"},"required-plugins":[{"slug":"ultimate-addons-for-gutenberg","init":"ultimate-addons-for-gutenberg\/ultimate-addons-for-gutenberg.php","name":"Spectra"}]},"id-75351":{"title":"Home","featured-image-url":"https:\/\/websitedemos.net\/wp-content\/uploads\/2023\/08\/branding-stores-08.jpg","thumbnail-image-url":"https:\/\/websitedemos.net\/wp-content\/uploads\/2023\/08\/branding-stores-08-600x1763.jpg","astra-page-api-url":"https:\/\/websitedemos.net\/branding-store-08\/wp-json\/wp\/v2\/pages\/4399","dynamic-page":"yes","astra-page-url":"\/\/websitedemos.net\/branding-store-08\/","astra-sites-tag":{"423":"home"},"site-pages-type":"free","site-pages-page-builder":"gutenberg","site-pages-category":[],"site-pages-parent-category":{"64":"ecommerce","61":"free"},"required-plugins":[{"slug":"ultimate-addons-for-gutenberg","init":"ultimate-addons-for-gutenberg\/ultimate-addons-for-gutenberg.php","name":"Spectra"},{"slug":"surecart","init":"surecart\/surecart.php","name":"SureCart"}]}},"related-bb-template":"","related-elementor-template":"","related-gutenberg-template":"","related_ecommerce_template":48050,"ecommerce_parent_template":75348},"id-74848":{"title":"Sierra Nature FSE","id":74848,"publish-date":1690540157,"featured-image-url":"https:\/\/websitedemos.net\/wp-content\/uploads\/2023\/07\/sierra-nature-fse.jpg","thumbnail-image-url":"https:\/\/websitedemos.net\/wp-content\/uploads\/2023\/07\/sierra-nature-fse-600x1842.jpg","fullpage-thumbnail-image-url":"https:\/\/websitedemos.net\/wp-content\/uploads\/2023\/07\/sierra-nature-fse-400x1228.jpg","astra-site-url":"\/\/websitedemos.net\/sierra-nature-fse","astra-site-parent-id":3322,"astra-sites-tag":{"538":"forest","537":"national-park","535":"nature","534":"nature-park","539":"sanctuary","536":"wilderness"},"astra-sites-type":"free","astra-site-category":{"27":"business","39":"free"},"astra-sites-template-category":{"2777":"business","2860":"multipurpose","2830":"nature","2831":"service","2797":"simple-minimal"},"astra-site-page-builder":"fse","categories":{"2500":"multipurpose"},"required-plugins":[{"slug":"ultimate-addons-for-gutenberg","init":"ultimate-addons-for-gutenberg\/ultimate-addons-for-gutenberg.php","name":"Spectra"}],"post-status":"publish","post-content":"","post-excerpt":"","pages":{"id-74849":{"title":"About","featured-image-url":"https:\/\/websitedemos.net\/wp-content\/uploads\/2023\/07\/sierra-nature-fse-about.jpg","thumbnail-image-url":"https:\/\/websitedemos.net\/wp-content\/uploads\/2023\/07\/sierra-nature-fse-about-600x1210.jpg","astra-page-api-url":"https:\/\/websitedemos.net\/sierra-nature-fse\/wp-json\/wp\/v2\/pages\/285","dynamic-page":"no","astra-page-url":"\/\/websitedemos.net\/sierra-nature-fse\/about\/","astra-sites-tag":{"352":"about"},"site-pages-type":"free","site-pages-page-builder":"gutenberg","site-pages-category":[],"site-pages-parent-category":{"60":"business","61":"free"},"required-plugins":[{"slug":"ultimate-addons-for-gutenberg","init":"ultimate-addons-for-gutenberg\/ultimate-addons-for-gutenberg.php","name":"Spectra"}]},"id-74851":{"title":"Home","featured-image-url":"https:\/\/websitedemos.net\/wp-content\/uploads\/2023\/07\/sierra-nature-fse.jpg","thumbnail-image-url":"https:\/\/websitedemos.net\/wp-content\/uploads\/2023\/07\/sierra-nature-fse-600x1842.jpg","astra-page-api-url":"https:\/\/websitedemos.net\/sierra-nature-fse\/wp-json\/wp\/v2\/pages\/282","dynamic-page":"no","astra-page-url":"\/\/websitedemos.net\/sierra-nature-fse\/","astra-sites-tag":{"423":"home"},"site-pages-type":"free","site-pages-page-builder":"gutenberg","site-pages-category":[],"site-pages-parent-category":{"60":"business","61":"free"},"required-plugins":[{"slug":"ultimate-addons-for-gutenberg","init":"ultimate-addons-for-gutenberg\/ultimate-addons-for-gutenberg.php","name":"Spectra"}]},"id-74852":{"title":"Projects","featured-image-url":"https:\/\/websitedemos.net\/wp-content\/uploads\/2023\/07\/sierra-nature-fse-projects.jpg","thumbnail-image-url":"https:\/\/websitedemos.net\/wp-content\/uploads\/2023\/07\/sierra-nature-fse-projects-600x1204.jpg","astra-page-api-url":"https:\/\/websitedemos.net\/sierra-nature-fse\/wp-json\/wp\/v2\/pages\/289","dynamic-page":"no","astra-page-url":"\/\/websitedemos.net\/sierra-nature-fse\/projects\/","astra-sites-tag":{"1613":"projects"},"site-pages-type":"free","site-pages-page-builder":"gutenberg","site-pages-category":[],"site-pages-parent-category":{"60":"business","61":"free"},"required-plugins":[{"slug":"ultimate-addons-for-gutenberg","init":"ultimate-addons-for-gutenberg\/ultimate-addons-for-gutenberg.php","name":"Spectra"}]},"id-74853":{"title":"Services","featured-image-url":"https:\/\/websitedemos.net\/wp-content\/uploads\/2023\/07\/sierra-nature-fse-services.jpg","thumbnail-image-url":"https:\/\/websitedemos.net\/wp-content\/uploads\/2023\/07\/sierra-nature-fse-services-600x1133.jpg","astra-page-api-url":"https:\/\/websitedemos.net\/sierra-nature-fse\/wp-json\/wp\/v2\/pages\/287","dynamic-page":"no","astra-page-url":"\/\/websitedemos.net\/sierra-nature-fse\/services\/","astra-sites-tag":{"425":"services"},"site-pages-type":"free","site-pages-page-builder":"gutenberg","site-pages-category":[],"site-pages-parent-category":{"60":"business","61":"free"},"required-plugins":[{"slug":"ultimate-addons-for-gutenberg","init":"ultimate-addons-for-gutenberg\/ultimate-addons-for-gutenberg.php","name":"Spectra"}]},"id-74850":{"title":"Contact","featured-image-url":"https:\/\/websitedemos.net\/wp-content\/uploads\/2023\/07\/sierra-nature-fse-contact.jpg","thumbnail-image-url":"https:\/\/websitedemos.net\/wp-content\/uploads\/2023\/07\/sierra-nature-fse-contact-600x951.jpg","astra-page-api-url":"https:\/\/websitedemos.net\/sierra-nature-fse\/wp-json\/wp\/v2\/pages\/291","dynamic-page":"no","astra-page-url":"\/\/websitedemos.net\/sierra-nature-fse\/contact\/","astra-sites-tag":{"415":"contact"},"site-pages-type":"free","site-pages-page-builder":"gutenberg","site-pages-category":[],"site-pages-parent-category":{"60":"business","61":"free"},"required-plugins":[{"slug":"ultimate-addons-for-gutenberg","init":"ultimate-addons-for-gutenberg\/ultimate-addons-for-gutenberg.php","name":"Spectra"}]}},"related-bb-template":"","related-elementor-template":"","related-gutenberg-template":"","related_ecommerce_template":"","ecommerce_parent_template":""},"id-74799":{"title":"Outdoor Adventure FSE","id":74799,"publish-date":1690540131,"featured-image-url":"https:\/\/websitedemos.net\/wp-content\/uploads\/2023\/07\/outdoor-adventures-fse.jpg","thumbnail-image-url":"https:\/\/websitedemos.net\/wp-content\/uploads\/2023\/07\/outdoor-adventures-fse-600x1523.jpg","fullpage-thumbnail-image-url":"https:\/\/websitedemos.net\/wp-content\/uploads\/2023\/07\/outdoor-adventures-fse-400x1015.jpg","astra-site-url":"\/\/websitedemos.net\/outdoor-adventure-fse","astra-site-parent-id":3319,"astra-sites-tag":{"544":"adventure","545":"camping","543":"extreme-sports","541":"mountains","542":"park","546":"sports"},"astra-sites-type":"free","astra-site-category":{"27":"business","39":"free"},"astra-sites-template-category":{"2860":"multipurpose","2797":"simple-minimal","2826":"sports","2775":"travel-tourism"},"astra-site-page-builder":"fse","categories":{"2500":"multipurpose"},"required-plugins":[{"slug":"ultimate-addons-for-gutenberg","init":"ultimate-addons-for-gutenberg\/ultimate-addons-for-gutenberg.php","name":"Spectra"}],"post-status":"publish","post-content":"","post-excerpt":"","pages":{"id-74800":{"title":"About","featured-image-url":"https:\/\/websitedemos.net\/wp-content\/uploads\/2023\/07\/outdoor-adventure-fse-about.jpg","thumbnail-image-url":"https:\/\/websitedemos.net\/wp-content\/uploads\/2023\/07\/outdoor-adventure-fse-about-600x731.jpg","astra-page-api-url":"https:\/\/websitedemos.net\/outdoor-adventure-fse\/wp-json\/wp\/v2\/pages\/285","dynamic-page":"no","astra-page-url":"\/\/websitedemos.net\/outdoor-adventure-fse\/about\/","astra-sites-tag":{"352":"about"},"site-pages-type":"free","site-pages-page-builder":"gutenberg","site-pages-category":[],"site-pages-parent-category":{"60":"business","61":"free"},"required-plugins":[{"slug":"ultimate-addons-for-gutenberg","init":"ultimate-addons-for-gutenberg\/ultimate-addons-for-gutenberg.php","name":"Spectra"}]},"id-74801":{"title":"Contact","featured-image-url":"https:\/\/websitedemos.net\/wp-content\/uploads\/2023\/07\/outdoor-adventure-fse-contact.jpg","thumbnail-image-url":"https:\/\/websitedemos.net\/wp-content\/uploads\/2023\/07\/outdoor-adventure-fse-contact-600x598.jpg","astra-page-api-url":"https:\/\/websitedemos.net\/outdoor-adventure-fse\/wp-json\/wp\/v2\/pages\/291","dynamic-page":"no","astra-page-url":"\/\/websitedemos.net\/outdoor-adventure-fse\/contact\/","astra-sites-tag":{"415":"contact"},"site-pages-type":"free","site-pages-page-builder":"gutenberg","site-pages-category":[],"site-pages-parent-category":{"60":"business","61":"free"},"required-plugins":[{"slug":"ultimate-addons-for-gutenberg","init":"ultimate-addons-for-gutenberg\/ultimate-addons-for-gutenberg.php","name":"Spectra"}]},"id-74803":{"title":"Projects","featured-image-url":"https:\/\/websitedemos.net\/wp-content\/uploads\/2023\/07\/outdoor-adventure-fse-projects.jpg","thumbnail-image-url":"https:\/\/websitedemos.net\/wp-content\/uploads\/2023\/07\/outdoor-adventure-fse-projects-600x1218.jpg","astra-page-api-url":"https:\/\/websitedemos.net\/outdoor-adventure-fse\/wp-json\/wp\/v2\/pages\/289","dynamic-page":"no","astra-page-url":"\/\/websitedemos.net\/outdoor-adventure-fse\/projects\/","astra-sites-tag":{"1613":"projects"},"site-pages-type":"free","site-pages-page-builder":"gutenberg","site-pages-category":[],"site-pages-parent-category":{"60":"business","61":"free"},"required-plugins":[{"slug":"ultimate-addons-for-gutenberg","init":"ultimate-addons-for-gutenberg\/ultimate-addons-for-gutenberg.php","name":"Spectra"}]},"id-74804":{"title":"Services","featured-image-url":"https:\/\/websitedemos.net\/wp-content\/uploads\/2023\/07\/outdoor-adventure-fse-services.jpg","thumbnail-image-url":"https:\/\/websitedemos.net\/wp-content\/uploads\/2023\/07\/outdoor-adventure-fse-services-600x1162.jpg","astra-page-api-url":"https:\/\/websitedemos.net\/outdoor-adventure-fse\/wp-json\/wp\/v2\/pages\/287","dynamic-page":"no","astra-page-url":"\/\/websitedemos.net\/outdoor-adventure-fse\/services\/","astra-sites-tag":{"425":"services"},"site-pages-type":"free","site-pages-page-builder":"gutenberg","site-pages-category":[],"site-pages-parent-category":{"60":"business","61":"free"},"required-plugins":[{"slug":"ultimate-addons-for-gutenberg","init":"ultimate-addons-for-gutenberg\/ultimate-addons-for-gutenberg.php","name":"Spectra"}]},"id-74802":{"title":"Home","featured-image-url":"https:\/\/websitedemos.net\/wp-content\/uploads\/2023\/07\/outdoor-adventures-fse.jpg","thumbnail-image-url":"https:\/\/websitedemos.net\/wp-content\/uploads\/2023\/07\/outdoor-adventures-fse-600x1523.jpg","astra-page-api-url":"https:\/\/websitedemos.net\/outdoor-adventure-fse\/wp-json\/wp\/v2\/pages\/282","dynamic-page":"no","astra-page-url":"\/\/websitedemos.net\/outdoor-adventure-fse\/","astra-sites-tag":{"423":"home"},"site-pages-type":"free","site-pages-page-builder":"gutenberg","site-pages-category":[],"site-pages-parent-category":{"60":"business","61":"free"},"required-plugins":[{"slug":"ultimate-addons-for-gutenberg","init":"ultimate-addons-for-gutenberg\/ultimate-addons-for-gutenberg.php","name":"Spectra"}]}},"related-bb-template":"","related-elementor-template":"","related-gutenberg-template":"","related_ecommerce_template":"","ecommerce_parent_template":""},"id-74785":{"title":"Love Nature FSE","id":74785,"publish-date":1690540090,"featured-image-url":"https:\/\/websitedemos.net\/wp-content\/uploads\/2023\/07\/love-nature-fse.jpg","thumbnail-image-url":"https:\/\/websitedemos.net\/wp-content\/uploads\/2023\/07\/love-nature-fse-600x1502.jpg","fullpage-thumbnail-image-url":"https:\/\/websitedemos.net\/wp-content\/uploads\/2023\/07\/love-nature-fse-400x1001.jpg","astra-site-url":"\/\/websitedemos.net\/love-nature-fse","astra-site-parent-id":3318,"astra-sites-tag":{"538":"forest","2456":"generic","2493":"multipurpose","537":"national-park","535":"nature","534":"nature-park","539":"sanctuary","536":"wilderness"},"astra-sites-type":"free","astra-site-category":{"27":"business","39":"free"},"astra-sites-template-category":{"2777":"business","2860":"multipurpose","2830":"nature","2831":"service","2797":"simple-minimal"},"astra-site-page-builder":"fse","categories":{"2500":"multipurpose"},"required-plugins":[{"slug":"ultimate-addons-for-gutenberg","init":"ultimate-addons-for-gutenberg\/ultimate-addons-for-gutenberg.php","name":"Spectra"}],"post-status":"publish","post-content":"","post-excerpt":"","pages":{"id-74789":{"title":"Services","featured-image-url":"https:\/\/websitedemos.net\/wp-content\/uploads\/2023\/07\/love-nature-fse-services.jpg","thumbnail-image-url":"https:\/\/websitedemos.net\/wp-content\/uploads\/2023\/07\/love-nature-fse-services-600x1305.jpg","astra-page-api-url":"https:\/\/websitedemos.net\/love-nature-fse\/wp-json\/wp\/v2\/pages\/287","dynamic-page":"no","astra-page-url":"\/\/websitedemos.net\/love-nature-fse\/services\/","astra-sites-tag":{"425":"services"},"site-pages-type":"free","site-pages-page-builder":"gutenberg","site-pages-category":[],"site-pages-parent-category":{"60":"business","61":"free"},"required-plugins":[{"slug":"ultimate-addons-for-gutenberg","init":"ultimate-addons-for-gutenberg\/ultimate-addons-for-gutenberg.php","name":"Spectra"}]},"id-74786":{"title":"About","featured-image-url":"https:\/\/websitedemos.net\/wp-content\/uploads\/2023\/07\/love-nature-fse-about.jpg","thumbnail-image-url":"https:\/\/websitedemos.net\/wp-content\/uploads\/2023\/07\/love-nature-fse-about-600x881.jpg","astra-page-api-url":"https:\/\/websitedemos.net\/love-nature-fse\/wp-json\/wp\/v2\/pages\/285","dynamic-page":"no","astra-page-url":"\/\/websitedemos.net\/love-nature-fse\/about\/","astra-sites-tag":{"352":"about"},"site-pages-type":"free","site-pages-page-builder":"gutenberg","site-pages-category":[],"site-pages-parent-category":{"60":"business","61":"free"},"required-plugins":[{"slug":"ultimate-addons-for-gutenberg","init":"ultimate-addons-for-gutenberg\/ultimate-addons-for-gutenberg.php","name":"Spectra"}]},"id-74787":{"title":"Contact","featured-image-url":"https:\/\/websitedemos.net\/wp-content\/uploads\/2023\/07\/love-nature-fse-contact.jpg","thumbnail-image-url":"https:\/\/websitedemos.net\/wp-content\/uploads\/2023\/07\/love-nature-fse-contact-600x776.jpg","astra-page-api-url":"https:\/\/websitedemos.net\/love-nature-fse\/wp-json\/wp\/v2\/pages\/289","dynamic-page":"no","astra-page-url":"\/\/websitedemos.net\/love-nature-fse\/contact\/","astra-sites-tag":{"415":"contact"},"site-pages-type":"free","site-pages-page-builder":"gutenberg","site-pages-category":[],"site-pages-parent-category":{"60":"business","61":"free"},"required-plugins":[{"slug":"ultimate-addons-for-gutenberg","init":"ultimate-addons-for-gutenberg\/ultimate-addons-for-gutenberg.php","name":"Spectra"}]},"id-74788":{"title":"Home","featured-image-url":"https:\/\/websitedemos.net\/wp-content\/uploads\/2023\/07\/love-nature-fse.jpg","thumbnail-image-url":"https:\/\/websitedemos.net\/wp-content\/uploads\/2023\/07\/love-nature-fse-600x1502.jpg","astra-page-api-url":"https:\/\/websitedemos.net\/love-nature-fse\/wp-json\/wp\/v2\/pages\/282","dynamic-page":"no","astra-page-url":"\/\/websitedemos.net\/love-nature-fse\/","astra-sites-tag":{"423":"home"},"site-pages-type":"free","site-pages-page-builder":"gutenberg","site-pages-category":[],"site-pages-parent-category":{"60":"business","61":"free"},"required-plugins":[{"slug":"ultimate-addons-for-gutenberg","init":"ultimate-addons-for-gutenberg\/ultimate-addons-for-gutenberg.php","name":"Spectra"}]}},"related-bb-template":"","related-elementor-template":"","related-gutenberg-template":"","related_ecommerce_template":"","ecommerce_parent_template":""},"id-71064":{"title":"Child Care Blog","id":71064,"publish-date":1672330833,"featured-image-url":"https:\/\/websitedemos.net\/wp-content\/uploads\/2022\/12\/childcare-blog-08.jpg","thumbnail-image-url":"https:\/\/websitedemos.net\/wp-content\/uploads\/2022\/12\/childcare-blog-08-600x2522.jpg","fullpage-thumbnail-image-url":"https:\/\/websitedemos.net\/wp-content\/uploads\/2022\/12\/childcare-blog-08-400x1681.jpg","astra-site-url":"\/\/websitedemos.net\/childcare-blog-08","astra-site-parent-id":3053,"astra-sites-tag":{"480":"blog","1652":"blogger","1897":"child-care-blog","1896":"child-care-expert","1547":"influencer"},"astra-sites-type":"free","astra-site-category":{"37":"blog","39":"free"},"astra-sites-template-category":{"2828":"blog","2770":"personal"},"astra-site-page-builder":"gutenberg","categories":{"2497":"blog"},"required-plugins":[{"slug":"ultimate-addons-for-gutenberg","init":"ultimate-addons-for-gutenberg\/ultimate-addons-for-gutenberg.php","name":"Spectra"}],"post-status":"publish","post-content":"","post-excerpt":"","pages":{"id-71065":{"title":"Contact","featured-image-url":"https:\/\/websitedemos.net\/wp-content\/uploads\/2022\/12\/childcare-blog-08-contact.jpg","thumbnail-image-url":"https:\/\/websitedemos.net\/wp-content\/uploads\/2022\/12\/childcare-blog-08-contact-600x1176.jpg","astra-page-api-url":"https:\/\/websitedemos.net\/childcare-blog-08\/wp-json\/wp\/v2\/pages\/662","dynamic-page":"no","astra-page-url":"\/\/websitedemos.net\/childcare-blog-08\/contact\/","astra-sites-tag":{"415":"contact"},"site-pages-type":"free","site-pages-page-builder":"gutenberg","site-pages-category":[],"site-pages-parent-category":{"74":"blog","61":"free"},"required-plugins":[{"slug":"ultimate-addons-for-gutenberg","init":"ultimate-addons-for-gutenberg\/ultimate-addons-for-gutenberg.php","name":"Spectra"}]},"id-71066":{"title":"Home","featured-image-url":"https:\/\/websitedemos.net\/wp-content\/uploads\/2022\/12\/childcare-blog-08.jpg","thumbnail-image-url":"https:\/\/websitedemos.net\/wp-content\/uploads\/2022\/12\/childcare-blog-08-600x2522.jpg","astra-page-api-url":"https:\/\/websitedemos.net\/childcare-blog-08\/wp-json\/wp\/v2\/pages\/653","dynamic-page":"no","astra-page-url":"\/\/websitedemos.net\/childcare-blog-08\/","astra-sites-tag":{"423":"home"},"site-pages-type":"free","site-pages-page-builder":"gutenberg","site-pages-category":[],"site-pages-parent-category":{"74":"blog","61":"free"},"required-plugins":[{"slug":"ultimate-addons-for-gutenberg","init":"ultimate-addons-for-gutenberg\/ultimate-addons-for-gutenberg.php","name":"Spectra"}]}},"related-bb-template":"","related-elementor-template":"","related-gutenberg-template":"","related_ecommerce_template":"","ecommerce_parent_template":""},"id-71038":{"title":"Roofing Agency","id":71038,"publish-date":1672328084,"featured-image-url":"https:\/\/websitedemos.net\/wp-content\/uploads\/2022\/12\/roofing-agency-08.jpg","thumbnail-image-url":"https:\/\/websitedemos.net\/wp-content\/uploads\/2022\/12\/roofing-agency-08-600x3001.jpg","fullpage-thumbnail-image-url":"https:\/\/websitedemos.net\/wp-content\/uploads\/2022\/12\/roofing-agency-08-400x2001.jpg","astra-site-url":"\/\/websitedemos.net\/roofing-agency-08","astra-site-parent-id":3052,"astra-sites-tag":{"1630":"commercial-roofing","1629":"residential-roofing","1634":"roof-installation","1633":"roof-repair","1631":"roof-replacement","2570":"roofing-agency","1632":"roofing-services"},"astra-sites-type":"free","astra-site-category":{"27":"business","39":"free"},"astra-sites-template-category":{"2818":"roofing","2831":"service"},"astra-site-page-builder":"gutenberg","categories":{"2484":"real-estate"},"required-plugins":[{"slug":"ultimate-addons-for-gutenberg","init":"ultimate-addons-for-gutenberg\/ultimate-addons-for-gutenberg.php","name":"Spectra"}],"post-status":"publish","post-content":"","post-excerpt":"","pages":{"id-71039":{"title":"About","featured-image-url":"https:\/\/websitedemos.net\/wp-content\/uploads\/2022\/12\/roofing-agency-08-about.jpg","thumbnail-image-url":"https:\/\/websitedemos.net\/wp-content\/uploads\/2022\/12\/roofing-agency-08-about-600x1749.jpg","astra-page-api-url":"https:\/\/websitedemos.net\/roofing-agency-08\/wp-json\/wp\/v2\/pages\/908","dynamic-page":"no","astra-page-url":"\/\/websitedemos.net\/roofing-agency-08\/about\/","astra-sites-tag":{"352":"about"},"site-pages-type":"free","site-pages-page-builder":"gutenberg","site-pages-category":[],"site-pages-parent-category":{"60":"business","61":"free"},"required-plugins":[{"slug":"ultimate-addons-for-gutenberg","init":"ultimate-addons-for-gutenberg\/ultimate-addons-for-gutenberg.php","name":"Spectra"}]},"id-71040":{"title":"Contact","featured-image-url":"https:\/\/websitedemos.net\/wp-content\/uploads\/2022\/12\/roofing-agency-08-contact-1.jpg","thumbnail-image-url":"https:\/\/websitedemos.net\/wp-content\/uploads\/2022\/12\/roofing-agency-08-contact-1-600x1169.jpg","astra-page-api-url":"https:\/\/websitedemos.net\/roofing-agency-08\/wp-json\/wp\/v2\/pages\/914","dynamic-page":"no","astra-page-url":"\/\/websitedemos.net\/roofing-agency-08\/contact\/","astra-sites-tag":{"415":"contact"},"site-pages-type":"free","site-pages-page-builder":"gutenberg","site-pages-category":[],"site-pages-parent-category":{"60":"business","61":"free"},"required-plugins":[{"slug":"ultimate-addons-for-gutenberg","init":"ultimate-addons-for-gutenberg\/ultimate-addons-for-gutenberg.php","name":"Spectra"}]},"id-71041":{"title":"Home","featured-image-url":"https:\/\/websitedemos.net\/wp-content\/uploads\/2022\/12\/roofing-agency-08.jpg","thumbnail-image-url":"https:\/\/websitedemos.net\/wp-content\/uploads\/2022\/12\/roofing-agency-08-600x3001.jpg","astra-page-api-url":"https:\/\/websitedemos.net\/roofing-agency-08\/wp-json\/wp\/v2\/pages\/906","dynamic-page":"no","astra-page-url":"\/\/websitedemos.net\/roofing-agency-08\/","astra-sites-tag":{"423":"home"},"site-pages-type":"free","site-pages-page-builder":"gutenberg","site-pages-category":[],"site-pages-parent-category":{"60":"business","61":"free"},"required-plugins":[{"slug":"ultimate-addons-for-gutenberg","init":"ultimate-addons-for-gutenberg\/ultimate-addons-for-gutenberg.php","name":"Spectra"}]},"id-71042":{"title":"Projects","featured-image-url":"https:\/\/websitedemos.net\/wp-content\/uploads\/2022\/12\/roofing-agency-08-projects.jpg","thumbnail-image-url":"https:\/\/websitedemos.net\/wp-content\/uploads\/2022\/12\/roofing-agency-08-projects-600x1100.jpg","astra-page-api-url":"https:\/\/websitedemos.net\/roofing-agency-08\/wp-json\/wp\/v2\/pages\/910","dynamic-page":"no","astra-page-url":"\/\/websitedemos.net\/roofing-agency-08\/projects\/","astra-sites-tag":{"1613":"projects"},"site-pages-type":"free","site-pages-page-builder":"gutenberg","site-pages-category":[],"site-pages-parent-category":{"60":"business","61":"free"},"required-plugins":[{"slug":"ultimate-addons-for-gutenberg","init":"ultimate-addons-for-gutenberg\/ultimate-addons-for-gutenberg.php","name":"Spectra"}]},"id-71043":{"title":"Services","featured-image-url":"https:\/\/websitedemos.net\/wp-content\/uploads\/2022\/12\/roofing-agency-08-services.jpg","thumbnail-image-url":"https:\/\/websitedemos.net\/wp-content\/uploads\/2022\/12\/roofing-agency-08-services-600x1168.jpg","astra-page-api-url":"https:\/\/websitedemos.net\/roofing-agency-08\/wp-json\/wp\/v2\/pages\/912","dynamic-page":"no","astra-page-url":"\/\/websitedemos.net\/roofing-agency-08\/services\/","astra-sites-tag":{"425":"services"},"site-pages-type":"free","site-pages-page-builder":"gutenberg","site-pages-category":[],"site-pages-parent-category":{"60":"business","61":"free"},"required-plugins":[{"slug":"ultimate-addons-for-gutenberg","init":"ultimate-addons-for-gutenberg\/ultimate-addons-for-gutenberg.php","name":"Spectra"}]}},"related-bb-template":"","related-elementor-template":"","related-gutenberg-template":"","related_ecommerce_template":"","ecommerce_parent_template":""},"id-71099":{"title":"Car Repair","id":71099,"publish-date":1672390818,"featured-image-url":"https:\/\/websitedemos.net\/wp-content\/uploads\/2022\/12\/car-repair-08.jpg","thumbnail-image-url":"https:\/\/websitedemos.net\/wp-content\/uploads\/2022\/12\/car-repair-08-600x2051.jpg","fullpage-thumbnail-image-url":"https:\/\/websitedemos.net\/wp-content\/uploads\/2022\/12\/car-repair-08-400x1367.jpg","astra-site-url":"\/\/websitedemos.net\/car-repair-08","astra-site-parent-id":3056,"astra-sites-tag":{"588":"car-care","587":"car-detailing","666":"car-repair","1021":"local-business","667":"repair-shop"},"astra-sites-type":"free","astra-site-category":{"27":"business","39":"free"},"astra-sites-template-category":{"2800":"car-automotive","2777":"business","2831":"service"},"astra-site-page-builder":"gutenberg","categories":{"2475":"automotive"},"required-plugins":[{"slug":"ultimate-addons-for-gutenberg","init":"ultimate-addons-for-gutenberg\/ultimate-addons-for-gutenberg.php","name":"Spectra"}],"post-status":"publish","post-content":"","post-excerpt":"","pages":{"id-71100":{"title":"About","featured-image-url":"https:\/\/websitedemos.net\/wp-content\/uploads\/2022\/12\/car-repair-08-about.jpg","thumbnail-image-url":"https:\/\/websitedemos.net\/wp-content\/uploads\/2022\/12\/car-repair-08-about-600x1286.jpg","astra-page-api-url":"https:\/\/websitedemos.net\/car-repair-08\/wp-json\/wp\/v2\/pages\/1811","dynamic-page":"no","astra-page-url":"\/\/websitedemos.net\/car-repair-08\/about\/","astra-sites-tag":{"352":"about"},"site-pages-type":"free","site-pages-page-builder":"gutenberg","site-pages-category":[],"site-pages-parent-category":{"60":"business","61":"free"},"required-plugins":[{"slug":"ultimate-addons-for-gutenberg","init":"ultimate-addons-for-gutenberg\/ultimate-addons-for-gutenberg.php","name":"Spectra"}]},"id-71101":{"title":"Contact","featured-image-url":"https:\/\/websitedemos.net\/wp-content\/uploads\/2022\/12\/car-repair-08-contact.jpg","thumbnail-image-url":"https:\/\/websitedemos.net\/wp-content\/uploads\/2022\/12\/car-repair-08-contact-600x1024.jpg","astra-page-api-url":"https:\/\/websitedemos.net\/car-repair-08\/wp-json\/wp\/v2\/pages\/1814","dynamic-page":"no","astra-page-url":"\/\/websitedemos.net\/car-repair-08\/contact\/","astra-sites-tag":{"415":"contact"},"site-pages-type":"free","site-pages-page-builder":"gutenberg","site-pages-category":[],"site-pages-parent-category":{"60":"business","61":"free"},"required-plugins":[{"slug":"ultimate-addons-for-gutenberg","init":"ultimate-addons-for-gutenberg\/ultimate-addons-for-gutenberg.php","name":"Spectra"}]},"id-71102":{"title":"Home","featured-image-url":"https:\/\/websitedemos.net\/wp-content\/uploads\/2022\/12\/car-repair-08.jpg","thumbnail-image-url":"https:\/\/websitedemos.net\/wp-content\/uploads\/2022\/12\/car-repair-08-600x2051.jpg","astra-page-api-url":"https:\/\/websitedemos.net\/car-repair-08\/wp-json\/wp\/v2\/pages\/1847","dynamic-page":"no","astra-page-url":"\/\/websitedemos.net\/car-repair-08\/","astra-sites-tag":{"423":"home"},"site-pages-type":"free","site-pages-page-builder":"gutenberg","site-pages-category":[],"site-pages-parent-category":{"60":"business","61":"free"},"required-plugins":[{"slug":"ultimate-addons-for-gutenberg","init":"ultimate-addons-for-gutenberg\/ultimate-addons-for-gutenberg.php","name":"Spectra"}]},"id-71103":{"title":"Our Staff","featured-image-url":"https:\/\/websitedemos.net\/wp-content\/uploads\/2022\/12\/car-repair-08-our-staff.jpg","thumbnail-image-url":"https:\/\/websitedemos.net\/wp-content\/uploads\/2022\/12\/car-repair-08-our-staff-600x1409.jpg","astra-page-api-url":"https:\/\/websitedemos.net\/car-repair-08\/wp-json\/wp\/v2\/pages\/1813","dynamic-page":"no","astra-page-url":"\/\/websitedemos.net\/car-repair-08\/our-staff\/","astra-sites-tag":{"3057":"our-staff"},"site-pages-type":"free","site-pages-page-builder":"gutenberg","site-pages-category":[],"site-pages-parent-category":{"60":"business","61":"free"},"required-plugins":[{"slug":"ultimate-addons-for-gutenberg","init":"ultimate-addons-for-gutenberg\/ultimate-addons-for-gutenberg.php","name":"Spectra"}]},"id-71104":{"title":"Services","featured-image-url":"https:\/\/websitedemos.net\/wp-content\/uploads\/2022\/12\/car-repair-08-services.jpg","thumbnail-image-url":"https:\/\/websitedemos.net\/wp-content\/uploads\/2022\/12\/car-repair-08-services-600x1878.jpg","astra-page-api-url":"https:\/\/websitedemos.net\/car-repair-08\/wp-json\/wp\/v2\/pages\/1812","dynamic-page":"no","astra-page-url":"\/\/websitedemos.net\/car-repair-08\/services\/","astra-sites-tag":{"425":"services"},"site-pages-type":"free","site-pages-page-builder":"gutenberg","site-pages-category":[],"site-pages-parent-category":{"60":"business","61":"free"},"required-plugins":[{"slug":"ultimate-addons-for-gutenberg","init":"ultimate-addons-for-gutenberg\/ultimate-addons-for-gutenberg.php","name":"Spectra"}]}},"related-bb-template":"","related-elementor-template":"","related-gutenberg-template":"","related_ecommerce_template":"","ecommerce_parent_template":""},"id-71085":{"title":"AC Technician","id":71085,"publish-date":1672389636,"featured-image-url":"https:\/\/websitedemos.net\/wp-content\/uploads\/2022\/12\/ac-technician-08.jpg","thumbnail-image-url":"https:\/\/websitedemos.net\/wp-content\/uploads\/2022\/12\/ac-technician-08-600x1531.jpg","fullpage-thumbnail-image-url":"https:\/\/websitedemos.net\/wp-content\/uploads\/2022\/12\/ac-technician-08-400x1020.jpg","astra-site-url":"\/\/websitedemos.net\/ac-technician-08","astra-site-parent-id":3055,"astra-sites-tag":{"599":"ac-repair","1021":"local-business","439":"local-services","600":"repair-services","441":"technician"},"astra-sites-type":"free","astra-site-category":{"27":"business","39":"free"},"astra-sites-template-category":{"2777":"business","2831":"service","2817":"technology"},"astra-site-page-builder":"gutenberg","categories":{"2471":"local-technician"},"required-plugins":[{"slug":"ultimate-addons-for-gutenberg","init":"ultimate-addons-for-gutenberg\/ultimate-addons-for-gutenberg.php","name":"Spectra"}],"post-status":"publish","post-content":"","post-excerpt":"","pages":{"id-71087":{"title":"Contact","featured-image-url":"https:\/\/websitedemos.net\/wp-content\/uploads\/2022\/12\/ac-technician-08-contact.jpg","thumbnail-image-url":"https:\/\/websitedemos.net\/wp-content\/uploads\/2022\/12\/ac-technician-08-contact-600x1015.jpg","astra-page-api-url":"https:\/\/websitedemos.net\/ac-technician-08\/wp-json\/wp\/v2\/pages\/17","dynamic-page":"no","astra-page-url":"\/\/websitedemos.net\/ac-technician-08\/contact\/","astra-sites-tag":{"415":"contact"},"site-pages-type":"free","site-pages-page-builder":"gutenberg","site-pages-category":[],"site-pages-parent-category":{"60":"business","61":"free"},"required-plugins":[{"slug":"ultimate-addons-for-gutenberg","init":"ultimate-addons-for-gutenberg\/ultimate-addons-for-gutenberg.php","name":"Spectra"}]},"id-71088":{"title":"Home","featured-image-url":"https:\/\/websitedemos.net\/wp-content\/uploads\/2022\/12\/ac-technician-08.jpg","thumbnail-image-url":"https:\/\/websitedemos.net\/wp-content\/uploads\/2022\/12\/ac-technician-08-600x1531.jpg","astra-page-api-url":"https:\/\/websitedemos.net\/ac-technician-08\/wp-json\/wp\/v2\/pages\/2","dynamic-page":"no","astra-page-url":"\/\/websitedemos.net\/ac-technician-08\/","astra-sites-tag":{"423":"home"},"site-pages-type":"free","site-pages-page-builder":"gutenberg","site-pages-category":[],"site-pages-parent-category":{"60":"business","61":"free"},"required-plugins":[{"slug":"ultimate-addons-for-gutenberg","init":"ultimate-addons-for-gutenberg\/ultimate-addons-for-gutenberg.php","name":"Spectra"}]},"id-71089":{"title":"Services","featured-image-url":"https:\/\/websitedemos.net\/wp-content\/uploads\/2022\/12\/ac-technician-08-services.jpg","thumbnail-image-url":"https:\/\/websitedemos.net\/wp-content\/uploads\/2022\/12\/ac-technician-08-services-600x1210.jpg","astra-page-api-url":"https:\/\/websitedemos.net\/ac-technician-08\/wp-json\/wp\/v2\/pages\/15","dynamic-page":"no","astra-page-url":"\/\/websitedemos.net\/ac-technician-08\/services\/","astra-sites-tag":{"425":"services"},"site-pages-type":"free","site-pages-page-builder":"gutenberg","site-pages-category":[],"site-pages-parent-category":{"60":"business","61":"free"},"required-plugins":[{"slug":"ultimate-addons-for-gutenberg","init":"ultimate-addons-for-gutenberg\/ultimate-addons-for-gutenberg.php","name":"Spectra"}]},"id-71086":{"title":"About","featured-image-url":"https:\/\/websitedemos.net\/wp-content\/uploads\/2022\/12\/ac-technician-08-about.jpg","thumbnail-image-url":"https:\/\/websitedemos.net\/wp-content\/uploads\/2022\/12\/ac-technician-08-about-600x1418.jpg","astra-page-api-url":"https:\/\/websitedemos.net\/ac-technician-08\/wp-json\/wp\/v2\/pages\/16","dynamic-page":"no","astra-page-url":"\/\/websitedemos.net\/ac-technician-08\/about\/","astra-sites-tag":{"352":"about"},"site-pages-type":"free","site-pages-page-builder":"gutenberg","site-pages-category":[],"site-pages-parent-category":{"60":"business","61":"free"},"required-plugins":[{"slug":"ultimate-addons-for-gutenberg","init":"ultimate-addons-for-gutenberg\/ultimate-addons-for-gutenberg.php","name":"Spectra"}]}},"related-bb-template":"","related-elementor-template":"","related-gutenberg-template":"","related_ecommerce_template":"","ecommerce_parent_template":""},"id-74914":{"title":"Web Developer","id":74914,"publish-date":1689331554,"featured-image-url":"https:\/\/websitedemos.net\/wp-content\/uploads\/2023\/07\/web-developers-07.jpg","thumbnail-image-url":"https:\/\/websitedemos.net\/wp-content\/uploads\/2023\/07\/web-developers-07-600x3251.jpg","fullpage-thumbnail-image-url":"https:\/\/websitedemos.net\/wp-content\/uploads\/2023\/07\/web-developers-07-400x2167.jpg","astra-site-url":"\/\/websitedemos.net\/web-developer-07","astra-site-parent-id":3325,"astra-sites-tag":{"3112":"developer","1020":"personal","3124":"personal-portfolio","1903":"personal-website","444":"portfolio","3123":"web","3122":"web-developer","3111":"webdesigner","3106":"webdeveloper"},"astra-sites-type":"premium","astra-site-category":{"27":"business"},"astra-sites-template-category":{"2770":"personal","2768":"portfolio"},"astra-site-page-builder":"gutenberg","categories":{"2488":"portfolio"},"required-plugins":[{"slug":"ultimate-addons-for-gutenberg","init":"ultimate-addons-for-gutenberg\/ultimate-addons-for-gutenberg.php","name":"Spectra"}],"post-status":"publish","post-content":"","post-excerpt":"","pages":{"id-74915":{"title":"Home","featured-image-url":"https:\/\/websitedemos.net\/wp-content\/uploads\/2023\/07\/web-developers-07.jpg","thumbnail-image-url":"https:\/\/websitedemos.net\/wp-content\/uploads\/2023\/07\/web-developers-07-600x3251.jpg","astra-page-api-url":"https:\/\/websitedemos.net\/web-developer-07\/wp-json\/wp\/v2\/pages\/484","dynamic-page":"no","astra-page-url":"\/\/websitedemos.net\/web-developer-07\/","astra-sites-tag":{"423":"home"},"site-pages-type":"premium","site-pages-page-builder":"gutenberg","site-pages-category":[],"site-pages-parent-category":{"60":"business"},"required-plugins":[{"slug":"ultimate-addons-for-gutenberg","init":"ultimate-addons-for-gutenberg\/ultimate-addons-for-gutenberg.php","name":"Spectra"}]}},"related-bb-template":"","related-elementor-template":"","related-gutenberg-template":"","related_ecommerce_template":"","ecommerce_parent_template":""},"id-71002":{"title":"Theatre Artist","id":71002,"publish-date":1671647801,"featured-image-url":"https:\/\/websitedemos.net\/wp-content\/uploads\/2022\/12\/theatre-artist-08.jpg","thumbnail-image-url":"https:\/\/websitedemos.net\/wp-content\/uploads\/2022\/12\/theatre-artist-08-600x2960.jpg","fullpage-thumbnail-image-url":"https:\/\/websitedemos.net\/wp-content\/uploads\/2022\/12\/theatre-artist-08-400x1973.jpg","astra-site-url":"\/\/websitedemos.net\/theatre-artist-08","astra-site-parent-id":3050,"astra-sites-tag":{"1906":"actor","339":"artist","1572":"performer","444":"portfolio","1905":"theatre-artist"},"astra-sites-type":"free","astra-site-category":{"27":"business","39":"free"},"astra-sites-template-category":{"2802":"artist","2784":"event","2770":"personal","2768":"portfolio"},"astra-site-page-builder":"gutenberg","categories":{"2488":"portfolio"},"required-plugins":[{"slug":"ultimate-addons-for-gutenberg","init":"ultimate-addons-for-gutenberg\/ultimate-addons-for-gutenberg.php","name":"Spectra"}],"post-status":"publish","post-content":"","post-excerpt":"","pages":{"id-71003":{"title":"Biography","featured-image-url":"https:\/\/websitedemos.net\/wp-content\/uploads\/2022\/12\/theatre-artist-08-biography.jpg","thumbnail-image-url":"https:\/\/websitedemos.net\/wp-content\/uploads\/2022\/12\/theatre-artist-08-biography-600x1977.jpg","astra-page-api-url":"https:\/\/websitedemos.net\/theatre-artist-08\/wp-json\/wp\/v2\/pages\/694","dynamic-page":"no","astra-page-url":"\/\/websitedemos.net\/theatre-artist-08\/biography\/","astra-sites-tag":{"1566":"biography"},"site-pages-type":"free","site-pages-page-builder":"gutenberg","site-pages-category":[],"site-pages-parent-category":{"60":"business","61":"free"},"required-plugins":[{"slug":"ultimate-addons-for-gutenberg","init":"ultimate-addons-for-gutenberg\/ultimate-addons-for-gutenberg.php","name":"Spectra"}]},"id-71004":{"title":"Contact","featured-image-url":"https:\/\/websitedemos.net\/wp-content\/uploads\/2022\/12\/theatre-artist-08-contact.jpg","thumbnail-image-url":"https:\/\/websitedemos.net\/wp-content\/uploads\/2022\/12\/theatre-artist-08-contact-600x882.jpg","astra-page-api-url":"https:\/\/websitedemos.net\/theatre-artist-08\/wp-json\/wp\/v2\/pages\/698","dynamic-page":"no","astra-page-url":"\/\/websitedemos.net\/theatre-artist-08\/contact\/","astra-sites-tag":{"415":"contact"},"site-pages-type":"free","site-pages-page-builder":"gutenberg","site-pages-category":[],"site-pages-parent-category":{"60":"business","61":"free"},"required-plugins":[{"slug":"ultimate-addons-for-gutenberg","init":"ultimate-addons-for-gutenberg\/ultimate-addons-for-gutenberg.php","name":"Spectra"}]},"id-71005":{"title":"Home","featured-image-url":"https:\/\/websitedemos.net\/wp-content\/uploads\/2022\/12\/theatre-artist-08.jpg","thumbnail-image-url":"https:\/\/websitedemos.net\/wp-content\/uploads\/2022\/12\/theatre-artist-08-600x2960.jpg","astra-page-api-url":"https:\/\/websitedemos.net\/theatre-artist-08\/wp-json\/wp\/v2\/pages\/691","dynamic-page":"no","astra-page-url":"\/\/websitedemos.net\/theatre-artist-08\/","astra-sites-tag":{"423":"home"},"site-pages-type":"free","site-pages-page-builder":"gutenberg","site-pages-category":[],"site-pages-parent-category":{"60":"business","61":"free"},"required-plugins":[{"slug":"ultimate-addons-for-gutenberg","init":"ultimate-addons-for-gutenberg\/ultimate-addons-for-gutenberg.php","name":"Spectra"}]},"id-71006":{"title":"Repertoire","featured-image-url":"https:\/\/websitedemos.net\/wp-content\/uploads\/2022\/12\/theatre-artist-08-repertoire.jpg","thumbnail-image-url":"https:\/\/websitedemos.net\/wp-content\/uploads\/2022\/12\/theatre-artist-08-repertoire-600x2207.jpg","astra-page-api-url":"https:\/\/websitedemos.net\/theatre-artist-08\/wp-json\/wp\/v2\/pages\/696","dynamic-page":"no","astra-page-url":"\/\/websitedemos.net\/theatre-artist-08\/repertoire\/","astra-sites-tag":{"1907":"repertoire"},"site-pages-type":"free","site-pages-page-builder":"gutenberg","site-pages-category":[],"site-pages-parent-category":{"60":"business","61":"free"},"required-plugins":[{"slug":"ultimate-addons-for-gutenberg","init":"ultimate-addons-for-gutenberg\/ultimate-addons-for-gutenberg.php","name":"Spectra"}]}},"related-bb-template":"","related-elementor-template":"","related-gutenberg-template":"","related_ecommerce_template":"","ecommerce_parent_template":""}}