{"id-21592":{"title":"Custom Printing Pro","id":21592,"publish-date":1555478369,"featured-image-url":"https:\/\/websitedemos.net\/wp-content\/uploads\/2019\/04\/custom-printing-04.jpg","thumbnail-image-url":"https:\/\/websitedemos.net\/wp-content\/uploads\/2019\/04\/custom-printing-04.jpg","fullpage-thumbnail-image-url":"https:\/\/websitedemos.net\/wp-content\/uploads\/2019\/04\/custom-printing-04.jpg","astra-site-url":"\/\/websitedemos.net\/custom-printing-04","astra-site-parent-id":67,"astra-sites-tag":{"2418":"commerce","400":"custom-printing","1017":"e-commerce","496":"ecommerce","1817":"ecommerce-store","3416":"elementor","2419":"eshopping","881":"mug-printing","2422":"online-market","2420":"online-shopping","383":"online-store","1844":"premium","967":"product-store","2421":"purchases","2417":"reseller","733":"shop","2416":"shopping","749":"store","405":"t-shirt-printing","1024":"woocommerce"},"astra-sites-type":"agency-mini","astra-site-category":{"27":"business","38":"ecommerce"},"astra-sites-template-category":{"2777":"business","2769":"ecommerce","2857":"online-shopping"},"astra-site-page-builder":"elementor","categories":{"3435":"business","3427":"default","2495":"ecommerce","3429":"premium"},"required-plugins":[{"slug":"astra-addon","init":"astra-addon\/astra-addon.php","name":"Astra Pro"},{"slug":"elementor","init":"elementor\/elementor.php","name":"Elementor"},{"slug":"ultimate-elementor","init":"ultimate-elementor\/ultimate-elementor.php","name":"Ultimate Addons for Elementor"},{"slug":"woocommerce","init":"woocommerce\/woocommerce.php","name":"WooCommerce"},{"slug":"woo-cart-abandonment-recovery","init":"woo-cart-abandonment-recovery\/woo-cart-abandonment-recovery.php","name":"WooCommerce Cart Abandonment Recovery"},{"slug":"wpforms-lite","init":"wpforms-lite\/wpforms.php","name":"WPForms Lite"},{"slug":"variation-swatches-woo","init":"variation-swatches-woo\/variation-swatches-woo.php","name":"Variation Swatches for WooCommerce"}],"post-status":"publish","post-content":"<!-- wp:paragraph -->\n<p>The Custom Printing Pro template is designed for eCommerce and is fully compatible with WooCommerce. It\u2019s a modern flat design with strong imagery and fonts that help create instant engagement. It\u2019s a powerful theme designed to sell.<\/p>\n<!-- \/wp:paragraph -->\n\n<!-- wp:paragraph -->\n<p>The template includes a gray background with bold colors, attractive images and lots of opportunities to sell your products. It\u2019s a well-designed template with minimal navigation with cart, bold calls to action and lots of opportunities to showcase products, special offers and anything else you might need to feature.<\/p>\n<!-- \/wp:paragraph -->\n\n<!-- wp:heading -->\n<h2>Key features of the Custom Printing Pro template<\/h2>\n<!-- \/wp:heading -->\n\n<!-- wp:list -->\n<ul><li>Elevated eCommerce design with a modern appeal<\/li><li>Fully compatible with WooCommerce<\/li><li>Lots of product and category areas<\/li><li>Special offer and calls to action sections<\/li><li>Full compatibility with leading page builders<\/li><\/ul>\n<!-- \/wp:list -->","post-excerpt":"Elevated eCommerce template with modern touches ideal for online stores","pages":{"id-36096":{"title":"Home","featured-image-url":"https:\/\/websitedemos.net\/wp-content\/uploads\/2019\/04\/custom-printing-04.jpg","thumbnail-image-url":"https:\/\/websitedemos.net\/wp-content\/uploads\/2019\/04\/custom-printing-04.jpg","astra-page-api-url":"https:\/\/websitedemos.net\/custom-printing-04\/wp-json\/wp\/v2\/pages\/95","dynamic-page":"yes","astra-page-url":"\/\/websitedemos.net\/custom-printing-04\/","astra-sites-tag":{"423":"home"},"site-pages-type":"agency-mini","site-pages-page-builder":"elementor","site-pages-category":[],"site-pages-parent-category":{"60":"business","64":"ecommerce"},"required-plugins":[{"slug":"astra-addon","init":"astra-addon\/astra-addon.php","name":"Astra Pro"},{"slug":"elementor","init":"elementor\/elementor.php","name":"Elementor"},{"slug":"ultimate-elementor","init":"ultimate-elementor\/ultimate-elementor.php","name":"Ultimate Addons for Elementor"},{"slug":"variation-swatches-woo","init":"variation-swatches-woo\/variation-swatches-woo.php","name":"Variation Swatches for WooCommerce"},{"slug":"woocommerce","init":"woocommerce\/woocommerce.php","name":"WooCommerce"},{"slug":"woo-cart-abandonment-recovery","init":"woo-cart-abandonment-recovery\/woo-cart-abandonment-recovery.php","name":"WooCommerce Cart Abandonment Recovery"}]},"id-22180":{"title":"About HDX","featured-image-url":"https:\/\/websitedemos.net\/wp-content\/uploads\/2019\/04\/custom-printing-04-about-hdx.jpg","thumbnail-image-url":"https:\/\/websitedemos.net\/wp-content\/uploads\/2019\/04\/custom-printing-04-about-hdx.jpg","astra-page-api-url":"https:\/\/websitedemos.net\/custom-printing-04\/wp-json\/wp\/v2\/pages\/96","dynamic-page":"no","astra-page-url":"\/\/websitedemos.net\/custom-printing-04\/about-hdx\/","astra-sites-tag":{"352":"about"},"site-pages-type":"agency-mini","site-pages-page-builder":"elementor","site-pages-category":[],"site-pages-parent-category":{"60":"business","64":"ecommerce"},"required-plugins":[{"slug":"astra-addon","init":"astra-addon\/astra-addon.php","name":"Astra Pro"},{"slug":"elementor","init":"elementor\/elementor.php","name":"Elementor"},{"slug":"ultimate-elementor","init":"ultimate-elementor\/ultimate-elementor.php","name":"Ultimate Addons for Elementor"}]},"id-22183":{"title":"Contact","featured-image-url":"https:\/\/websitedemos.net\/wp-content\/uploads\/2019\/04\/custom-printing-04-contact.jpg","thumbnail-image-url":"https:\/\/websitedemos.net\/wp-content\/uploads\/2019\/04\/custom-printing-04-contact.jpg","astra-page-api-url":"https:\/\/websitedemos.net\/custom-printing-04\/wp-json\/wp\/v2\/pages\/15","dynamic-page":"no","astra-page-url":"\/\/websitedemos.net\/custom-printing-04\/contact\/","astra-sites-tag":{"415":"contact"},"site-pages-type":"agency-mini","site-pages-page-builder":"elementor","site-pages-category":[],"site-pages-parent-category":{"60":"business","64":"ecommerce"},"required-plugins":[{"slug":"astra-addon","init":"astra-addon\/astra-addon.php","name":"Astra Pro"},{"slug":"elementor","init":"elementor\/elementor.php","name":"Elementor"},{"slug":"ultimate-elementor","init":"ultimate-elementor\/ultimate-elementor.php","name":"Ultimate Addons for Elementor"},{"slug":"wpforms-lite","init":"wpforms-lite\/wpforms.php","name":"WPForms Lite"}]}},"related-bb-template":"","related-elementor-template":"","related-gutenberg-template":"","related_ecommerce_template":"","ecommerce_parent_template":""},"id-47547":{"title":"Diagnostics Lab","id":47547,"publish-date":1600971205,"featured-image-url":"https:\/\/websitedemos.net\/wp-content\/uploads\/2020\/09\/diagnostics-lab-04.jpg","thumbnail-image-url":"https:\/\/websitedemos.net\/wp-content\/uploads\/2020\/09\/diagnostics-lab-04.jpg","fullpage-thumbnail-image-url":"https:\/\/websitedemos.net\/wp-content\/uploads\/2020\/09\/diagnostics-lab-04.jpg","astra-site-url":"\/\/websitedemos.net\/diagnostics-lab-02","astra-site-parent-id":1635,"astra-sites-tag":{"1637":"clinical-diagnosis","1636":"diagnosis","3416":"elementor","1640":"laboratory","1638":"test","1639":"workshop"},"astra-sites-type":"free","astra-site-category":{"27":"business","39":"free"},"astra-sites-template-category":{"2777":"business","2834":"healthcare","2841":"medical-clinic"},"astra-site-page-builder":"elementor","categories":{"3427":"default","3428":"free","2490":"healthcare"},"required-plugins":[{"slug":"elementor","init":"elementor\/elementor.php","name":"Elementor"},{"slug":"header-footer-elementor","init":"header-footer-elementor\/header-footer-elementor.php","name":"Elementor Header & Footer Builder"},{"slug":"wpforms-lite","init":"wpforms-lite\/wpforms.php","name":"WPForms Lite"}],"post-status":"publish","post-content":"<!-- wp:paragraph -->\n<p>The Diagnostics Lab template proves you don\u2019t have to be cold to be clinical. It\u2019s a professional design with reassuring blue and green colors on a light background. It\u2019s a boxed layout with flexible content areas and engaging elements.<\/p>\n<!-- \/wp:paragraph -->\n\n<!-- wp:paragraph -->\n<p>The theme as a whole communicates well, with those colors, modern fonts, lots of whitespace, areas for images, graphics, icons and calls to action. There are also a range of complementing pages that reflect the core design while answering the core brief of this kind of niche.<\/p>\n<!-- \/wp:paragraph -->\n\n<!-- wp:heading {\"UAGDay\":[]} -->\n<h2 class=\"wp-block-heading\">Key features of the Diagnostics Lab template<\/h2>\n<!-- \/wp:heading -->\n\n<!-- wp:list -->\n<ul><!-- wp:list-item -->\n<li>Modern web template ideal for medicine, clinics or hospitals<\/li>\n<!-- \/wp:list-item -->\n\n<!-- wp:list-item -->\n<li>Reassuring colors and fonts<\/li>\n<!-- \/wp:list-item -->\n\n<!-- wp:list-item -->\n<li>Great use of light backgrounds, bold colors and images<\/li>\n<!-- \/wp:list-item -->\n\n<!-- wp:list-item -->\n<li>Relevant supplementary pages for the niche<\/li>\n<!-- \/wp:list-item -->\n\n<!-- wp:list-item -->\n<li>Full compatibility with leading page builders<\/li>\n<!-- \/wp:list-item --><\/ul>\n<!-- \/wp:list -->","post-excerpt":"Well-designed website template ideal for clinics, hospitals, doctors and medicine","pages":{"id-47550":{"title":"Home","featured-image-url":"https:\/\/websitedemos.net\/wp-content\/uploads\/2020\/09\/diagnostics-lab-04.jpg","thumbnail-image-url":"https:\/\/websitedemos.net\/wp-content\/uploads\/2020\/09\/diagnostics-lab-04.jpg","astra-page-api-url":"https:\/\/websitedemos.net\/diagnostics-lab-02\/wp-json\/wp\/v2\/pages\/14","dynamic-page":"no","astra-page-url":"\/\/websitedemos.net\/diagnostics-lab-02\/","astra-sites-tag":{"423":"home"},"site-pages-type":"free","site-pages-page-builder":"elementor","site-pages-category":[],"site-pages-parent-category":{"60":"business","61":"free"},"required-plugins":[{"slug":"elementor","init":"elementor\/elementor.php","name":"Elementor"},{"slug":"header-footer-elementor","init":"header-footer-elementor\/header-footer-elementor.php","name":"Elementor Header & Footer Builder"}]},"id-47548":{"title":"About Us","featured-image-url":"https:\/\/websitedemos.net\/wp-content\/uploads\/2020\/09\/diagnostics-lab-02-about-us.jpg","thumbnail-image-url":"https:\/\/websitedemos.net\/wp-content\/uploads\/2020\/09\/diagnostics-lab-02-about-us.jpg","astra-page-api-url":"https:\/\/websitedemos.net\/diagnostics-lab-02\/wp-json\/wp\/v2\/pages\/134","dynamic-page":"no","astra-page-url":"\/\/websitedemos.net\/diagnostics-lab-02\/about-us\/","astra-sites-tag":{"352":"about"},"site-pages-type":"free","site-pages-page-builder":"elementor","site-pages-category":[],"site-pages-parent-category":{"60":"business","61":"free"},"required-plugins":[{"slug":"elementor","init":"elementor\/elementor.php","name":"Elementor"},{"slug":"header-footer-elementor","init":"header-footer-elementor\/header-footer-elementor.php","name":"Elementor Header & Footer Builder"}]},"id-47551":{"title":"Services","featured-image-url":"https:\/\/websitedemos.net\/wp-content\/uploads\/2020\/09\/diagnostics-lab-02-services.jpg","thumbnail-image-url":"https:\/\/websitedemos.net\/wp-content\/uploads\/2020\/09\/diagnostics-lab-02-services.jpg","astra-page-api-url":"https:\/\/websitedemos.net\/diagnostics-lab-02\/wp-json\/wp\/v2\/pages\/157","dynamic-page":"no","astra-page-url":"\/\/websitedemos.net\/diagnostics-lab-02\/services\/","astra-sites-tag":{"425":"services"},"site-pages-type":"free","site-pages-page-builder":"elementor","site-pages-category":[],"site-pages-parent-category":{"60":"business","61":"free"},"required-plugins":[{"slug":"elementor","init":"elementor\/elementor.php","name":"Elementor"},{"slug":"header-footer-elementor","init":"header-footer-elementor\/header-footer-elementor.php","name":"Elementor Header & Footer Builder"}]},"id-47552":{"title":"Testimonial","featured-image-url":"https:\/\/websitedemos.net\/wp-content\/uploads\/2020\/09\/diagnostics-lab-02-testimonial.jpg","thumbnail-image-url":"https:\/\/websitedemos.net\/wp-content\/uploads\/2020\/09\/diagnostics-lab-02-testimonial.jpg","astra-page-api-url":"https:\/\/websitedemos.net\/diagnostics-lab-02\/wp-json\/wp\/v2\/pages\/170","dynamic-page":"no","astra-page-url":"\/\/websitedemos.net\/diagnostics-lab-02\/testimonial\/","astra-sites-tag":{"433":"testimonials"},"site-pages-type":"free","site-pages-page-builder":"elementor","site-pages-category":[],"site-pages-parent-category":{"60":"business","61":"free"},"required-plugins":[{"slug":"elementor","init":"elementor\/elementor.php","name":"Elementor"},{"slug":"header-footer-elementor","init":"header-footer-elementor\/header-footer-elementor.php","name":"Elementor Header & Footer Builder"}]},"id-47549":{"title":"Contact Us","featured-image-url":"https:\/\/websitedemos.net\/wp-content\/uploads\/2020\/09\/diagnostics-lab-04-contact-us.jpg","thumbnail-image-url":"https:\/\/websitedemos.net\/wp-content\/uploads\/2020\/09\/diagnostics-lab-04-contact-us.jpg","astra-page-api-url":"https:\/\/websitedemos.net\/diagnostics-lab-02\/wp-json\/wp\/v2\/pages\/183","dynamic-page":"no","astra-page-url":"\/\/websitedemos.net\/diagnostics-lab-02\/contact-us\/","astra-sites-tag":{"415":"contact"},"site-pages-type":"free","site-pages-page-builder":"elementor","site-pages-category":[],"site-pages-parent-category":{"60":"business","61":"free"},"required-plugins":[{"slug":"elementor","init":"elementor\/elementor.php","name":"Elementor"},{"slug":"header-footer-elementor","init":"header-footer-elementor\/header-footer-elementor.php","name":"Elementor Header & Footer Builder"},{"slug":"wpforms-lite","init":"wpforms-lite\/wpforms.php","name":"WPForms Lite"}]}},"related-bb-template":"","related-elementor-template":47547,"related-gutenberg-template":47672,"related_ecommerce_template":"","ecommerce_parent_template":""},"id-48061":{"title":"Online Cooking Course","id":48061,"publish-date":1603831834,"featured-image-url":"https:\/\/websitedemos.net\/wp-content\/uploads\/2020\/10\/online-cooking-course-08-2.jpg","thumbnail-image-url":"https:\/\/websitedemos.net\/wp-content\/uploads\/2020\/10\/online-cooking-course-08-2-600x1445.jpg","fullpage-thumbnail-image-url":"https:\/\/websitedemos.net\/wp-content\/uploads\/2020\/10\/online-cooking-course-08-2-400x963.jpg","astra-site-url":"\/\/websitedemos.net\/online-cooking-course-08","astra-site-parent-id":1696,"astra-sites-tag":{"1679":"cooking-course","468":"elearning","467":"learndash","719":"online-coaching","466":"online-courses","975":"online-learning"},"astra-sites-type":"free","astra-site-category":{"27":"business","39":"free"},"astra-sites-template-category":{"2835":"elearning","2785":"food","2880":"membership","2827":"online-course","2770":"personal"},"astra-site-page-builder":"gutenberg","categories":{"2494":"elearning"},"required-plugins":[{"slug":"ultimate-addons-for-gutenberg","init":"ultimate-addons-for-gutenberg\/ultimate-addons-for-gutenberg.php","name":"Spectra"},{"slug":"sfwd-lms","init":"sfwd-lms\/sfwd_lms.php","name":"LearnDash LMS"},{"slug":"learndash-course-grid","init":"learndash-course-grid\/learndash_course_grid.php","name":"LearnDash LMS - Course Grid"},{"slug":"presto-player","init":"presto-player\/presto-player.php","name":"Presto Player"}],"post-status":"publish","post-content":"","post-excerpt":"","pages":{"id-48065":{"title":"Home","featured-image-url":"https:\/\/websitedemos.net\/wp-content\/uploads\/2020\/10\/online-cooking-course-08-2.jpg","thumbnail-image-url":"https:\/\/websitedemos.net\/wp-content\/uploads\/2020\/10\/online-cooking-course-08-2-600x1445.jpg","astra-page-api-url":"https:\/\/websitedemos.net\/online-cooking-course-08\/wp-json\/wp\/v2\/pages\/9","dynamic-page":"no","astra-page-url":"\/\/websitedemos.net\/online-cooking-course-08\/","astra-sites-tag":{"423":"home"},"site-pages-type":"free","site-pages-page-builder":"gutenberg","site-pages-category":[],"site-pages-parent-category":{"60":"business","61":"free"},"required-plugins":[{"slug":"ultimate-addons-for-gutenberg","init":"ultimate-addons-for-gutenberg\/ultimate-addons-for-gutenberg.php","name":"Spectra"}]},"id-48063":{"title":"All Courses","featured-image-url":"https:\/\/websitedemos.net\/wp-content\/uploads\/2020\/10\/online-cooking-course-08-all-courses-2.jpg","thumbnail-image-url":"https:\/\/websitedemos.net\/wp-content\/uploads\/2020\/10\/online-cooking-course-08-all-courses-2-600x1153.jpg","astra-page-api-url":"https:\/\/websitedemos.net\/online-cooking-course-08\/wp-json\/wp\/v2\/pages\/10","dynamic-page":"yes","astra-page-url":"\/\/websitedemos.net\/online-cooking-course-08\/all-courses\/","astra-sites-tag":{"462":"courses"},"site-pages-type":"free","site-pages-page-builder":"gutenberg","site-pages-category":[],"site-pages-parent-category":{"60":"business","61":"free"},"required-plugins":[{"slug":"sfwd-lms","init":"sfwd-lms\/sfwd_lms.php","name":"LearnDash LMS"},{"slug":"learndash-course-grid","init":"learndash-course-grid\/learndash_course_grid.php","name":"LearnDash LMS - Course Grid"},{"slug":"presto-player","init":"presto-player\/presto-player.php","name":"Presto Player"},{"slug":"ultimate-addons-for-gutenberg","init":"ultimate-addons-for-gutenberg\/ultimate-addons-for-gutenberg.php","name":"Spectra"}]},"id-48062":{"title":"About","featured-image-url":"https:\/\/websitedemos.net\/wp-content\/uploads\/2020\/10\/online-cooking-course-08-about-2.jpg","thumbnail-image-url":"https:\/\/websitedemos.net\/wp-content\/uploads\/2020\/10\/online-cooking-course-08-about-2-600x1190.jpg","astra-page-api-url":"https:\/\/websitedemos.net\/online-cooking-course-08\/wp-json\/wp\/v2\/pages\/11","dynamic-page":"no","astra-page-url":"\/\/websitedemos.net\/online-cooking-course-08\/about\/","astra-sites-tag":{"352":"about"},"site-pages-type":"free","site-pages-page-builder":"gutenberg","site-pages-category":[],"site-pages-parent-category":{"60":"business","61":"free"},"required-plugins":[{"slug":"ultimate-addons-for-gutenberg","init":"ultimate-addons-for-gutenberg\/ultimate-addons-for-gutenberg.php","name":"Spectra"}]},"id-48064":{"title":"Contact","featured-image-url":"https:\/\/websitedemos.net\/wp-content\/uploads\/2020\/10\/online-cooking-course-08-contact-2.jpg","thumbnail-image-url":"https:\/\/websitedemos.net\/wp-content\/uploads\/2020\/10\/online-cooking-course-08-contact-2-600x859.jpg","astra-page-api-url":"https:\/\/websitedemos.net\/online-cooking-course-08\/wp-json\/wp\/v2\/pages\/12","dynamic-page":"no","astra-page-url":"\/\/websitedemos.net\/online-cooking-course-08\/contact\/","astra-sites-tag":{"415":"contact"},"site-pages-type":"free","site-pages-page-builder":"gutenberg","site-pages-category":[],"site-pages-parent-category":{"60":"business","61":"free"},"required-plugins":[{"slug":"ultimate-addons-for-gutenberg","init":"ultimate-addons-for-gutenberg\/ultimate-addons-for-gutenberg.php","name":"Spectra"}]}},"related-bb-template":"","related-elementor-template":"","related-gutenberg-template":"","related_ecommerce_template":"","ecommerce_parent_template":""},"id-21821":{"title":"Custom Printing","id":21821,"publish-date":1556523458,"featured-image-url":"https:\/\/websitedemos.net\/wp-content\/uploads\/2019\/10\/custom-printing-03-home-1.jpg","thumbnail-image-url":"https:\/\/websitedemos.net\/wp-content\/uploads\/2019\/10\/custom-printing-03-home-1.jpg","fullpage-thumbnail-image-url":"https:\/\/websitedemos.net\/wp-content\/uploads\/2019\/10\/custom-printing-03-home-1.jpg","astra-site-url":"\/\/websitedemos.net\/custom-printing-03","astra-site-parent-id":318,"astra-sites-tag":{"2418":"commerce","400":"custom-printing","1017":"e-commerce","496":"ecommerce","1817":"ecommerce-store","2419":"eshopping","881":"mug-printing","2422":"online-market","732":"online-shop","2420":"online-shopping","383":"online-store","967":"product-store","2421":"purchases","2417":"reseller","733":"shop","2416":"shopping","749":"store","405":"t-shirt-printing","966":"woo-commerce","1024":"woocommerce"},"astra-sites-type":"agency-mini","astra-site-category":{"27":"business","38":"ecommerce"},"astra-sites-template-category":[],"astra-site-page-builder":"beaver-builder","categories":{"2495":"ecommerce"},"required-plugins":[{"slug":"astra-addon","init":"astra-addon\/astra-addon.php","name":"Astra Pro"},{"slug":"beaver-builder-lite-version","init":"beaver-builder-lite-version\/fl-builder.php","name":"Beaver Builder Plugin (Lite Version)"},{"slug":"cartflows","init":"cartflows\/cartflows.php","name":"CartFlows"},{"slug":"bb-ultimate-addon","init":"bb-ultimate-addon\/bb-ultimate-addon.php","name":"Ultimate Addons for Beaver Builder"},{"slug":"woocommerce","init":"woocommerce\/woocommerce.php","name":"WooCommerce"},{"slug":"woo-cart-abandonment-recovery","init":"woo-cart-abandonment-recovery\/woo-cart-abandonment-recovery.php","name":"WooCommerce Cart Abandonment Recovery"},{"slug":"wpforms-lite","init":"wpforms-lite\/wpforms.php","name":"WPForms Lite"},{"slug":"variation-swatches-woo","init":"variation-swatches-woo\/variation-swatches-woo.php","name":"Variation Swatches for WooCommerce"}],"post-status":"publish","post-content":"","post-excerpt":"","pages":{"id-34081":{"title":"Home","featured-image-url":"https:\/\/websitedemos.net\/wp-content\/uploads\/2019\/10\/custom-printing-03-home-1.jpg","thumbnail-image-url":"https:\/\/websitedemos.net\/wp-content\/uploads\/2019\/10\/custom-printing-03-home-1.jpg","astra-page-api-url":"https:\/\/websitedemos.net\/custom-printing-03\/wp-json\/wp\/v2\/pages\/95","dynamic-page":"yes","astra-page-url":"\/\/websitedemos.net\/custom-printing-03\/","astra-sites-tag":{"423":"home"},"site-pages-type":"agency-mini","site-pages-page-builder":"beaver-builder","site-pages-category":[],"site-pages-parent-category":{"60":"business","64":"ecommerce"},"required-plugins":[{"slug":"beaver-builder-lite-version","init":"beaver-builder-lite-version\/fl-builder.php","name":"Beaver Builder Plugin (Lite Version)"},{"slug":"bb-ultimate-addon","init":"bb-ultimate-addon\/bb-ultimate-addon.php","name":"Ultimate Addons for Beaver Builder"}]},"id-26341":{"title":"About HDX","featured-image-url":"https:\/\/websitedemos.net\/wp-content\/uploads\/2019\/10\/custom-printing-03-about.jpg","thumbnail-image-url":"https:\/\/websitedemos.net\/wp-content\/uploads\/2019\/10\/custom-printing-03-about.jpg","astra-page-api-url":"https:\/\/websitedemos.net\/custom-printing-03\/wp-json\/wp\/v2\/pages\/96","dynamic-page":"no","astra-page-url":"\/\/websitedemos.net\/custom-printing-03\/about-hdx\/","astra-sites-tag":{"352":"about"},"site-pages-type":"agency-mini","site-pages-page-builder":"beaver-builder","site-pages-category":[],"site-pages-parent-category":{"60":"business","64":"ecommerce"},"required-plugins":[{"slug":"beaver-builder-lite-version","init":"beaver-builder-lite-version\/fl-builder.php","name":"Beaver Builder Plugin (Lite Version)"},{"slug":"bb-ultimate-addon","init":"bb-ultimate-addon\/bb-ultimate-addon.php","name":"Ultimate Addons for Beaver Builder"}]},"id-26344":{"title":"Contact","featured-image-url":"https:\/\/websitedemos.net\/wp-content\/uploads\/2019\/10\/custom-printing-03-contact.jpg","thumbnail-image-url":"https:\/\/websitedemos.net\/wp-content\/uploads\/2019\/10\/custom-printing-03-contact.jpg","astra-page-api-url":"https:\/\/websitedemos.net\/custom-printing-03\/wp-json\/wp\/v2\/pages\/15","dynamic-page":"no","astra-page-url":"\/\/websitedemos.net\/custom-printing-03\/contact\/","astra-sites-tag":{"415":"contact"},"site-pages-type":"agency-mini","site-pages-page-builder":"beaver-builder","site-pages-category":[],"site-pages-parent-category":{"60":"business","64":"ecommerce"},"required-plugins":[{"slug":"beaver-builder-lite-version","init":"beaver-builder-lite-version\/fl-builder.php","name":"Beaver Builder Plugin (Lite Version)"},{"slug":"bb-ultimate-addon","init":"bb-ultimate-addon\/bb-ultimate-addon.php","name":"Ultimate Addons for Beaver Builder"},{"slug":"wpforms-lite","init":"wpforms-lite\/wpforms.php","name":"WPForms Lite"}]}},"related-bb-template":"","related-elementor-template":"","related-gutenberg-template":"","related_ecommerce_template":"","ecommerce_parent_template":""},"id-47023":{"title":"Women Empowerment NGO","id":47023,"publish-date":1596836442,"featured-image-url":"https:\/\/websitedemos.net\/wp-content\/uploads\/2020\/08\/women-empowerment-02.jpg","thumbnail-image-url":"https:\/\/websitedemos.net\/wp-content\/uploads\/2020\/08\/women-empowerment-02.jpg","fullpage-thumbnail-image-url":"https:\/\/websitedemos.net\/wp-content\/uploads\/2020\/08\/women-empowerment-02.jpg","astra-site-url":"\/\/websitedemos.net\/women-empowerment-02","astra-site-parent-id":1590,"astra-sites-tag":{"3416":"elementor","1592":"ngo","1591":"women-empowerment"},"astra-sites-type":"free","astra-site-category":{"27":"business"},"astra-sites-template-category":{"2786":"charity-nonprofit","2872":"donation-fundraiser","2784":"event","2821":"feminine-girly","2871":"ngo"},"astra-site-page-builder":"elementor","categories":{"3427":"default","3428":"free","2492":"non-profit"},"required-plugins":[{"slug":"elementor","init":"elementor\/elementor.php","name":"Elementor"},{"slug":"wpforms-lite","init":"wpforms-lite\/wpforms.php","name":"WPForms Lite"}],"post-status":"publish","post-content":"<!-- wp:paragraph -->\n<p>The Women Empowerment NGO template delivers a pleasant feel as soon as it loads. It opens with a fullscreen image header with soft colors and modest headline before flowing into an alternating light and dark homepage.<\/p>\n<!-- \/wp:paragraph -->\n\n<!-- wp:paragraph -->\n<p>The design uses soft colors and fonts throughout to create somewhere you want to spend time. With a range of flexible content areas, lots of space to tell your story and relevant calls to action, including a donation element, this is the ideal theme for nonprofits.<\/p>\n<!-- \/wp:paragraph -->\n\n<!-- wp:heading -->\n<h2>Key features of the Women Empowerment NGO template<\/h2>\n<!-- \/wp:heading -->\n\n<!-- wp:list -->\n<ul><li>Pleasant, welcoming website template for nonprofits<\/li><li>Soft colors and fonts make you feel wanted<\/li><li>Alternating light and dark areas with parallax effects<\/li><li>Donation and calls to action elements<\/li><li>Full compatibility with leading page builders<\/li><\/ul>\n<!-- \/wp:list -->","post-excerpt":"Pleasant web template designed for good causes, nonprofits and charities","pages":{"id-47028":{"title":"Home","featured-image-url":"https:\/\/websitedemos.net\/wp-content\/uploads\/2020\/08\/women-empowerment-02.jpg","thumbnail-image-url":"https:\/\/websitedemos.net\/wp-content\/uploads\/2020\/08\/women-empowerment-02.jpg","astra-page-api-url":"https:\/\/websitedemos.net\/women-empowerment-02\/wp-json\/wp\/v2\/pages\/6","dynamic-page":"no","astra-page-url":"\/\/websitedemos.net\/women-empowerment-02\/","astra-sites-tag":{"423":"home","814":"homepage"},"site-pages-type":"free","site-pages-page-builder":"elementor","site-pages-category":[],"site-pages-parent-category":{"60":"business"},"required-plugins":[{"slug":"elementor","init":"elementor\/elementor.php","name":"Elementor"}]},"id-47024":{"title":"About Us","featured-image-url":"https:\/\/websitedemos.net\/wp-content\/uploads\/2020\/08\/women-empowerment-02-about-us.jpg","thumbnail-image-url":"https:\/\/websitedemos.net\/wp-content\/uploads\/2020\/08\/women-empowerment-02-about-us.jpg","astra-page-api-url":"https:\/\/websitedemos.net\/women-empowerment-02\/wp-json\/wp\/v2\/pages\/8","dynamic-page":"no","astra-page-url":"\/\/websitedemos.net\/women-empowerment-02\/about-us\/","astra-sites-tag":{"352":"about","455":"about-us"},"site-pages-type":"free","site-pages-page-builder":"elementor","site-pages-category":[],"site-pages-parent-category":{"60":"business"},"required-plugins":[{"slug":"elementor","init":"elementor\/elementor.php","name":"Elementor"}]},"id-47029":{"title":"What We Do","featured-image-url":"https:\/\/websitedemos.net\/wp-content\/uploads\/2020\/08\/women-empowerment-02-what-we-do.jpg","thumbnail-image-url":"https:\/\/websitedemos.net\/wp-content\/uploads\/2020\/08\/women-empowerment-02-what-we-do.jpg","astra-page-api-url":"https:\/\/websitedemos.net\/women-empowerment-02\/wp-json\/wp\/v2\/pages\/14","dynamic-page":"no","astra-page-url":"\/\/websitedemos.net\/women-empowerment-02\/what-we-do\/","astra-sites-tag":{"628":"what-we-do"},"site-pages-type":"free","site-pages-page-builder":"elementor","site-pages-category":[],"site-pages-parent-category":{"60":"business"},"required-plugins":[{"slug":"elementor","init":"elementor\/elementor.php","name":"Elementor"}]},"id-47026":{"title":"Events","featured-image-url":"https:\/\/websitedemos.net\/wp-content\/uploads\/2020\/08\/women-empowerment-02-events.jpg","thumbnail-image-url":"https:\/\/websitedemos.net\/wp-content\/uploads\/2020\/08\/women-empowerment-02-events.jpg","astra-page-api-url":"https:\/\/websitedemos.net\/women-empowerment-02\/wp-json\/wp\/v2\/pages\/16","dynamic-page":"no","astra-page-url":"\/\/websitedemos.net\/women-empowerment-02\/events\/","astra-sites-tag":{"1569":"events","989":"programs"},"site-pages-type":"free","site-pages-page-builder":"elementor","site-pages-category":[],"site-pages-parent-category":{"60":"business"},"required-plugins":[{"slug":"elementor","init":"elementor\/elementor.php","name":"Elementor"}]},"id-47027":{"title":"Gallery","featured-image-url":"https:\/\/websitedemos.net\/wp-content\/uploads\/2020\/08\/women-empowerment-02-gallery.jpg","thumbnail-image-url":"https:\/\/websitedemos.net\/wp-content\/uploads\/2020\/08\/women-empowerment-02-gallery.jpg","astra-page-api-url":"https:\/\/websitedemos.net\/women-empowerment-02\/wp-json\/wp\/v2\/pages\/18","dynamic-page":"no","astra-page-url":"\/\/websitedemos.net\/women-empowerment-02\/gallery\/","astra-sites-tag":{"461":"gallery"},"site-pages-type":"free","site-pages-page-builder":"elementor","site-pages-category":[],"site-pages-parent-category":{"60":"business"},"required-plugins":[{"slug":"elementor","init":"elementor\/elementor.php","name":"Elementor"}]},"id-47025":{"title":"Contact","featured-image-url":"https:\/\/websitedemos.net\/wp-content\/uploads\/2020\/08\/women-empowerment-02-contact.jpg","thumbnail-image-url":"https:\/\/websitedemos.net\/wp-content\/uploads\/2020\/08\/women-empowerment-02-contact.jpg","astra-page-api-url":"https:\/\/websitedemos.net\/women-empowerment-02\/wp-json\/wp\/v2\/pages\/10","dynamic-page":"no","astra-page-url":"\/\/websitedemos.net\/women-empowerment-02\/contact\/","astra-sites-tag":{"415":"contact","454":"contact-us","896":"get-connected","377":"get-in-touch"},"site-pages-type":"free","site-pages-page-builder":"elementor","site-pages-category":[],"site-pages-parent-category":{"60":"business"},"required-plugins":[{"slug":"elementor","init":"elementor\/elementor.php","name":"Elementor"},{"slug":"wpforms-lite","init":"wpforms-lite\/wpforms.php","name":"WPForms Lite"}]}},"related-bb-template":"","related-elementor-template":47023,"related-gutenberg-template":64787,"related_ecommerce_template":"","ecommerce_parent_template":""},"id-48447":{"title":"Women Empowerment NGO","id":48447,"publish-date":1603927254,"featured-image-url":"https:\/\/websitedemos.net\/wp-content\/uploads\/2020\/10\/women-empowerment-08-1.jpg","thumbnail-image-url":"https:\/\/websitedemos.net\/wp-content\/uploads\/2020\/10\/women-empowerment-08-1-600x3142.jpg","fullpage-thumbnail-image-url":"https:\/\/websitedemos.net\/wp-content\/uploads\/2020\/10\/women-empowerment-08-1-400x2094.jpg","astra-site-url":"\/\/websitedemos.net\/women-empowerment-08","astra-site-parent-id":1735,"astra-sites-tag":{"625":"charity","1592":"ngo","1591":"women-empowerment"},"astra-sites-type":"free","astra-site-category":{"39":"free","36":"other"},"astra-sites-template-category":{"2786":"charity-nonprofit","2872":"donation-fundraiser","2784":"event","2821":"feminine-girly","2871":"ngo"},"astra-site-page-builder":"gutenberg","categories":{"2492":"non-profit"},"required-plugins":[{"slug":"ultimate-addons-for-gutenberg","init":"ultimate-addons-for-gutenberg\/ultimate-addons-for-gutenberg.php","name":"Spectra"}],"post-status":"publish","post-content":"","post-excerpt":"","pages":{"id-48448":{"title":"About Us","featured-image-url":"https:\/\/websitedemos.net\/wp-content\/uploads\/2020\/10\/women-empowerment-08-about-us-1.jpg","thumbnail-image-url":"https:\/\/websitedemos.net\/wp-content\/uploads\/2020\/10\/women-empowerment-08-about-us-1-600x2417.jpg","astra-page-api-url":"https:\/\/websitedemos.net\/women-empowerment-08\/wp-json\/wp\/v2\/pages\/357","dynamic-page":"no","astra-page-url":"\/\/websitedemos.net\/women-empowerment-08\/about-us\/","astra-sites-tag":{"352":"about"},"site-pages-type":"free","site-pages-page-builder":"gutenberg","site-pages-category":[],"site-pages-parent-category":{"61":"free","139":"other"},"required-plugins":[{"slug":"ultimate-addons-for-gutenberg","init":"ultimate-addons-for-gutenberg\/ultimate-addons-for-gutenberg.php","name":"Spectra"}]},"id-48449":{"title":"Contact","featured-image-url":"https:\/\/websitedemos.net\/wp-content\/uploads\/2020\/10\/women-empowerment-08-contact-1.jpg","thumbnail-image-url":"https:\/\/websitedemos.net\/wp-content\/uploads\/2020\/10\/women-empowerment-08-contact-1-600x1616.jpg","astra-page-api-url":"https:\/\/websitedemos.net\/women-empowerment-08\/wp-json\/wp\/v2\/pages\/442","dynamic-page":"no","astra-page-url":"\/\/websitedemos.net\/women-empowerment-08\/contact\/","astra-sites-tag":{"415":"contact"},"site-pages-type":"free","site-pages-page-builder":"gutenberg","site-pages-category":[],"site-pages-parent-category":{"61":"free","139":"other"},"required-plugins":[{"slug":"ultimate-addons-for-gutenberg","init":"ultimate-addons-for-gutenberg\/ultimate-addons-for-gutenberg.php","name":"Spectra"}]},"id-48450":{"title":"Events","featured-image-url":"https:\/\/websitedemos.net\/wp-content\/uploads\/2020\/10\/women-empowerment-08-events-1.jpg","thumbnail-image-url":"https:\/\/websitedemos.net\/wp-content\/uploads\/2020\/10\/women-empowerment-08-events-1-600x1711.jpg","astra-page-api-url":"https:\/\/websitedemos.net\/women-empowerment-08\/wp-json\/wp\/v2\/pages\/418","dynamic-page":"no","astra-page-url":"\/\/websitedemos.net\/women-empowerment-08\/events\/","astra-sites-tag":{"409":"event"},"site-pages-type":"free","site-pages-page-builder":"gutenberg","site-pages-category":[],"site-pages-parent-category":{"61":"free","139":"other"},"required-plugins":[{"slug":"ultimate-addons-for-gutenberg","init":"ultimate-addons-for-gutenberg\/ultimate-addons-for-gutenberg.php","name":"Spectra"}]},"id-48451":{"title":"Gallery","featured-image-url":"https:\/\/websitedemos.net\/wp-content\/uploads\/2020\/10\/women-empowerment-08-gallery-1.jpg","thumbnail-image-url":"https:\/\/websitedemos.net\/wp-content\/uploads\/2020\/10\/women-empowerment-08-gallery-1-600x1590.jpg","astra-page-api-url":"https:\/\/websitedemos.net\/women-empowerment-08\/wp-json\/wp\/v2\/pages\/426","dynamic-page":"no","astra-page-url":"\/\/websitedemos.net\/women-empowerment-08\/gallery\/","astra-sites-tag":{"461":"gallery"},"site-pages-type":"free","site-pages-page-builder":"gutenberg","site-pages-category":[],"site-pages-parent-category":{"61":"free","139":"other"},"required-plugins":[{"slug":"ultimate-addons-for-gutenberg","init":"ultimate-addons-for-gutenberg\/ultimate-addons-for-gutenberg.php","name":"Spectra"}]},"id-48452":{"title":"Home","featured-image-url":"https:\/\/websitedemos.net\/wp-content\/uploads\/2020\/10\/women-empowerment-08-1.jpg","thumbnail-image-url":"https:\/\/websitedemos.net\/wp-content\/uploads\/2020\/10\/women-empowerment-08-1-600x3142.jpg","astra-page-api-url":"https:\/\/websitedemos.net\/women-empowerment-08\/wp-json\/wp\/v2\/pages\/297","dynamic-page":"no","astra-page-url":"\/\/websitedemos.net\/women-empowerment-08\/","astra-sites-tag":{"423":"home"},"site-pages-type":"free","site-pages-page-builder":"gutenberg","site-pages-category":[],"site-pages-parent-category":{"61":"free","139":"other"},"required-plugins":[{"slug":"ultimate-addons-for-gutenberg","init":"ultimate-addons-for-gutenberg\/ultimate-addons-for-gutenberg.php","name":"Spectra"}]},"id-48453":{"title":"What We Do","featured-image-url":"https:\/\/websitedemos.net\/wp-content\/uploads\/2020\/10\/women-empowerment-08-what-we-do-1.jpg","thumbnail-image-url":"https:\/\/websitedemos.net\/wp-content\/uploads\/2020\/10\/women-empowerment-08-what-we-do-1-600x2048.jpg","astra-page-api-url":"https:\/\/websitedemos.net\/women-empowerment-08\/wp-json\/wp\/v2\/pages\/403","dynamic-page":"no","astra-page-url":"\/\/websitedemos.net\/women-empowerment-08\/what-we-do\/","astra-sites-tag":{"628":"what-we-do"},"site-pages-type":"free","site-pages-page-builder":"gutenberg","site-pages-category":[],"site-pages-parent-category":{"61":"free","139":"other"},"required-plugins":[{"slug":"ultimate-addons-for-gutenberg","init":"ultimate-addons-for-gutenberg\/ultimate-addons-for-gutenberg.php","name":"Spectra"}]}},"related-bb-template":"","related-elementor-template":"","related-gutenberg-template":"","related_ecommerce_template":"","ecommerce_parent_template":""},"id-46688":{"title":"Inspirational Speaker","id":46688,"publish-date":1595356079,"featured-image-url":"https:\/\/websitedemos.net\/wp-content\/uploads\/2020\/06\/inspirational-speaker-03-home.jpg","thumbnail-image-url":"https:\/\/websitedemos.net\/wp-content\/uploads\/2020\/06\/inspirational-speaker-03-home.jpg","fullpage-thumbnail-image-url":"https:\/\/websitedemos.net\/wp-content\/uploads\/2020\/06\/inspirational-speaker-03-home.jpg","astra-site-url":"\/\/websitedemos.net\/inspirational-speaker-04","astra-site-parent-id":1550,"astra-sites-tag":{"3416":"elementor","1548":"encourage","1549":"enthusiasm","1547":"influencer","1546":"inspiration","1545":"inspirational-speaker","609":"motivator","1844":"premium"},"astra-sites-type":"agency-mini","astra-site-category":{"27":"business"},"astra-sites-template-category":{"2825":"coaching","2821":"feminine-girly","2827":"online-course","2770":"personal"},"astra-site-page-builder":"elementor","categories":{"3427":"default","2483":"expert-services","3429":"premium"},"required-plugins":[{"slug":"elementor","init":"elementor\/elementor.php","name":"Elementor"},{"slug":"wpforms-lite","init":"wpforms-lite\/wpforms.php","name":"WPForms Lite"}],"post-status":"publish","post-content":"<!-- wp:paragraph -->\n<p>The Inspirational Speaker template is a light, welcoming design with a pastel palette and soft fonts. It creates a feeling of calm as soon as it loads, drawing you in and making you want to learn more, ideal for growing or engaging with your audience.<\/p>\n<!-- \/wp:paragraph -->\n\n<!-- wp:paragraph -->\n<p>The theme uses a standard business layout with product and service sections, a biography area, a timeline for events, client testimonials and an attractive contact form to book appointments. It\u2019s such a nice design!<\/p>\n<!-- \/wp:paragraph -->\n\n<!-- wp:heading -->\n<h2>Key features of the Inspirational Speaker template<\/h2>\n<!-- \/wp:heading -->\n\n<!-- wp:list -->\n<ul><li>Calm website design with a warm welcome<\/li><li>Lots of flexible content areas to tell your story<\/li><li>Pastel color palette with complementing elements<\/li><li>Soft fonts<\/li><li>Full compatibility with leading page builders<\/li><\/ul>\n<!-- \/wp:list -->","post-excerpt":"Calm web design that makes you feel welcome, ideal for speakers and wellness","pages":{"id-46693":{"title":"Home","featured-image-url":"https:\/\/websitedemos.net\/wp-content\/uploads\/2020\/06\/inspirational-speaker-03-home.jpg","thumbnail-image-url":"https:\/\/websitedemos.net\/wp-content\/uploads\/2020\/06\/inspirational-speaker-03-home.jpg","astra-page-api-url":"https:\/\/websitedemos.net\/inspirational-speaker-04\/wp-json\/wp\/v2\/pages\/27","dynamic-page":"no","astra-page-url":"\/\/websitedemos.net\/inspirational-speaker-04\/","astra-sites-tag":{"423":"home"},"site-pages-type":"agency-mini","site-pages-page-builder":"elementor","site-pages-category":[],"site-pages-parent-category":{"60":"business"},"required-plugins":[{"slug":"elementor","init":"elementor\/elementor.php","name":"Elementor"},{"slug":"wpforms-lite","init":"wpforms-lite\/wpforms.php","name":"WPForms Lite"}]},"id-46689":{"title":"About Me","featured-image-url":"https:\/\/websitedemos.net\/wp-content\/uploads\/2020\/06\/inspirational-speaker-03-about.jpg","thumbnail-image-url":"https:\/\/websitedemos.net\/wp-content\/uploads\/2020\/06\/inspirational-speaker-03-about.jpg","astra-page-api-url":"https:\/\/websitedemos.net\/inspirational-speaker-04\/wp-json\/wp\/v2\/pages\/223","dynamic-page":"no","astra-page-url":"\/\/websitedemos.net\/inspirational-speaker-04\/about\/","astra-sites-tag":{"352":"about"},"site-pages-type":"agency-mini","site-pages-page-builder":"elementor","site-pages-category":[],"site-pages-parent-category":{"60":"business"},"required-plugins":[{"slug":"elementor","init":"elementor\/elementor.php","name":"Elementor"}]},"id-46691":{"title":"Courses","featured-image-url":"https:\/\/websitedemos.net\/wp-content\/uploads\/2020\/06\/inspirational-speaker-03-courses.jpg","thumbnail-image-url":"https:\/\/websitedemos.net\/wp-content\/uploads\/2020\/06\/inspirational-speaker-03-courses.jpg","astra-page-api-url":"https:\/\/websitedemos.net\/inspirational-speaker-04\/wp-json\/wp\/v2\/pages\/228","dynamic-page":"no","astra-page-url":"\/\/websitedemos.net\/inspirational-speaker-04\/courses\/","astra-sites-tag":{"462":"courses"},"site-pages-type":"agency-mini","site-pages-page-builder":"elementor","site-pages-category":[],"site-pages-parent-category":{"60":"business"},"required-plugins":[{"slug":"elementor","init":"elementor\/elementor.php","name":"Elementor"}]},"id-46692":{"title":"Events","featured-image-url":"https:\/\/websitedemos.net\/wp-content\/uploads\/2020\/06\/inspirational-speaker-03-events.jpg","thumbnail-image-url":"https:\/\/websitedemos.net\/wp-content\/uploads\/2020\/06\/inspirational-speaker-03-events.jpg","astra-page-api-url":"https:\/\/websitedemos.net\/inspirational-speaker-04\/wp-json\/wp\/v2\/pages\/230","dynamic-page":"no","astra-page-url":"\/\/websitedemos.net\/inspirational-speaker-04\/events\/","astra-sites-tag":{"409":"event"},"site-pages-type":"agency-mini","site-pages-page-builder":"elementor","site-pages-category":[],"site-pages-parent-category":{"60":"business"},"required-plugins":[{"slug":"elementor","init":"elementor\/elementor.php","name":"Elementor"}]},"id-46690":{"title":"Contact","featured-image-url":"https:\/\/websitedemos.net\/wp-content\/uploads\/2020\/06\/inspirational-speaker-03-contact.jpg","thumbnail-image-url":"https:\/\/websitedemos.net\/wp-content\/uploads\/2020\/06\/inspirational-speaker-03-contact.jpg","astra-page-api-url":"https:\/\/websitedemos.net\/inspirational-speaker-04\/wp-json\/wp\/v2\/pages\/226","dynamic-page":"no","astra-page-url":"\/\/websitedemos.net\/inspirational-speaker-04\/contact\/","astra-sites-tag":{"415":"contact"},"site-pages-type":"agency-mini","site-pages-page-builder":"elementor","site-pages-category":[],"site-pages-parent-category":{"60":"business"},"required-plugins":[{"slug":"elementor","init":"elementor\/elementor.php","name":"Elementor"},{"slug":"wpforms-lite","init":"wpforms-lite\/wpforms.php","name":"WPForms Lite"}]}},"related-bb-template":"","related-elementor-template":"","related-gutenberg-template":"","related_ecommerce_template":"","ecommerce_parent_template":""},"id-46941":{"title":"Musician","id":46941,"publish-date":1596730045,"featured-image-url":"https:\/\/websitedemos.net\/wp-content\/uploads\/2020\/08\/musicians-02.jpg","thumbnail-image-url":"https:\/\/websitedemos.net\/wp-content\/uploads\/2020\/08\/musicians-02-600x2547.jpg","fullpage-thumbnail-image-url":"https:\/\/websitedemos.net\/wp-content\/uploads\/2020\/08\/musicians-02-400x1698.jpg","astra-site-url":"\/\/websitedemos.net\/musician-02","astra-site-parent-id":1564,"astra-sites-tag":{"339":"artist","3416":"elementor","969":"musician","1572":"performer","1571":"singer","1573":"vocalist"},"astra-sites-type":"free","astra-site-category":{"27":"business","39":"free"},"astra-sites-template-category":{"2777":"business","2869":"dj","2781":"music","2868":"musician-singer","2829":"podcast"},"astra-site-page-builder":"elementor","categories":{"2486":"art-music","3430":"dark","3427":"default","3428":"free"},"required-plugins":[{"slug":"elementor","init":"elementor\/elementor.php","name":"Elementor"},{"slug":"wpforms-lite","init":"wpforms-lite\/wpforms.php","name":"WPForms Lite"}],"post-status":"publish","post-content":"<!-- wp:paragraph -->\n<p>The Musician website template is a dark design with bold red colorway that instantly engages. It uses a shaded image background overlaid with a parallax effect to communicate, along with a biography, tour date section, latest released and lots of opportunity to engage with your fans.<\/p>\n<!-- \/wp:paragraph -->\n\n<!-- wp:paragraph -->\n<p>The design is bold and will definitely stand out. Everything is customizable though, so if black and red don\u2019t work, you can choose any color. Extra pages all reflect the core design and add more opportunities to tell your story and engage, along with a contract page to make it as easy as possible.<\/p>\n<!-- \/wp:paragraph -->\n\n<!-- wp:heading {\"UAGDay\":[]} -->\n<h2 class=\"wp-block-heading\">Key features of the Musician template<\/h2>\n<!-- \/wp:heading -->\n\n<!-- wp:list -->\n<ul><!-- wp:list-item -->\n<li>Impactful dark design with bold color<\/li>\n<!-- \/wp:list-item -->\n\n<!-- wp:list-item -->\n<li>Parallax effect with shaded image background<\/li>\n<!-- \/wp:list-item -->\n\n<!-- wp:list-item -->\n<li>Artist-related elements such as tour dates and latest releases<\/li>\n<!-- \/wp:list-item -->\n\n<!-- wp:list-item -->\n<li>Extra pages relevant to musicians<\/li>\n<!-- \/wp:list-item -->\n\n<!-- wp:list-item -->\n<li>Full compatibility with leading page builders<\/li>\n<!-- \/wp:list-item --><\/ul>\n<!-- \/wp:list -->","post-excerpt":"Dark modern web template ideal for promoting bands, DJs and musicians","pages":{"id-46947":{"title":"Home","featured-image-url":"https:\/\/websitedemos.net\/wp-content\/uploads\/2020\/08\/musicians-02.jpg","thumbnail-image-url":"https:\/\/websitedemos.net\/wp-content\/uploads\/2020\/08\/musicians-02-600x2547.jpg","astra-page-api-url":"https:\/\/websitedemos.net\/musician-02\/wp-json\/wp\/v2\/pages\/167","dynamic-page":"no","astra-page-url":"\/\/websitedemos.net\/musician-02\/","astra-sites-tag":{"423":"home","814":"homepage"},"site-pages-type":"free","site-pages-page-builder":"elementor","site-pages-category":[],"site-pages-parent-category":{"60":"business","61":"free"},"required-plugins":[{"slug":"elementor","init":"elementor\/elementor.php","name":"Elementor"}]},"id-46943":{"title":"Biography","featured-image-url":"https:\/\/websitedemos.net\/wp-content\/uploads\/2020\/08\/musician-02-biography.jpg","thumbnail-image-url":"https:\/\/websitedemos.net\/wp-content\/uploads\/2020\/08\/musician-02-biography.jpg","astra-page-api-url":"https:\/\/websitedemos.net\/musician-02\/wp-json\/wp\/v2\/pages\/294","dynamic-page":"no","astra-page-url":"\/\/websitedemos.net\/musician-02\/biography\/","astra-sites-tag":{"352":"about","1566":"biography"},"site-pages-type":"free","site-pages-page-builder":"elementor","site-pages-category":[],"site-pages-parent-category":{"60":"business","61":"free"},"required-plugins":[{"slug":"elementor","init":"elementor\/elementor.php","name":"Elementor"}]},"id-46944":{"title":"Concerts","featured-image-url":"https:\/\/websitedemos.net\/wp-content\/uploads\/2020\/08\/musician-02-concerts.jpg","thumbnail-image-url":"https:\/\/websitedemos.net\/wp-content\/uploads\/2020\/08\/musician-02-concerts.jpg","astra-page-api-url":"https:\/\/websitedemos.net\/musician-02\/wp-json\/wp\/v2\/pages\/14","dynamic-page":"no","astra-page-url":"\/\/websitedemos.net\/musician-02\/concerts\/","astra-sites-tag":{"1567":"concerts","1569":"events","1568":"shows"},"site-pages-type":"free","site-pages-page-builder":"elementor","site-pages-category":[],"site-pages-parent-category":{"60":"business","61":"free"},"required-plugins":[{"slug":"elementor","init":"elementor\/elementor.php","name":"Elementor"}]},"id-46942":{"title":"Albums","featured-image-url":"https:\/\/websitedemos.net\/wp-content\/uploads\/2020\/08\/musician-02-albums.jpg","thumbnail-image-url":"https:\/\/websitedemos.net\/wp-content\/uploads\/2020\/08\/musician-02-albums.jpg","astra-page-api-url":"https:\/\/websitedemos.net\/musician-02\/wp-json\/wp\/v2\/pages\/16","dynamic-page":"no","astra-page-url":"\/\/websitedemos.net\/musician-02\/albums\/","astra-sites-tag":{"1565":"albums","763":"discography","407":"music"},"site-pages-type":"free","site-pages-page-builder":"elementor","site-pages-category":[],"site-pages-parent-category":{"60":"business","61":"free"},"required-plugins":[{"slug":"elementor","init":"elementor\/elementor.php","name":"Elementor"}]},"id-46946":{"title":"Gallery","featured-image-url":"https:\/\/websitedemos.net\/wp-content\/uploads\/2020\/08\/musician-02-gallery.jpg","thumbnail-image-url":"https:\/\/websitedemos.net\/wp-content\/uploads\/2020\/08\/musician-02-gallery.jpg","astra-page-api-url":"https:\/\/websitedemos.net\/musician-02\/wp-json\/wp\/v2\/pages\/19","dynamic-page":"no","astra-page-url":"\/\/websitedemos.net\/musician-02\/gallery\/","astra-sites-tag":{"461":"gallery"},"site-pages-type":"free","site-pages-page-builder":"elementor","site-pages-category":[],"site-pages-parent-category":{"60":"business","61":"free"},"required-plugins":[{"slug":"elementor","init":"elementor\/elementor.php","name":"Elementor"}]},"id-46945":{"title":"Contact","featured-image-url":"https:\/\/websitedemos.net\/wp-content\/uploads\/2020\/08\/musician-02-contact.jpg","thumbnail-image-url":"https:\/\/websitedemos.net\/wp-content\/uploads\/2020\/08\/musician-02-contact.jpg","astra-page-api-url":"https:\/\/websitedemos.net\/musician-02\/wp-json\/wp\/v2\/pages\/11","dynamic-page":"no","astra-page-url":"\/\/websitedemos.net\/musician-02\/contact\/","astra-sites-tag":{"415":"contact","1009":"contact-me","896":"get-connected","377":"get-in-touch"},"site-pages-type":"free","site-pages-page-builder":"elementor","site-pages-category":[],"site-pages-parent-category":{"60":"business","61":"free"},"required-plugins":[{"slug":"elementor","init":"elementor\/elementor.php","name":"Elementor"},{"slug":"wpforms-lite","init":"wpforms-lite\/wpforms.php","name":"WPForms Lite"}]}},"related-bb-template":"","related-elementor-template":46941,"related-gutenberg-template":48611,"related_ecommerce_template":"","ecommerce_parent_template":""},"id-48611":{"title":"Musician","id":48611,"publish-date":1603984612,"featured-image-url":"https:\/\/websitedemos.net\/wp-content\/uploads\/2020\/10\/musician-08-1.jpg","thumbnail-image-url":"https:\/\/websitedemos.net\/wp-content\/uploads\/2020\/10\/musician-08-1-600x2594.jpg","fullpage-thumbnail-image-url":"https:\/\/websitedemos.net\/wp-content\/uploads\/2020\/10\/musician-08-1-400x1729.jpg","astra-site-url":"\/\/websitedemos.net\/musician-08","astra-site-parent-id":1752,"astra-sites-tag":{"339":"artist","969":"musician","1572":"performer","1571":"singer","1573":"vocalist"},"astra-sites-type":"free","astra-site-category":{"27":"business","39":"free"},"astra-sites-template-category":[],"astra-site-page-builder":"gutenberg","categories":{"2486":"art-music"},"required-plugins":[{"slug":"ultimate-addons-for-gutenberg","init":"ultimate-addons-for-gutenberg\/ultimate-addons-for-gutenberg.php","name":"Spectra"}],"post-status":"publish","post-content":"","post-excerpt":"","pages":{"id-48612":{"title":"Albums","featured-image-url":"https:\/\/websitedemos.net\/wp-content\/uploads\/2020\/10\/musician-08-albums-1.jpg","thumbnail-image-url":"https:\/\/websitedemos.net\/wp-content\/uploads\/2020\/10\/musician-08-albums-1-600x1455.jpg","astra-page-api-url":"https:\/\/websitedemos.net\/musician-08\/wp-json\/wp\/v2\/pages\/437","dynamic-page":"no","astra-page-url":"\/\/websitedemos.net\/musician-08\/albums\/","astra-sites-tag":{"1565":"albums","451":"work"},"site-pages-type":"free","site-pages-page-builder":"gutenberg","site-pages-category":[],"site-pages-parent-category":{"60":"business","61":"free"},"required-plugins":[{"slug":"ultimate-addons-for-gutenberg","init":"ultimate-addons-for-gutenberg\/ultimate-addons-for-gutenberg.php","name":"Spectra"}]},"id-48617":{"title":"Home","featured-image-url":"https:\/\/websitedemos.net\/wp-content\/uploads\/2020\/10\/musician-08-1.jpg","thumbnail-image-url":"https:\/\/websitedemos.net\/wp-content\/uploads\/2020\/10\/musician-08-1-600x2594.jpg","astra-page-api-url":"https:\/\/websitedemos.net\/musician-08\/wp-json\/wp\/v2\/pages\/296","dynamic-page":"no","astra-page-url":"\/\/websitedemos.net\/musician-08\/","astra-sites-tag":{"423":"home"},"site-pages-type":"free","site-pages-page-builder":"gutenberg","site-pages-category":[],"site-pages-parent-category":{"60":"business","61":"free"},"required-plugins":[{"slug":"ultimate-addons-for-gutenberg","init":"ultimate-addons-for-gutenberg\/ultimate-addons-for-gutenberg.php","name":"Spectra"}]},"id-48613":{"title":"Biography","featured-image-url":"https:\/\/websitedemos.net\/wp-content\/uploads\/2020\/10\/musician-08-biography-1.jpg","thumbnail-image-url":"https:\/\/websitedemos.net\/wp-content\/uploads\/2020\/10\/musician-08-biography-1-600x1374.jpg","astra-page-api-url":"https:\/\/websitedemos.net\/musician-08\/wp-json\/wp\/v2\/pages\/408","dynamic-page":"no","astra-page-url":"\/\/websitedemos.net\/musician-08\/biography\/","astra-sites-tag":{"352":"about","1566":"biography"},"site-pages-type":"free","site-pages-page-builder":"gutenberg","site-pages-category":[],"site-pages-parent-category":{"60":"business","61":"free"},"required-plugins":[{"slug":"ultimate-addons-for-gutenberg","init":"ultimate-addons-for-gutenberg\/ultimate-addons-for-gutenberg.php","name":"Spectra"}]},"id-48614":{"title":"Concerts","featured-image-url":"https:\/\/websitedemos.net\/wp-content\/uploads\/2020\/10\/musician-08-concerts-1.jpg","thumbnail-image-url":"https:\/\/websitedemos.net\/wp-content\/uploads\/2020\/10\/musician-08-concerts-1-600x1007.jpg","astra-page-api-url":"https:\/\/websitedemos.net\/musician-08\/wp-json\/wp\/v2\/pages\/432","dynamic-page":"no","astra-page-url":"\/\/websitedemos.net\/musician-08\/concerts\/","astra-sites-tag":{"755":"concert"},"site-pages-type":"free","site-pages-page-builder":"gutenberg","site-pages-category":[],"site-pages-parent-category":{"60":"business","61":"free"},"required-plugins":[{"slug":"ultimate-addons-for-gutenberg","init":"ultimate-addons-for-gutenberg\/ultimate-addons-for-gutenberg.php","name":"Spectra"}]},"id-48616":{"title":"Gallery","featured-image-url":"https:\/\/websitedemos.net\/wp-content\/uploads\/2020\/10\/musician-08-gallery-1.jpg","thumbnail-image-url":"https:\/\/websitedemos.net\/wp-content\/uploads\/2020\/10\/musician-08-gallery-1-600x1131.jpg","astra-page-api-url":"https:\/\/websitedemos.net\/musician-08\/wp-json\/wp\/v2\/pages\/443","dynamic-page":"no","astra-page-url":"\/\/websitedemos.net\/musician-08\/gallery\/","astra-sites-tag":{"461":"gallery","444":"portfolio"},"site-pages-type":"free","site-pages-page-builder":"gutenberg","site-pages-category":[],"site-pages-parent-category":{"60":"business","61":"free"},"required-plugins":[{"slug":"ultimate-addons-for-gutenberg","init":"ultimate-addons-for-gutenberg\/ultimate-addons-for-gutenberg.php","name":"Spectra"}]},"id-48615":{"title":"Contact","featured-image-url":"https:\/\/websitedemos.net\/wp-content\/uploads\/2020\/10\/musician-08-contact-1.jpg","thumbnail-image-url":"https:\/\/websitedemos.net\/wp-content\/uploads\/2020\/10\/musician-08-contact-1-600x827.jpg","astra-page-api-url":"https:\/\/websitedemos.net\/musician-08\/wp-json\/wp\/v2\/pages\/451","dynamic-page":"no","astra-page-url":"\/\/websitedemos.net\/musician-08\/contact\/","astra-sites-tag":{"415":"contact"},"site-pages-type":"free","site-pages-page-builder":"gutenberg","site-pages-category":[],"site-pages-parent-category":{"60":"business","61":"free"},"required-plugins":[{"slug":"ultimate-addons-for-gutenberg","init":"ultimate-addons-for-gutenberg\/ultimate-addons-for-gutenberg.php","name":"Spectra"}]}},"related-bb-template":"","related-elementor-template":"","related-gutenberg-template":"","related_ecommerce_template":"","ecommerce_parent_template":""},"id-55517":{"title":"Portfolio &amp; CV","id":55517,"publish-date":1622060981,"featured-image-url":"https:\/\/websitedemos.net\/wp-content\/uploads\/2021\/05\/portfolio-cv-02.jpg","thumbnail-image-url":"https:\/\/websitedemos.net\/wp-content\/uploads\/2021\/05\/portfolio-cv-02-600x2614.jpg","fullpage-thumbnail-image-url":"https:\/\/websitedemos.net\/wp-content\/uploads\/2021\/05\/portfolio-cv-02-400x1742.jpg","astra-site-url":"\/\/websitedemos.net\/portfolio-02","astra-site-parent-id":2149,"astra-sites-tag":{"2151":"curriculum-vitae","2150":"cv","3416":"elementor","1903":"personal-website","444":"portfolio","2153":"resume","2152":"work-profile"},"astra-sites-type":"free","astra-site-category":{"39":"free","36":"other"},"astra-sites-template-category":{"2810":"freelance","2770":"personal","2768":"portfolio","2783":"resume"},"astra-site-page-builder":"elementor","categories":{"3427":"default","3428":"free","2488":"portfolio"},"required-plugins":[{"slug":"elementor","init":"elementor\/elementor.php","name":"Elementor"},{"slug":"wpforms-lite","init":"wpforms-lite\/wpforms.php","name":"WPForms Lite"}],"post-status":"publish","post-content":"<!-- wp:paragraph -->\n<p>The Portfolio &amp; CV website template is the perfect way to showcase yourself and your skills to potential employers. It has a professional design with calm colors, modern fonts and lots of content areas to show off your skills and experience.<\/p>\n<!-- \/wp:paragraph -->\n\n<!-- wp:paragraph -->\n<p>The template includes flexible content areas you can customize to your particular skills and showcase them in the best way possible. The template includes skills graphics and a timeline to easily communicate key still and experience. There\u2019s also an attractive portfolio and contact page to help seal the deal.<\/p>\n<!-- \/wp:paragraph -->\n\n<!-- wp:heading {\"UAGDay\":[]} -->\n<h2 class=\"wp-block-heading\">Key features of the Portfolio &amp; CV template<\/h2>\n<!-- \/wp:heading -->\n\n<!-- wp:list -->\n<ul><!-- wp:list-item -->\n<li>Professional portfolio website with CV elements<\/li>\n<!-- \/wp:list-item -->\n\n<!-- wp:list-item -->\n<li>Calm, competent design to showcase skills and experience<\/li>\n<!-- \/wp:list-item -->\n\n<!-- wp:list-item -->\n<li>Image-based portfolio, ideal for showcasing previous work<\/li>\n<!-- \/wp:list-item -->\n\n<!-- wp:list-item -->\n<li>Graphical skills and timeline elements<\/li>\n<!-- \/wp:list-item -->\n\n<!-- wp:list-item -->\n<li>Full compatibility with leading page builders<\/li>\n<!-- \/wp:list-item --><\/ul>\n<!-- \/wp:list -->","post-excerpt":"Professional web template with portfolio and CV perfect for job seekers","pages":{"id-55518":{"title":"About","featured-image-url":"https:\/\/websitedemos.net\/wp-content\/uploads\/2021\/05\/portfolio-02-about.jpg","thumbnail-image-url":"https:\/\/websitedemos.net\/wp-content\/uploads\/2021\/05\/portfolio-02-about.jpg","astra-page-api-url":"https:\/\/websitedemos.net\/portfolio-02\/wp-json\/wp\/v2\/pages\/10","dynamic-page":"no","astra-page-url":"\/\/websitedemos.net\/portfolio-02\/about\/","astra-sites-tag":{"352":"about"},"site-pages-type":"free","site-pages-page-builder":"elementor","site-pages-category":[],"site-pages-parent-category":{"61":"free","139":"other"},"required-plugins":[{"slug":"elementor","init":"elementor\/elementor.php","name":"Elementor"}]},"id-55519":{"title":"Contact","featured-image-url":"https:\/\/websitedemos.net\/wp-content\/uploads\/2021\/05\/portfolio-02-contact.jpg","thumbnail-image-url":"https:\/\/websitedemos.net\/wp-content\/uploads\/2021\/05\/portfolio-02-contact.jpg","astra-page-api-url":"https:\/\/websitedemos.net\/portfolio-02\/wp-json\/wp\/v2\/pages\/16","dynamic-page":"no","astra-page-url":"\/\/websitedemos.net\/portfolio-02\/contact\/","astra-sites-tag":{"415":"contact"},"site-pages-type":"free","site-pages-page-builder":"elementor","site-pages-category":[],"site-pages-parent-category":{"61":"free","139":"other"},"required-plugins":[{"slug":"elementor","init":"elementor\/elementor.php","name":"Elementor"},{"slug":"wpforms-lite","init":"wpforms-lite\/wpforms.php","name":"WPForms Lite"}]},"id-55520":{"title":"Home","featured-image-url":"https:\/\/websitedemos.net\/wp-content\/uploads\/2021\/05\/portfolio-cv-02.jpg","thumbnail-image-url":"https:\/\/websitedemos.net\/wp-content\/uploads\/2021\/05\/portfolio-cv-02-600x2614.jpg","astra-page-api-url":"https:\/\/websitedemos.net\/portfolio-02\/wp-json\/wp\/v2\/pages\/6","dynamic-page":"no","astra-page-url":"\/\/websitedemos.net\/portfolio-02\/","astra-sites-tag":{"423":"home"},"site-pages-type":"free","site-pages-page-builder":"elementor","site-pages-category":[],"site-pages-parent-category":{"61":"free","139":"other"},"required-plugins":[{"slug":"elementor","init":"elementor\/elementor.php","name":"Elementor"}]},"id-55521":{"title":"Portfolio","featured-image-url":"https:\/\/websitedemos.net\/wp-content\/uploads\/2021\/05\/portfolio-02-portfolio.jpg","thumbnail-image-url":"https:\/\/websitedemos.net\/wp-content\/uploads\/2021\/05\/portfolio-02-portfolio.jpg","astra-page-api-url":"https:\/\/websitedemos.net\/portfolio-02\/wp-json\/wp\/v2\/pages\/14","dynamic-page":"no","astra-page-url":"\/\/websitedemos.net\/portfolio-02\/portfolio\/","astra-sites-tag":{"444":"portfolio","451":"work"},"site-pages-type":"free","site-pages-page-builder":"elementor","site-pages-category":[],"site-pages-parent-category":{"61":"free","139":"other"},"required-plugins":[{"slug":"elementor","init":"elementor\/elementor.php","name":"Elementor"}]},"id-55522":{"title":"Services","featured-image-url":"https:\/\/websitedemos.net\/wp-content\/uploads\/2021\/05\/portfolio-cv-02-services.jpg","thumbnail-image-url":"https:\/\/websitedemos.net\/wp-content\/uploads\/2021\/05\/portfolio-cv-02-services-600x1103.jpg","astra-page-api-url":"https:\/\/websitedemos.net\/portfolio-02\/wp-json\/wp\/v2\/pages\/12","dynamic-page":"no","astra-page-url":"\/\/websitedemos.net\/portfolio-02\/services\/","astra-sites-tag":{"425":"services"},"site-pages-type":"free","site-pages-page-builder":"elementor","site-pages-category":[],"site-pages-parent-category":{"61":"free","139":"other"},"required-plugins":[{"slug":"elementor","init":"elementor\/elementor.php","name":"Elementor"}]}},"related-bb-template":"","related-elementor-template":55517,"related-gutenberg-template":55511,"related_ecommerce_template":"","ecommerce_parent_template":""},"id-55511":{"title":"Portfolio &#038; CV","id":55511,"publish-date":1622061009,"featured-image-url":"https:\/\/websitedemos.net\/wp-content\/uploads\/2021\/05\/portfolio-08-1.jpg","thumbnail-image-url":"https:\/\/websitedemos.net\/wp-content\/uploads\/2021\/05\/portfolio-08-1-600x2690.jpg","fullpage-thumbnail-image-url":"https:\/\/websitedemos.net\/wp-content\/uploads\/2021\/05\/portfolio-08-1-400x1793.jpg","astra-site-url":"\/\/websitedemos.net\/portfolio-08","astra-site-parent-id":2148,"astra-sites-tag":{"2151":"curriculum-vitae","2150":"cv","1903":"personal-website","444":"portfolio","2153":"resume","2152":"work-profile"},"astra-sites-type":"free","astra-site-category":{"39":"free","36":"other"},"astra-sites-template-category":[],"astra-site-page-builder":"gutenberg","categories":{"2488":"portfolio"},"required-plugins":[{"slug":"ultimate-addons-for-gutenberg","init":"ultimate-addons-for-gutenberg\/ultimate-addons-for-gutenberg.php","name":"Spectra"}],"post-status":"publish","post-content":"","post-excerpt":"","pages":{"id-55512":{"title":"About","featured-image-url":"https:\/\/websitedemos.net\/wp-content\/uploads\/2021\/05\/portfolio-08-about-1.jpg","thumbnail-image-url":"https:\/\/websitedemos.net\/wp-content\/uploads\/2021\/05\/portfolio-08-about-1-600x1828.jpg","astra-page-api-url":"https:\/\/websitedemos.net\/portfolio-08\/wp-json\/wp\/v2\/pages\/345","dynamic-page":"no","astra-page-url":"\/\/websitedemos.net\/portfolio-08\/about\/","astra-sites-tag":{"352":"about"},"site-pages-type":"free","site-pages-page-builder":"gutenberg","site-pages-category":[],"site-pages-parent-category":{"61":"free","139":"other"},"required-plugins":[{"slug":"ultimate-addons-for-gutenberg","init":"ultimate-addons-for-gutenberg\/ultimate-addons-for-gutenberg.php","name":"Spectra"}]},"id-55513":{"title":"Contact","featured-image-url":"https:\/\/websitedemos.net\/wp-content\/uploads\/2021\/05\/portfolio-08-contact-1.jpg","thumbnail-image-url":"https:\/\/websitedemos.net\/wp-content\/uploads\/2021\/05\/portfolio-08-contact-1-600x896.jpg","astra-page-api-url":"https:\/\/websitedemos.net\/portfolio-08\/wp-json\/wp\/v2\/pages\/375","dynamic-page":"no","astra-page-url":"\/\/websitedemos.net\/portfolio-08\/contact\/","astra-sites-tag":{"415":"contact"},"site-pages-type":"free","site-pages-page-builder":"gutenberg","site-pages-category":[],"site-pages-parent-category":{"61":"free","139":"other"},"required-plugins":[{"slug":"ultimate-addons-for-gutenberg","init":"ultimate-addons-for-gutenberg\/ultimate-addons-for-gutenberg.php","name":"Spectra"}]},"id-55514":{"title":"Home","featured-image-url":"https:\/\/websitedemos.net\/wp-content\/uploads\/2021\/05\/portfolio-08-1.jpg","thumbnail-image-url":"https:\/\/websitedemos.net\/wp-content\/uploads\/2021\/05\/portfolio-08-1-600x2690.jpg","astra-page-api-url":"https:\/\/websitedemos.net\/portfolio-08\/wp-json\/wp\/v2\/pages\/298","dynamic-page":"no","astra-page-url":"\/\/websitedemos.net\/portfolio-08\/","astra-sites-tag":{"423":"home"},"site-pages-type":"free","site-pages-page-builder":"gutenberg","site-pages-category":[],"site-pages-parent-category":{"61":"free","139":"other"},"required-plugins":[{"slug":"ultimate-addons-for-gutenberg","init":"ultimate-addons-for-gutenberg\/ultimate-addons-for-gutenberg.php","name":"Spectra"}]},"id-55515":{"title":"Portfolio","featured-image-url":"https:\/\/websitedemos.net\/wp-content\/uploads\/2021\/05\/portfolio-08-portfolio-1.jpg","thumbnail-image-url":"https:\/\/websitedemos.net\/wp-content\/uploads\/2021\/05\/portfolio-08-portfolio-1-600x1826.jpg","astra-page-api-url":"https:\/\/websitedemos.net\/portfolio-08\/wp-json\/wp\/v2\/pages\/366","dynamic-page":"no","astra-page-url":"\/\/websitedemos.net\/portfolio-08\/portfolio\/","astra-sites-tag":{"444":"portfolio","451":"work"},"site-pages-type":"free","site-pages-page-builder":"gutenberg","site-pages-category":[],"site-pages-parent-category":{"61":"free","139":"other"},"required-plugins":[{"slug":"ultimate-addons-for-gutenberg","init":"ultimate-addons-for-gutenberg\/ultimate-addons-for-gutenberg.php","name":"Spectra"}]},"id-55516":{"title":"Services","featured-image-url":"https:\/\/websitedemos.net\/wp-content\/uploads\/2021\/05\/portfolio-08-services-1.jpg","thumbnail-image-url":"https:\/\/websitedemos.net\/wp-content\/uploads\/2021\/05\/portfolio-08-services-1-600x1165.jpg","astra-page-api-url":"https:\/\/websitedemos.net\/portfolio-08\/wp-json\/wp\/v2\/pages\/359","dynamic-page":"no","astra-page-url":"\/\/websitedemos.net\/portfolio-08\/services\/","astra-sites-tag":{"425":"services"},"site-pages-type":"free","site-pages-page-builder":"gutenberg","site-pages-category":[],"site-pages-parent-category":{"61":"free","139":"other"},"required-plugins":[{"slug":"ultimate-addons-for-gutenberg","init":"ultimate-addons-for-gutenberg\/ultimate-addons-for-gutenberg.php","name":"Spectra"}]}},"related-bb-template":"","related-elementor-template":"","related-gutenberg-template":"","related_ecommerce_template":"","ecommerce_parent_template":""},"id-48671":{"title":"Tech Startup","id":48671,"publish-date":1603984602,"featured-image-url":"https:\/\/websitedemos.net\/wp-content\/uploads\/2020\/10\/tech-startup-08.jpg","thumbnail-image-url":"https:\/\/websitedemos.net\/wp-content\/uploads\/2020\/10\/tech-startup-08-600x2357.jpg","fullpage-thumbnail-image-url":"https:\/\/websitedemos.net\/wp-content\/uploads\/2020\/10\/tech-startup-08-400x1571.jpg","astra-site-url":"\/\/websitedemos.net\/tech-startup-08","astra-site-parent-id":1758,"astra-sites-tag":{"1761":"application","745":"organization","1762":"software-company","1760":"software-firm","1665":"startup","1759":"tech-business","1763":"tech-startup"},"astra-sites-type":"free","astra-site-category":{"27":"business","39":"free"},"astra-sites-template-category":[],"astra-site-page-builder":"gutenberg","categories":{"2487":"agency"},"required-plugins":[{"slug":"ultimate-addons-for-gutenberg","init":"ultimate-addons-for-gutenberg\/ultimate-addons-for-gutenberg.php","name":"Spectra"}],"post-status":"publish","post-content":"","post-excerpt":"","pages":{"id-48672":{"title":"About Us","featured-image-url":"https:\/\/websitedemos.net\/wp-content\/uploads\/2020\/10\/tech-startup-08-about-us.jpg","thumbnail-image-url":"https:\/\/websitedemos.net\/wp-content\/uploads\/2020\/10\/tech-startup-08-about-us-600x2175.jpg","astra-page-api-url":"https:\/\/websitedemos.net\/tech-startup-08\/wp-json\/wp\/v2\/pages\/248","dynamic-page":"no","astra-page-url":"\/\/websitedemos.net\/tech-startup-08\/about-us\/","astra-sites-tag":{"352":"about"},"site-pages-type":"free","site-pages-page-builder":"gutenberg","site-pages-category":[],"site-pages-parent-category":{"60":"business","61":"free"},"required-plugins":[{"slug":"ultimate-addons-for-gutenberg","init":"ultimate-addons-for-gutenberg\/ultimate-addons-for-gutenberg.php","name":"Spectra"}]},"id-48673":{"title":"Features","featured-image-url":"https:\/\/websitedemos.net\/wp-content\/uploads\/2020\/10\/tech-startup-08-features-1.jpg","thumbnail-image-url":"https:\/\/websitedemos.net\/wp-content\/uploads\/2020\/10\/tech-startup-08-features-1-600x2647.jpg","astra-page-api-url":"https:\/\/websitedemos.net\/tech-startup-08\/wp-json\/wp\/v2\/pages\/249","dynamic-page":"no","astra-page-url":"\/\/websitedemos.net\/tech-startup-08\/features\/","astra-sites-tag":{"453":"features"},"site-pages-type":"free","site-pages-page-builder":"gutenberg","site-pages-category":[],"site-pages-parent-category":{"60":"business","61":"free"},"required-plugins":[{"slug":"ultimate-addons-for-gutenberg","init":"ultimate-addons-for-gutenberg\/ultimate-addons-for-gutenberg.php","name":"Spectra"}]},"id-48674":{"title":"Home","featured-image-url":"https:\/\/websitedemos.net\/wp-content\/uploads\/2020\/10\/tech-startup-08.jpg","thumbnail-image-url":"https:\/\/websitedemos.net\/wp-content\/uploads\/2020\/10\/tech-startup-08-600x2357.jpg","astra-page-api-url":"https:\/\/websitedemos.net\/tech-startup-08\/wp-json\/wp\/v2\/pages\/247","dynamic-page":"no","astra-page-url":"\/\/websitedemos.net\/tech-startup-08\/","astra-sites-tag":{"423":"home"},"site-pages-type":"free","site-pages-page-builder":"gutenberg","site-pages-category":[],"site-pages-parent-category":{"60":"business","61":"free"},"required-plugins":[{"slug":"ultimate-addons-for-gutenberg","init":"ultimate-addons-for-gutenberg\/ultimate-addons-for-gutenberg.php","name":"Spectra"}]},"id-48675":{"title":"Plan","featured-image-url":"https:\/\/websitedemos.net\/wp-content\/uploads\/2020\/10\/tech-startup-08-plan-1.jpg","thumbnail-image-url":"https:\/\/websitedemos.net\/wp-content\/uploads\/2020\/10\/tech-startup-08-plan-1-600x1310.jpg","astra-page-api-url":"https:\/\/websitedemos.net\/tech-startup-08\/wp-json\/wp\/v2\/pages\/250","dynamic-page":"no","astra-page-url":"\/\/websitedemos.net\/tech-startup-08\/plan\/","astra-sites-tag":{"1663":"plan","585":"pricing"},"site-pages-type":"free","site-pages-page-builder":"gutenberg","site-pages-category":[],"site-pages-parent-category":{"60":"business","61":"free"},"required-plugins":[{"slug":"ultimate-addons-for-gutenberg","init":"ultimate-addons-for-gutenberg\/ultimate-addons-for-gutenberg.php","name":"Spectra"}]}},"related-bb-template":"","related-elementor-template":"","related-gutenberg-template":"","related_ecommerce_template":"","ecommerce_parent_template":""},"id-49795":{"title":"Learn Oil Painting","id":49795,"publish-date":1612553999,"featured-image-url":"https:\/\/websitedemos.net\/wp-content\/uploads\/2021\/02\/learn-oil-painting-02-homepage.jpg","thumbnail-image-url":"https:\/\/websitedemos.net\/wp-content\/uploads\/2021\/02\/learn-oil-painting-02-homepage.jpg","fullpage-thumbnail-image-url":"https:\/\/websitedemos.net\/wp-content\/uploads\/2021\/02\/learn-oil-painting-02-homepage.jpg","astra-site-url":"\/\/websitedemos.net\/learn-oil-painting-02","astra-site-parent-id":1851,"astra-sites-tag":{"462":"courses","3416":"elementor","467":"learndash","975":"online-learning","720":"tutorials"},"astra-sites-type":"free","astra-site-category":{"27":"business","39":"free"},"astra-sites-template-category":{"2802":"artist","2825":"coaching","2835":"elearning","2880":"membership","2827":"online-course","2770":"personal","2873":"tutor"},"astra-site-page-builder":"elementor","categories":{"2486":"art-music","3427":"default","2494":"elearning","3428":"free"},"required-plugins":[{"slug":"elementor","init":"elementor\/elementor.php","name":"Elementor"},{"slug":"sfwd-lms","init":"sfwd-lms\/sfwd_lms.php","name":"LearnDash LMS"},{"slug":"learndash-course-grid","init":"learndash-course-grid\/learndash_course_grid.php","name":"LearnDash LMS - Course Grid"},{"slug":"wpforms-lite","init":"wpforms-lite\/wpforms.php","name":"WPForms Lite"},{"slug":"presto-player","init":"presto-player\/presto-player.php","name":"Presto Player"}],"post-status":"publish","post-content":"<!-- wp:paragraph -->\n<p>The Learn Oil Painting template is built ready for eLearning. While art is the subject here, it could easily be customized to suit any niche. It\u2019s an informative website with great colors, a mix of elegant fonts and some powerful imagery.<\/p>\n<!-- \/wp:paragraph -->\n\n<!-- wp:paragraph -->\n<p>The template includes an attractive block effect with lots of space for content and images. It has areas to outline courses, attractive course pages, a testimonials section and a selection of supplementary pages ideal for eLearning.<\/p>\n<!-- \/wp:paragraph -->\n\n<!-- wp:heading -->\n<h2>Key features of the Learn Oil Painting template<\/h2>\n<!-- \/wp:heading -->\n\n<!-- wp:list -->\n<ul><li>Informative design ideal for eLearning<\/li><li>Great use of colors and fonts<\/li><li>Course pages already made<\/li><li>Flexible content areas throughout<\/li><li>Full compatibility with leading page builders<\/li><\/ul>\n<!-- \/wp:list -->","post-excerpt":"Informative web template for online courses or eLearning businesses","pages":{"id-49796":{"title":"About","featured-image-url":"https:\/\/websitedemos.net\/wp-content\/uploads\/2021\/02\/learn-oil-painting-02-about.jpg","thumbnail-image-url":"https:\/\/websitedemos.net\/wp-content\/uploads\/2021\/02\/learn-oil-painting-02-about.jpg","astra-page-api-url":"https:\/\/websitedemos.net\/learn-oil-painting-02\/wp-json\/wp\/v2\/pages\/10","dynamic-page":"no","astra-page-url":"\/\/websitedemos.net\/learn-oil-painting-02\/about\/","astra-sites-tag":{"352":"about"},"site-pages-type":"free","site-pages-page-builder":"elementor","site-pages-category":[],"site-pages-parent-category":{"60":"business","61":"free"},"required-plugins":[{"slug":"elementor","init":"elementor\/elementor.php","name":"Elementor"}]},"id-49797":{"title":"Classes","featured-image-url":"https:\/\/websitedemos.net\/wp-content\/uploads\/2021\/02\/learn-oil-painting-02-classes.jpg","thumbnail-image-url":"https:\/\/websitedemos.net\/wp-content\/uploads\/2021\/02\/learn-oil-painting-02-classes.jpg","astra-page-api-url":"https:\/\/websitedemos.net\/learn-oil-painting-02\/wp-json\/wp\/v2\/pages\/8","dynamic-page":"yes","astra-page-url":"\/\/websitedemos.net\/learn-oil-painting-02\/classes\/","astra-sites-tag":{"557":"classes"},"site-pages-type":"free","site-pages-page-builder":"elementor","site-pages-category":[],"site-pages-parent-category":{"60":"business","61":"free"},"required-plugins":[{"slug":"elementor","init":"elementor\/elementor.php","name":"Elementor"},{"slug":"sfwd-lms","init":"sfwd-lms\/sfwd_lms.php","name":"LearnDash LMS"},{"slug":"learndash-course-grid","init":"learndash-course-grid\/learndash_course_grid.php","name":"LearnDash LMS - Course Grid"}]},"id-49798":{"title":"Contact","featured-image-url":"https:\/\/websitedemos.net\/wp-content\/uploads\/2021\/02\/learn-oil-painting-02-contact.jpg","thumbnail-image-url":"https:\/\/websitedemos.net\/wp-content\/uploads\/2021\/02\/learn-oil-painting-02-contact.jpg","astra-page-api-url":"https:\/\/websitedemos.net\/learn-oil-painting-02\/wp-json\/wp\/v2\/pages\/12","dynamic-page":"no","astra-page-url":"\/\/websitedemos.net\/learn-oil-painting-02\/contact\/","astra-sites-tag":{"415":"contact"},"site-pages-type":"free","site-pages-page-builder":"elementor","site-pages-category":[],"site-pages-parent-category":{"60":"business","61":"free"},"required-plugins":[{"slug":"elementor","init":"elementor\/elementor.php","name":"Elementor"},{"slug":"wpforms-lite","init":"wpforms-lite\/wpforms.php","name":"WPForms Lite"}]},"id-49799":{"title":"Home","featured-image-url":"https:\/\/websitedemos.net\/wp-content\/uploads\/2021\/02\/learn-oil-painting-02-homepage.jpg","thumbnail-image-url":"https:\/\/websitedemos.net\/wp-content\/uploads\/2021\/02\/learn-oil-painting-02-homepage.jpg","astra-page-api-url":"https:\/\/websitedemos.net\/learn-oil-painting-02\/wp-json\/wp\/v2\/pages\/6","dynamic-page":"yes","astra-page-url":"\/\/websitedemos.net\/learn-oil-painting-02\/","astra-sites-tag":{"814":"homepage"},"site-pages-type":"free","site-pages-page-builder":"elementor","site-pages-category":[],"site-pages-parent-category":{"60":"business","61":"free"},"required-plugins":[{"slug":"elementor","init":"elementor\/elementor.php","name":"Elementor"},{"slug":"sfwd-lms","init":"sfwd-lms\/sfwd_lms.php","name":"LearnDash LMS"},{"slug":"learndash-course-grid","init":"learndash-course-grid\/learndash_course_grid.php","name":"LearnDash LMS - Course Grid"}]}},"related-bb-template":"","related-elementor-template":"","related-gutenberg-template":"","related_ecommerce_template":"","ecommerce_parent_template":""},"id-47565":{"title":"Hairdressers and Hair Salons","id":47565,"publish-date":1600968683,"featured-image-url":"https:\/\/websitedemos.net\/wp-content\/uploads\/2020\/09\/hair-salon-04-home.jpg","thumbnail-image-url":"https:\/\/websitedemos.net\/wp-content\/uploads\/2020\/09\/hair-salon-04-home.jpg","fullpage-thumbnail-image-url":"https:\/\/websitedemos.net\/wp-content\/uploads\/2020\/09\/hair-salon-04-home.jpg","astra-site-url":"\/\/websitedemos.net\/hair-salon-04","astra-site-parent-id":1641,"astra-sites-tag":{"3416":"elementor","474":"grooming","477":"hair-care","1645":"hair-cut","1642":"hair-salon","1644":"hair-styling","1844":"premium","1646":"professional-hair-salon","1643":"styling"},"astra-sites-type":"agency-mini","astra-site-category":{"27":"business"},"astra-sites-template-category":{"2790":"beauty-fashion","2777":"business","2890":"makeup-cosmetic","2837":"salon"},"astra-site-page-builder":"elementor","categories":{"2479":"beauty","3427":"default","3434":"feminine","3429":"premium"},"required-plugins":[{"slug":"elementor","init":"elementor\/elementor.php","name":"Elementor"},{"slug":"header-footer-elementor","init":"header-footer-elementor\/header-footer-elementor.php","name":"Elementor Header & Footer Builder"},{"slug":"wpforms-lite","init":"wpforms-lite\/wpforms.php","name":"WPForms Lite"}],"post-status":"publish","post-content":"<!-- wp:paragraph -->\n<p>The Hairdresser and Hair Salon template uses fullscreen design to maximum effect, ideal for the hair and beauty niche. The homepage opens with a fullscreen image with bold headline and complementing colors before opening into attractive content areas.<\/p>\n<!-- \/wp:paragraph -->\n\n<!-- wp:paragraph -->\n<p>The colors have been well-chosen, with complementing colors throughout that create a luxury vibe without being too much. A selection of flexible content areas throughout, spaces for videos, a service list, testimonials and a booking form should be everything a hair salon needs.<\/p>\n<!-- \/wp:paragraph -->\n\n<!-- wp:heading -->\n<h2>Key features of the Hairdresser and Hair Salon template<\/h2>\n<!-- \/wp:heading -->\n\n<!-- wp:list -->\n<ul><li>Luxurious design with some very attractive elements<\/li><li>Fullscreen design that works perfectly on large and small screens<\/li><li>Space for product and service lists on homepage<\/li><li>Engaging images throughout<\/li><li>Full compatibility with leading page builders<\/li><\/ul>\n<!-- \/wp:list -->","post-excerpt":"Luxurious website template that could work for hairdressers and hair salons","pages":{"id-47567":{"title":"Home","featured-image-url":"https:\/\/websitedemos.net\/wp-content\/uploads\/2020\/09\/hair-salon-04-home.jpg","thumbnail-image-url":"https:\/\/websitedemos.net\/wp-content\/uploads\/2020\/09\/hair-salon-04-home.jpg","astra-page-api-url":"https:\/\/websitedemos.net\/hair-salon-04\/wp-json\/wp\/v2\/pages\/5","dynamic-page":"no","astra-page-url":"\/\/websitedemos.net\/hair-salon-04\/","astra-sites-tag":{"423":"home"},"site-pages-type":"agency-mini","site-pages-page-builder":"elementor","site-pages-category":[],"site-pages-parent-category":{"60":"business"},"required-plugins":[{"slug":"elementor","init":"elementor\/elementor.php","name":"Elementor"},{"slug":"header-footer-elementor","init":"header-footer-elementor\/header-footer-elementor.php","name":"Elementor Header & Footer Builder"}]},"id-47569":{"title":"Salons","featured-image-url":"https:\/\/websitedemos.net\/wp-content\/uploads\/2020\/09\/hair-salon-04-salon.jpg","thumbnail-image-url":"https:\/\/websitedemos.net\/wp-content\/uploads\/2020\/09\/hair-salon-04-salon.jpg","astra-page-api-url":"https:\/\/websitedemos.net\/hair-salon-04\/wp-json\/wp\/v2\/pages\/247","dynamic-page":"no","astra-page-url":"\/\/websitedemos.net\/hair-salon-04\/salons\/","astra-sites-tag":{"352":"about","905":"our-story","650":"salon"},"site-pages-type":"agency-mini","site-pages-page-builder":"elementor","site-pages-category":[],"site-pages-parent-category":{"60":"business"},"required-plugins":[{"slug":"elementor","init":"elementor\/elementor.php","name":"Elementor"},{"slug":"header-footer-elementor","init":"header-footer-elementor\/header-footer-elementor.php","name":"Elementor Header & Footer Builder"}]},"id-47570":{"title":"Services","featured-image-url":"https:\/\/websitedemos.net\/wp-content\/uploads\/2020\/09\/hair-salon-04-services.jpg","thumbnail-image-url":"https:\/\/websitedemos.net\/wp-content\/uploads\/2020\/09\/hair-salon-04-services.jpg","astra-page-api-url":"https:\/\/websitedemos.net\/hair-salon-04\/wp-json\/wp\/v2\/pages\/290","dynamic-page":"no","astra-page-url":"\/\/websitedemos.net\/hair-salon-04\/services\/","astra-sites-tag":{"425":"services"},"site-pages-type":"agency-mini","site-pages-page-builder":"elementor","site-pages-category":[],"site-pages-parent-category":{"60":"business"},"required-plugins":[{"slug":"elementor","init":"elementor\/elementor.php","name":"Elementor"},{"slug":"header-footer-elementor","init":"header-footer-elementor\/header-footer-elementor.php","name":"Elementor Header & Footer Builder"}]},"id-47568":{"title":"Reviews","featured-image-url":"https:\/\/websitedemos.net\/wp-content\/uploads\/2020\/09\/hair-salon-04-reviews.jpg","thumbnail-image-url":"https:\/\/websitedemos.net\/wp-content\/uploads\/2020\/09\/hair-salon-04-reviews.jpg","astra-page-api-url":"https:\/\/websitedemos.net\/hair-salon-04\/wp-json\/wp\/v2\/pages\/317","dynamic-page":"no","astra-page-url":"\/\/websitedemos.net\/hair-salon-04\/reviews\/","astra-sites-tag":{"1615":"reviews","433":"testimonials"},"site-pages-type":"agency-mini","site-pages-page-builder":"elementor","site-pages-category":[],"site-pages-parent-category":{"60":"business"},"required-plugins":[{"slug":"elementor","init":"elementor\/elementor.php","name":"Elementor"},{"slug":"header-footer-elementor","init":"header-footer-elementor\/header-footer-elementor.php","name":"Elementor Header & Footer Builder"}]},"id-47566":{"title":"Contact Us","featured-image-url":"https:\/\/websitedemos.net\/wp-content\/uploads\/2020\/09\/hair-salon-04-contact-us.jpg","thumbnail-image-url":"https:\/\/websitedemos.net\/wp-content\/uploads\/2020\/09\/hair-salon-04-contact-us.jpg","astra-page-api-url":"https:\/\/websitedemos.net\/hair-salon-04\/wp-json\/wp\/v2\/pages\/340","dynamic-page":"no","astra-page-url":"\/\/websitedemos.net\/hair-salon-04\/contact-us\/","astra-sites-tag":{"415":"contact"},"site-pages-type":"agency-mini","site-pages-page-builder":"elementor","site-pages-category":[],"site-pages-parent-category":{"60":"business"},"required-plugins":[{"slug":"elementor","init":"elementor\/elementor.php","name":"Elementor"},{"slug":"header-footer-elementor","init":"header-footer-elementor\/header-footer-elementor.php","name":"Elementor Header & Footer Builder"},{"slug":"wpforms-lite","init":"wpforms-lite\/wpforms.php","name":"WPForms Lite"}]}},"related-bb-template":"","related-elementor-template":"","related-gutenberg-template":"","related_ecommerce_template":"","ecommerce_parent_template":""},"id-54423":{"title":"Coffee Shop","id":54423,"publish-date":1621457260,"featured-image-url":"https:\/\/websitedemos.net\/wp-content\/uploads\/2021\/05\/coffee-shop-02.jpg","thumbnail-image-url":"https:\/\/websitedemos.net\/wp-content\/uploads\/2021\/05\/coffee-shop-02.jpg","fullpage-thumbnail-image-url":"https:\/\/websitedemos.net\/wp-content\/uploads\/2021\/05\/coffee-shop-02.jpg","astra-site-url":"\/\/websitedemos.net\/coffee-shop-02","astra-site-parent-id":2031,"astra-sites-tag":{"693":"cafe","2042":"cafe-bar","1527":"cafeteria","2043":"coffee-house","1575":"coffee-shop","3416":"elementor","399":"one-page","2421":"purchases","2417":"reseller","335":"restaurant","2041":"snack-bar"},"astra-sites-type":"free","astra-site-category":{"27":"business","39":"free"},"astra-sites-template-category":{"2777":"business","2785":"food","2771":"one-page","2776":"restaurant"},"astra-site-page-builder":"elementor","categories":{"3427":"default","3428":"free","2927":"one-page","2496":"restaurant-food"},"required-plugins":[{"slug":"elementor","init":"elementor\/elementor.php","name":"Elementor"},{"slug":"wpforms-lite","init":"wpforms-lite\/wpforms.php","name":"WPForms Lite"}],"post-status":"publish","post-content":"<!-- wp:paragraph -->\n<p>The Coffee Shop template is a smart modern design with a fullscreen image on the homepage that instantly communicates what the page is about. The rest of the design opens into alternating image and white backgrounds featuring content and product areas ideal for coffee shops.<\/p>\n<!-- \/wp:paragraph -->\n\n<!-- wp:paragraph -->\n<p>The rest of the template has a similarly pleasing design with customizable content areas, lots of space for images, a menu, testimonials and all the other elements a business website needs.<\/p>\n<!-- \/wp:paragraph -->\n\n<!-- wp:heading {\"UAGDay\":[]} -->\n<h2 class=\"wp-block-heading\">Key features of the Coffee Shop template<\/h2>\n<!-- \/wp:heading -->\n\n<!-- wp:list -->\n<ul><!-- wp:list-item -->\n<li>Smart modern design ideal for cafes and coffee shops<\/li>\n<!-- \/wp:list-item -->\n\n<!-- wp:list-item -->\n<li>Great balance of color, images and whitespace<\/li>\n<!-- \/wp:list-item -->\n\n<!-- wp:list-item -->\n<li>Simple but effective extra pages<\/li>\n<!-- \/wp:list-item -->\n\n<!-- wp:list-item -->\n<li>Can work with WooCommerce for online sales<\/li>\n<!-- \/wp:list-item -->\n\n<!-- wp:list-item -->\n<li>Full compatibility with leading page builders<\/li>\n<!-- \/wp:list-item --><\/ul>\n<!-- \/wp:list -->","post-excerpt":"Modern coffee shop template ideal for cafes, bistros and other businesses","pages":{"id-54424":{"title":"Home","featured-image-url":"https:\/\/websitedemos.net\/wp-content\/uploads\/2021\/05\/coffee-shop-02.jpg","thumbnail-image-url":"https:\/\/websitedemos.net\/wp-content\/uploads\/2021\/05\/coffee-shop-02.jpg","astra-page-api-url":"https:\/\/websitedemos.net\/coffee-shop-02\/wp-json\/wp\/v2\/pages\/5","dynamic-page":"no","astra-page-url":"\/\/websitedemos.net\/coffee-shop-02\/","astra-sites-tag":{"423":"home","399":"one-page","463":"single-page"},"site-pages-type":"free","site-pages-page-builder":"elementor","site-pages-category":[],"site-pages-parent-category":{"60":"business","61":"free"},"required-plugins":[{"slug":"elementor","init":"elementor\/elementor.php","name":"Elementor"},{"slug":"wpforms-lite","init":"wpforms-lite\/wpforms.php","name":"WPForms Lite"}]}},"related-bb-template":"","related-elementor-template":49457,"related-gutenberg-template":54442,"related_ecommerce_template":"","ecommerce_parent_template":""}}