{"id-74936":{"title":"Advertising Agency","id":74936,"publish-date":1689332926,"featured-image-url":"https:\/\/websitedemos.net\/wp-content\/uploads\/2023\/07\/advertising-agency-07.jpg","thumbnail-image-url":"https:\/\/websitedemos.net\/wp-content\/uploads\/2023\/07\/advertising-agency-07-600x3071.jpg","fullpage-thumbnail-image-url":"https:\/\/websitedemos.net\/wp-content\/uploads\/2023\/07\/advertising-agency-07-400x2047.jpg","astra-site-url":"\/\/websitedemos.net\/advertising-agency-07","astra-site-parent-id":3327,"astra-sites-tag":{"1587":"advertising-agency","2232":"advertising-company","2229":"advertising-firm","663":"agency","979":"company","1588":"marketing-agency","2233":"marketing-company","2228":"marketing-firm","2237":"media-agency","2230":"press-agency","2227":"promotion-firm","2231":"publicity-firm","2234":"publicity-services"},"astra-sites-type":"premium","astra-site-category":{"27":"business"},"astra-sites-template-category":{"2777":"business","2812":"digital-agency","2796":"digital-marketing","2768":"portfolio"},"astra-site-page-builder":"gutenberg","categories":{"2487":"agency"},"required-plugins":[{"slug":"ultimate-addons-for-gutenberg","init":"ultimate-addons-for-gutenberg\/ultimate-addons-for-gutenberg.php","name":"Spectra"}],"post-status":"publish","post-content":"","post-excerpt":"","pages":{"id-74939":{"title":"Home","featured-image-url":"https:\/\/websitedemos.net\/wp-content\/uploads\/2023\/07\/advertising-agency-07.jpg","thumbnail-image-url":"https:\/\/websitedemos.net\/wp-content\/uploads\/2023\/07\/advertising-agency-07-600x3071.jpg","astra-page-api-url":"https:\/\/websitedemos.net\/advertising-agency-07\/wp-json\/wp\/v2\/pages\/7","dynamic-page":"no","astra-page-url":"\/\/websitedemos.net\/advertising-agency-07\/","astra-sites-tag":{"423":"home"},"site-pages-type":"premium","site-pages-page-builder":"gutenberg","site-pages-category":[],"site-pages-parent-category":{"60":"business"},"required-plugins":[{"slug":"ultimate-addons-for-gutenberg","init":"ultimate-addons-for-gutenberg\/ultimate-addons-for-gutenberg.php","name":"Spectra"}]},"id-74940":{"title":"Portfolio","featured-image-url":"https:\/\/websitedemos.net\/wp-content\/uploads\/2023\/07\/advertising-agency-07-portfolio.jpg","thumbnail-image-url":"https:\/\/websitedemos.net\/wp-content\/uploads\/2023\/07\/advertising-agency-07-portfolio-600x1391.jpg","astra-page-api-url":"https:\/\/websitedemos.net\/advertising-agency-07\/wp-json\/wp\/v2\/pages\/10","dynamic-page":"no","astra-page-url":"\/\/websitedemos.net\/advertising-agency-07\/portfolio\/","astra-sites-tag":{"444":"portfolio"},"site-pages-type":"premium","site-pages-page-builder":"gutenberg","site-pages-category":[],"site-pages-parent-category":{"60":"business"},"required-plugins":[{"slug":"ultimate-addons-for-gutenberg","init":"ultimate-addons-for-gutenberg\/ultimate-addons-for-gutenberg.php","name":"Spectra"}]},"id-74937":{"title":"About","featured-image-url":"https:\/\/websitedemos.net\/wp-content\/uploads\/2023\/07\/advertising-agency-07-about.jpg","thumbnail-image-url":"https:\/\/websitedemos.net\/wp-content\/uploads\/2023\/07\/advertising-agency-07-about-600x1644.jpg","astra-page-api-url":"https:\/\/websitedemos.net\/advertising-agency-07\/wp-json\/wp\/v2\/pages\/8","dynamic-page":"no","astra-page-url":"\/\/websitedemos.net\/advertising-agency-07\/about\/","astra-sites-tag":{"352":"about"},"site-pages-type":"premium","site-pages-page-builder":"gutenberg","site-pages-category":[],"site-pages-parent-category":{"60":"business"},"required-plugins":[{"slug":"ultimate-addons-for-gutenberg","init":"ultimate-addons-for-gutenberg\/ultimate-addons-for-gutenberg.php","name":"Spectra"}]},"id-74938":{"title":"Contact","featured-image-url":"https:\/\/websitedemos.net\/wp-content\/uploads\/2023\/07\/advertising-agency-07-contact.jpg","thumbnail-image-url":"https:\/\/websitedemos.net\/wp-content\/uploads\/2023\/07\/advertising-agency-07-contact-600x1328.jpg","astra-page-api-url":"https:\/\/websitedemos.net\/advertising-agency-07\/wp-json\/wp\/v2\/pages\/11","dynamic-page":"no","astra-page-url":"\/\/websitedemos.net\/advertising-agency-07\/contact\/","astra-sites-tag":{"415":"contact"},"site-pages-type":"premium","site-pages-page-builder":"gutenberg","site-pages-category":[],"site-pages-parent-category":{"60":"business"},"required-plugins":[{"slug":"ultimate-addons-for-gutenberg","init":"ultimate-addons-for-gutenberg\/ultimate-addons-for-gutenberg.php","name":"Spectra"}]},"id-74941":{"title":"Services","featured-image-url":"https:\/\/websitedemos.net\/wp-content\/uploads\/2023\/07\/advertising-agency-07-services.jpg","thumbnail-image-url":"https:\/\/websitedemos.net\/wp-content\/uploads\/2023\/07\/advertising-agency-07-services-600x1799.jpg","astra-page-api-url":"https:\/\/websitedemos.net\/advertising-agency-07\/wp-json\/wp\/v2\/pages\/9","dynamic-page":"no","astra-page-url":"\/\/websitedemos.net\/advertising-agency-07\/services\/","astra-sites-tag":{"425":"services"},"site-pages-type":"premium","site-pages-page-builder":"gutenberg","site-pages-category":[],"site-pages-parent-category":{"60":"business"},"required-plugins":[{"slug":"ultimate-addons-for-gutenberg","init":"ultimate-addons-for-gutenberg\/ultimate-addons-for-gutenberg.php","name":"Spectra"}]}},"related-bb-template":"","related-elementor-template":"","related-gutenberg-template":"","related_ecommerce_template":"","ecommerce_parent_template":""},"id-70993":{"title":"Fashion Lifestyle Blog","id":70993,"publish-date":1671645110,"featured-image-url":"https:\/\/websitedemos.net\/wp-content\/uploads\/2022\/12\/fashion-lifestyles-08.jpg","thumbnail-image-url":"https:\/\/websitedemos.net\/wp-content\/uploads\/2022\/12\/fashion-lifestyles-08-600x2441.jpg","fullpage-thumbnail-image-url":"https:\/\/websitedemos.net\/wp-content\/uploads\/2022\/12\/fashion-lifestyles-08-400x1627.jpg","astra-site-url":"\/\/websitedemos.net\/fashion-lifestyle-08","astra-site-parent-id":3049,"astra-sites-tag":{"480":"blog","482":"fashion","479":"lifestyle","1020":"personal","483":"styling-shopping","481":"trend"},"astra-sites-type":"free","astra-site-category":{"37":"blog","39":"free"},"astra-sites-template-category":{"2790":"beauty-fashion","2828":"blog","2794":"consulting"},"astra-site-page-builder":"gutenberg","categories":{"2497":"blog"},"required-plugins":[{"slug":"ultimate-addons-for-gutenberg","init":"ultimate-addons-for-gutenberg\/ultimate-addons-for-gutenberg.php","name":"Spectra"}],"post-status":"publish","post-content":"","post-excerpt":"","pages":{"id-75589":{"title":"Blog","featured-image-url":"https:\/\/websitedemos.net\/wp-content\/uploads\/2023\/08\/fashion-lifestyles-08-blog.jpg","thumbnail-image-url":"https:\/\/websitedemos.net\/wp-content\/uploads\/2023\/08\/fashion-lifestyles-08-blog-600x1529.jpg","astra-page-api-url":"https:\/\/websitedemos.net\/fashion-lifestyle-08\/wp-json\/wp\/v2\/pages\/583","dynamic-page":"no","astra-page-url":"\/\/websitedemos.net\/fashion-lifestyle-08\/blog\/","astra-sites-tag":{"480":"blog"},"site-pages-type":"free","site-pages-page-builder":"gutenberg","site-pages-category":[],"site-pages-parent-category":{"74":"blog","61":"free"},"required-plugins":[{"slug":"ultimate-addons-for-gutenberg","init":"ultimate-addons-for-gutenberg\/ultimate-addons-for-gutenberg.php","name":"Spectra"}]},"id-70994":{"title":"Contact","featured-image-url":"https:\/\/websitedemos.net\/wp-content\/uploads\/2023\/08\/fashion-lifestyles-08-contact.jpg","thumbnail-image-url":"https:\/\/websitedemos.net\/wp-content\/uploads\/2023\/08\/fashion-lifestyles-08-contact-600x757.jpg","astra-page-api-url":"https:\/\/websitedemos.net\/fashion-lifestyle-08\/wp-json\/wp\/v2\/pages\/10","dynamic-page":"no","astra-page-url":"\/\/websitedemos.net\/fashion-lifestyle-08\/contact\/","astra-sites-tag":{"415":"contact"},"site-pages-type":"free","site-pages-page-builder":"gutenberg","site-pages-category":[],"site-pages-parent-category":{"74":"blog","61":"free"},"required-plugins":[{"slug":"ultimate-addons-for-gutenberg","init":"ultimate-addons-for-gutenberg\/ultimate-addons-for-gutenberg.php","name":"Spectra"}]},"id-70995":{"title":"Home","featured-image-url":"https:\/\/websitedemos.net\/wp-content\/uploads\/2022\/12\/fashion-lifestyles-08.jpg","thumbnail-image-url":"https:\/\/websitedemos.net\/wp-content\/uploads\/2022\/12\/fashion-lifestyles-08-600x2441.jpg","astra-page-api-url":"https:\/\/websitedemos.net\/fashion-lifestyle-08\/wp-json\/wp\/v2\/pages\/2150","dynamic-page":"no","astra-page-url":"\/\/websitedemos.net\/fashion-lifestyle-08\/","astra-sites-tag":{"423":"home"},"site-pages-type":"free","site-pages-page-builder":"gutenberg","site-pages-category":[],"site-pages-parent-category":{"74":"blog","61":"free"},"required-plugins":[{"slug":"ultimate-addons-for-gutenberg","init":"ultimate-addons-for-gutenberg\/ultimate-addons-for-gutenberg.php","name":"Spectra"}]}},"related-bb-template":"","related-elementor-template":"","related-gutenberg-template":"","related_ecommerce_template":"","ecommerce_parent_template":""},"id-74919":{"title":"Homestay","id":74919,"publish-date":1689278588,"featured-image-url":"https:\/\/websitedemos.net\/wp-content\/uploads\/2023\/07\/homestay-07.jpg","thumbnail-image-url":"https:\/\/websitedemos.net\/wp-content\/uploads\/2023\/07\/homestay-07-600x2677.jpg","fullpage-thumbnail-image-url":"https:\/\/websitedemos.net\/wp-content\/uploads\/2023\/07\/homestay-07-400x1784.jpg","astra-site-url":"\/\/websitedemos.net\/homestay-07","astra-site-parent-id":3326,"astra-sites-tag":{"2193":"apartments","2192":"bb","2202":"bed-and-breakfast","2191":"budget-stay","2189":"guest-house","2188":"home-stay","2194":"hostels","350":"hotel","712":"lodge","2190":"lodging-house","2195":"stay"},"astra-sites-type":"premium","astra-site-category":{"27":"business"},"astra-sites-template-category":{"2777":"business","2788":"hotel-bnb","2775":"travel-tourism"},"astra-site-page-builder":"gutenberg","categories":{"2498":"hotel-travel"},"required-plugins":[{"slug":"ultimate-addons-for-gutenberg","init":"ultimate-addons-for-gutenberg\/ultimate-addons-for-gutenberg.php","name":"Spectra"}],"post-status":"publish","post-content":"","post-excerpt":"","pages":{"id-74921":{"title":"Amenities","featured-image-url":"https:\/\/websitedemos.net\/wp-content\/uploads\/2023\/07\/homestay-07-amenities.jpg","thumbnail-image-url":"https:\/\/websitedemos.net\/wp-content\/uploads\/2023\/07\/homestay-07-amenities-600x1737.jpg","astra-page-api-url":"https:\/\/websitedemos.net\/homestay-07\/wp-json\/wp\/v2\/pages\/291","dynamic-page":"no","astra-page-url":"\/\/websitedemos.net\/homestay-07\/amenities\/","astra-sites-tag":{"777":"amenities"},"site-pages-type":"premium","site-pages-page-builder":"gutenberg","site-pages-category":[],"site-pages-parent-category":{"60":"business"},"required-plugins":[{"slug":"ultimate-addons-for-gutenberg","init":"ultimate-addons-for-gutenberg\/ultimate-addons-for-gutenberg.php","name":"Spectra"}]},"id-74922":{"title":"Contact","featured-image-url":"https:\/\/websitedemos.net\/wp-content\/uploads\/2023\/07\/homestay-07-contact.jpg","thumbnail-image-url":"https:\/\/websitedemos.net\/wp-content\/uploads\/2023\/07\/homestay-07-contact-600x1167.jpg","astra-page-api-url":"https:\/\/websitedemos.net\/homestay-07\/wp-json\/wp\/v2\/pages\/296","dynamic-page":"no","astra-page-url":"\/\/websitedemos.net\/homestay-07\/contact\/","astra-sites-tag":{"415":"contact"},"site-pages-type":"premium","site-pages-page-builder":"gutenberg","site-pages-category":[],"site-pages-parent-category":{"60":"business"},"required-plugins":[{"slug":"ultimate-addons-for-gutenberg","init":"ultimate-addons-for-gutenberg\/ultimate-addons-for-gutenberg.php","name":"Spectra"}]},"id-74923":{"title":"Home","featured-image-url":"https:\/\/websitedemos.net\/wp-content\/uploads\/2023\/07\/homestay-07.jpg","thumbnail-image-url":"https:\/\/websitedemos.net\/wp-content\/uploads\/2023\/07\/homestay-07-600x2677.jpg","astra-page-api-url":"https:\/\/websitedemos.net\/homestay-07\/wp-json\/wp\/v2\/pages\/282","dynamic-page":"no","astra-page-url":"\/\/websitedemos.net\/homestay-07\/","astra-sites-tag":{"423":"home"},"site-pages-type":"premium","site-pages-page-builder":"gutenberg","site-pages-category":[],"site-pages-parent-category":{"60":"business"},"required-plugins":[{"slug":"ultimate-addons-for-gutenberg","init":"ultimate-addons-for-gutenberg\/ultimate-addons-for-gutenberg.php","name":"Spectra"}]},"id-74920":{"title":"About","featured-image-url":"https:\/\/websitedemos.net\/wp-content\/uploads\/2023\/07\/homestay-07-about.jpg","thumbnail-image-url":"https:\/\/websitedemos.net\/wp-content\/uploads\/2023\/07\/homestay-07-about-600x1482.jpg","astra-page-api-url":"https:\/\/websitedemos.net\/homestay-07\/wp-json\/wp\/v2\/pages\/293","dynamic-page":"no","astra-page-url":"\/\/websitedemos.net\/homestay-07\/about\/","astra-sites-tag":{"352":"about"},"site-pages-type":"premium","site-pages-page-builder":"gutenberg","site-pages-category":[],"site-pages-parent-category":{"60":"business"},"required-plugins":[{"slug":"ultimate-addons-for-gutenberg","init":"ultimate-addons-for-gutenberg\/ultimate-addons-for-gutenberg.php","name":"Spectra"}]},"id-74924":{"title":"Rooms","featured-image-url":"https:\/\/websitedemos.net\/wp-content\/uploads\/2023\/07\/homestay-07-rooms.jpg","thumbnail-image-url":"https:\/\/websitedemos.net\/wp-content\/uploads\/2023\/07\/homestay-07-rooms-600x1737.jpg","astra-page-api-url":"https:\/\/websitedemos.net\/homestay-07\/wp-json\/wp\/v2\/pages\/287","dynamic-page":"no","astra-page-url":"\/\/websitedemos.net\/homestay-07\/rooms\/","astra-sites-tag":{"715":"rooms"},"site-pages-type":"premium","site-pages-page-builder":"gutenberg","site-pages-category":[],"site-pages-parent-category":{"60":"business"},"required-plugins":[{"slug":"ultimate-addons-for-gutenberg","init":"ultimate-addons-for-gutenberg\/ultimate-addons-for-gutenberg.php","name":"Spectra"}]}},"related-bb-template":"","related-elementor-template":"","related-gutenberg-template":"","related_ecommerce_template":"","ecommerce_parent_template":""},"id-70987":{"title":"Webinar","id":70987,"publish-date":1671644202,"featured-image-url":"https:\/\/websitedemos.net\/wp-content\/uploads\/2022\/12\/webinar-08.jpg","thumbnail-image-url":"https:\/\/websitedemos.net\/wp-content\/uploads\/2022\/12\/webinar-08-600x2107.jpg","fullpage-thumbnail-image-url":"https:\/\/websitedemos.net\/wp-content\/uploads\/2022\/12\/webinar-08-400x1405.jpg","astra-site-url":"\/\/websitedemos.net\/webinar-08","astra-site-parent-id":3043,"astra-sites-tag":{"850":"landing-page","1892":"webinar","1894":"webinar-registration-page"},"astra-sites-type":"free","astra-site-category":{"27":"business","39":"free"},"astra-sites-template-category":{"2777":"business","2811":"conference","2784":"event","2863":"landing-page","2771":"one-page","2801":"video","2870":"vlog"},"astra-site-page-builder":"gutenberg","categories":{"2489":"event-invitation","2927":"one-page"},"required-plugins":[{"slug":"ultimate-addons-for-gutenberg","init":"ultimate-addons-for-gutenberg\/ultimate-addons-for-gutenberg.php","name":"Spectra"}],"post-status":"publish","post-content":"","post-excerpt":"","pages":{"id-70988":{"title":"Home","featured-image-url":"https:\/\/websitedemos.net\/wp-content\/uploads\/2022\/12\/webinar-08.jpg","thumbnail-image-url":"https:\/\/websitedemos.net\/wp-content\/uploads\/2022\/12\/webinar-08-600x2107.jpg","astra-page-api-url":"https:\/\/websitedemos.net\/webinar-08\/wp-json\/wp\/v2\/pages\/592","dynamic-page":"no","astra-page-url":"\/\/websitedemos.net\/webinar-08\/","astra-sites-tag":{"423":"home"},"site-pages-type":"free","site-pages-page-builder":"gutenberg","site-pages-category":[],"site-pages-parent-category":{"60":"business","61":"free"},"required-plugins":[{"slug":"ultimate-addons-for-gutenberg","init":"ultimate-addons-for-gutenberg\/ultimate-addons-for-gutenberg.php","name":"Spectra"}]}},"related-bb-template":"","related-elementor-template":"","related-gutenberg-template":"","related_ecommerce_template":"","ecommerce_parent_template":""},"id-74973":{"title":"Pub &amp; Lounge","id":74973,"publish-date":1689260060,"featured-image-url":"https:\/\/websitedemos.net\/wp-content\/uploads\/2023\/07\/pub-and-lounge-07.jpg","thumbnail-image-url":"https:\/\/websitedemos.net\/wp-content\/uploads\/2023\/07\/pub-and-lounge-07-600x2878.jpg","fullpage-thumbnail-image-url":"https:\/\/websitedemos.net\/wp-content\/uploads\/2023\/07\/pub-and-lounge-07-400x1919.jpg","astra-site-url":"\/\/websitedemos.net\/pub-and-lounge-07","astra-site-parent-id":3335,"astra-sites-tag":{"2009":"bar-room","2007":"barbeque-restaurant","2010":"beer-bar","1988":"beer-joint","562":"bistro","635":"brewery","1989":"cocktail-lounge","882":"drinks","350":"hotel","657":"lounge","1983":"pub","2008":"pub-and-bar","335":"restaurant"},"astra-sites-type":"premium","astra-site-category":{"27":"business"},"astra-sites-template-category":{"2769":"ecommerce","2785":"food","2776":"restaurant","2813":"winery"},"astra-site-page-builder":"gutenberg","categories":{"2496":"restaurant-food"},"required-plugins":[{"slug":"ultimate-addons-for-gutenberg","init":"ultimate-addons-for-gutenberg\/ultimate-addons-for-gutenberg.php","name":"Spectra"}],"post-status":"publish","post-content":"","post-excerpt":"","pages":{"id-74974":{"title":"About","featured-image-url":"https:\/\/websitedemos.net\/wp-content\/uploads\/2023\/07\/pub-and-lounge-07-about.jpg","thumbnail-image-url":"https:\/\/websitedemos.net\/wp-content\/uploads\/2023\/07\/pub-and-lounge-07-about-600x1610.jpg","astra-page-api-url":"https:\/\/websitedemos.net\/pub-and-lounge-07\/wp-json\/wp\/v2\/pages\/836","dynamic-page":"no","astra-page-url":"\/\/websitedemos.net\/pub-and-lounge-07\/about\/","astra-sites-tag":{"352":"about"},"site-pages-type":"premium","site-pages-page-builder":"gutenberg","site-pages-category":[],"site-pages-parent-category":{"60":"business"},"required-plugins":[{"slug":"ultimate-addons-for-gutenberg","init":"ultimate-addons-for-gutenberg\/ultimate-addons-for-gutenberg.php","name":"Spectra"}]},"id-74976":{"title":"Home","featured-image-url":"https:\/\/websitedemos.net\/wp-content\/uploads\/2023\/07\/pub-and-lounge-07.jpg","thumbnail-image-url":"https:\/\/websitedemos.net\/wp-content\/uploads\/2023\/07\/pub-and-lounge-07-600x2878.jpg","astra-page-api-url":"https:\/\/websitedemos.net\/pub-and-lounge-07\/wp-json\/wp\/v2\/pages\/835","dynamic-page":"no","astra-page-url":"\/\/websitedemos.net\/pub-and-lounge-07\/","astra-sites-tag":{"423":"home"},"site-pages-type":"premium","site-pages-page-builder":"gutenberg","site-pages-category":[],"site-pages-parent-category":{"60":"business"},"required-plugins":[{"slug":"ultimate-addons-for-gutenberg","init":"ultimate-addons-for-gutenberg\/ultimate-addons-for-gutenberg.php","name":"Spectra"}]},"id-74975":{"title":"Contact","featured-image-url":"https:\/\/websitedemos.net\/wp-content\/uploads\/2023\/07\/pub-and-lounge-07-contact.jpg","thumbnail-image-url":"https:\/\/websitedemos.net\/wp-content\/uploads\/2023\/07\/pub-and-lounge-07-contact-600x884.jpg","astra-page-api-url":"https:\/\/websitedemos.net\/pub-and-lounge-07\/wp-json\/wp\/v2\/pages\/838","dynamic-page":"no","astra-page-url":"\/\/websitedemos.net\/pub-and-lounge-07\/contact\/","astra-sites-tag":{"415":"contact"},"site-pages-type":"premium","site-pages-page-builder":"gutenberg","site-pages-category":[],"site-pages-parent-category":{"60":"business"},"required-plugins":[{"slug":"ultimate-addons-for-gutenberg","init":"ultimate-addons-for-gutenberg\/ultimate-addons-for-gutenberg.php","name":"Spectra"}]},"id-74977":{"title":"Menus","featured-image-url":"https:\/\/websitedemos.net\/wp-content\/uploads\/2023\/07\/pub-and-lounge-07-menu.jpg","thumbnail-image-url":"https:\/\/websitedemos.net\/wp-content\/uploads\/2023\/07\/pub-and-lounge-07-menu-600x1723.jpg","astra-page-api-url":"https:\/\/websitedemos.net\/pub-and-lounge-07\/wp-json\/wp\/v2\/pages\/837","dynamic-page":"no","astra-page-url":"\/\/websitedemos.net\/pub-and-lounge-07\/menus\/","astra-sites-tag":{"565":"menu"},"site-pages-type":"premium","site-pages-page-builder":"gutenberg","site-pages-category":[],"site-pages-parent-category":{"60":"business"},"required-plugins":[{"slug":"ultimate-addons-for-gutenberg","init":"ultimate-addons-for-gutenberg\/ultimate-addons-for-gutenberg.php","name":"Spectra"}]}},"related-bb-template":"","related-elementor-template":"","related-gutenberg-template":"","related_ecommerce_template":"","ecommerce_parent_template":""},"id-70969":{"title":"Locksmith","id":70969,"publish-date":1671619748,"featured-image-url":"https:\/\/websitedemos.net\/wp-content\/uploads\/2022\/12\/locksmith-08.jpg","thumbnail-image-url":"https:\/\/websitedemos.net\/wp-content\/uploads\/2022\/12\/locksmith-08-600x3725.jpg","fullpage-thumbnail-image-url":"https:\/\/websitedemos.net\/wp-content\/uploads\/2022\/12\/locksmith-08-400x2483.jpg","astra-site-url":"\/\/websitedemos.net\/locksmith-08","astra-site-parent-id":3033,"astra-sites-tag":{"3042":"keycutting","3035":"keys","3040":"lock","3034":"locks","2430":"locksmith","3039":"locksmithing","3036":"locksmithservice","3038":"locksmithservices","3041":"lostkey","3037":"security"},"astra-sites-type":"free","astra-site-category":{"27":"business","39":"free"},"astra-sites-template-category":{"2777":"business","2863":"landing-page"},"astra-site-page-builder":"gutenberg","categories":{"2483":"expert-services","2471":"local-technician","2927":"one-page"},"required-plugins":[{"slug":"ultimate-addons-for-gutenberg","init":"ultimate-addons-for-gutenberg\/ultimate-addons-for-gutenberg.php","name":"Spectra"}],"post-status":"publish","post-content":"","post-excerpt":"","pages":{"id-70970":{"title":"Home","featured-image-url":"https:\/\/websitedemos.net\/wp-content\/uploads\/2022\/12\/locksmith-08.jpg","thumbnail-image-url":"https:\/\/websitedemos.net\/wp-content\/uploads\/2022\/12\/locksmith-08-600x3725.jpg","astra-page-api-url":"https:\/\/websitedemos.net\/locksmith-08\/wp-json\/wp\/v2\/pages\/10","dynamic-page":"no","astra-page-url":"\/\/websitedemos.net\/locksmith-08\/","astra-sites-tag":{"423":"home"},"site-pages-type":"free","site-pages-page-builder":"gutenberg","site-pages-category":[],"site-pages-parent-category":{"60":"business","61":"free"},"required-plugins":[{"slug":"ultimate-addons-for-gutenberg","init":"ultimate-addons-for-gutenberg\/ultimate-addons-for-gutenberg.php","name":"Spectra"},{"slug":"wpforms-lite","init":"wpforms-lite\/wpforms.php","name":"WPForms Lite"}]},"id-70972":{"title":"Home","featured-image-url":"","thumbnail-image-url":"","astra-page-api-url":"https:\/\/websitedemos.net\/locksmith-08\/wp-json\/wp\/v2\/pages\/10","dynamic-page":"no","astra-page-url":"\/\/websitedemos.net\/locksmith-08\/","astra-sites-tag":[],"site-pages-type":"free","site-pages-page-builder":"gutenberg","site-pages-category":[],"site-pages-parent-category":{"60":"business","61":"free"},"required-plugins":[{"slug":"ultimate-addons-for-gutenberg","init":"ultimate-addons-for-gutenberg\/ultimate-addons-for-gutenberg.php","name":"Spectra"}]}},"related-bb-template":"","related-elementor-template":"","related-gutenberg-template":"","related_ecommerce_template":"","ecommerce_parent_template":""},"id-74882":{"title":"Digital Agency FSE","id":74882,"publish-date":1689181466,"featured-image-url":"https:\/\/websitedemos.net\/wp-content\/uploads\/2023\/07\/digitals-agency-fse.jpg","thumbnail-image-url":"https:\/\/websitedemos.net\/wp-content\/uploads\/2023\/07\/digitals-agency-fse-600x2526.jpg","fullpage-thumbnail-image-url":"https:\/\/websitedemos.net\/wp-content\/uploads\/2023\/07\/digitals-agency-fse-400x1684.jpg","astra-site-url":"\/\/websitedemos.net\/digital-agency-fse","astra-site-parent-id":3324,"astra-sites-tag":{"1587":"advertising-agency","663":"agency","2050":"business-consulting-company","2037":"design-agency","2048":"design-studio","2039":"digital-agency","2036":"digital-marketing-firm","2040":"firm","2049":"graphic-design-studio","2038":"it-services","1588":"marketing-agency","2035":"marketing-services","1762":"software-company"},"astra-sites-type":"free","astra-site-category":{"27":"business","39":"free"},"astra-sites-template-category":{"2777":"business","2812":"digital-agency","2796":"digital-marketing","2831":"service","2779":"software-company"},"astra-site-page-builder":"fse","categories":{"2487":"agency"},"required-plugins":[{"slug":"ultimate-addons-for-gutenberg","init":"ultimate-addons-for-gutenberg\/ultimate-addons-for-gutenberg.php","name":"Spectra"}],"post-status":"publish","post-content":"","post-excerpt":"","pages":{"id-74883":{"title":"About","featured-image-url":"https:\/\/websitedemos.net\/wp-content\/uploads\/2023\/07\/digitals-agency-fse-about.jpg","thumbnail-image-url":"https:\/\/websitedemos.net\/wp-content\/uploads\/2023\/07\/digitals-agency-fse-about-600x1514.jpg","astra-page-api-url":"https:\/\/websitedemos.net\/digital-agency-fse\/wp-json\/wp\/v2\/pages\/287","dynamic-page":"no","astra-page-url":"\/\/websitedemos.net\/digital-agency-fse\/about\/","astra-sites-tag":{"352":"about"},"site-pages-type":"free","site-pages-page-builder":"gutenberg","site-pages-category":[],"site-pages-parent-category":{"60":"business","61":"free"},"required-plugins":[{"slug":"ultimate-addons-for-gutenberg","init":"ultimate-addons-for-gutenberg\/ultimate-addons-for-gutenberg.php","name":"Spectra"}]},"id-74884":{"title":"Contact","featured-image-url":"https:\/\/websitedemos.net\/wp-content\/uploads\/2023\/07\/digitals-agency-fse-contact.jpg","thumbnail-image-url":"https:\/\/websitedemos.net\/wp-content\/uploads\/2023\/07\/digitals-agency-fse-contact-600x948.jpg","astra-page-api-url":"https:\/\/websitedemos.net\/digital-agency-fse\/wp-json\/wp\/v2\/pages\/289","dynamic-page":"no","astra-page-url":"\/\/websitedemos.net\/digital-agency-fse\/contact\/","astra-sites-tag":{"415":"contact"},"site-pages-type":"free","site-pages-page-builder":"gutenberg","site-pages-category":[],"site-pages-parent-category":{"60":"business","61":"free"},"required-plugins":[{"slug":"ultimate-addons-for-gutenberg","init":"ultimate-addons-for-gutenberg\/ultimate-addons-for-gutenberg.php","name":"Spectra"}]},"id-74885":{"title":"Home","featured-image-url":"https:\/\/websitedemos.net\/wp-content\/uploads\/2023\/07\/digitals-agency-fse.jpg","thumbnail-image-url":"https:\/\/websitedemos.net\/wp-content\/uploads\/2023\/07\/digitals-agency-fse-600x2526.jpg","astra-page-api-url":"https:\/\/websitedemos.net\/digital-agency-fse\/wp-json\/wp\/v2\/pages\/282","dynamic-page":"no","astra-page-url":"\/\/websitedemos.net\/digital-agency-fse\/","astra-sites-tag":{"423":"home"},"site-pages-type":"free","site-pages-page-builder":"gutenberg","site-pages-category":[],"site-pages-parent-category":{"60":"business","61":"free"},"required-plugins":[{"slug":"ultimate-addons-for-gutenberg","init":"ultimate-addons-for-gutenberg\/ultimate-addons-for-gutenberg.php","name":"Spectra"}]},"id-74886":{"title":"Services","featured-image-url":"https:\/\/websitedemos.net\/wp-content\/uploads\/2023\/07\/digitals-agency-fse-services.jpg","thumbnail-image-url":"https:\/\/websitedemos.net\/wp-content\/uploads\/2023\/07\/digitals-agency-fse-services-600x1299.jpg","astra-page-api-url":"https:\/\/websitedemos.net\/digital-agency-fse\/wp-json\/wp\/v2\/pages\/285","dynamic-page":"no","astra-page-url":"\/\/websitedemos.net\/digital-agency-fse\/services\/","astra-sites-tag":{"425":"services"},"site-pages-type":"free","site-pages-page-builder":"gutenberg","site-pages-category":[],"site-pages-parent-category":{"60":"business","61":"free"},"required-plugins":[{"slug":"ultimate-addons-for-gutenberg","init":"ultimate-addons-for-gutenberg\/ultimate-addons-for-gutenberg.php","name":"Spectra"}]}},"related-bb-template":"","related-elementor-template":"","related-gutenberg-template":"","related_ecommerce_template":"","ecommerce_parent_template":""},"id-74833":{"title":"Mountain FSE","id":74833,"publish-date":1689100813,"featured-image-url":"https:\/\/websitedemos.net\/wp-content\/uploads\/2023\/07\/mountain-fse.jpg","thumbnail-image-url":"https:\/\/websitedemos.net\/wp-content\/uploads\/2023\/07\/mountain-fse-600x1583.jpg","fullpage-thumbnail-image-url":"https:\/\/websitedemos.net\/wp-content\/uploads\/2023\/07\/mountain-fse-400x1055.jpg","astra-site-url":"\/\/websitedemos.net\/mountain-fse","astra-site-parent-id":3321,"astra-sites-tag":{"1525":"mountain","1526":"multi-purpose","535":"nature"},"astra-sites-type":"free","astra-site-category":{"27":"business","39":"free"},"astra-sites-template-category":{"2777":"business","2860":"multipurpose","2830":"nature","2831":"service","2797":"simple-minimal"},"astra-site-page-builder":"fse","categories":{"2500":"multipurpose"},"required-plugins":[{"slug":"ultimate-addons-for-gutenberg","init":"ultimate-addons-for-gutenberg\/ultimate-addons-for-gutenberg.php","name":"Spectra"}],"post-status":"publish","post-content":"","post-excerpt":"","pages":{"id-74836":{"title":"Home","featured-image-url":"https:\/\/websitedemos.net\/wp-content\/uploads\/2023\/07\/mountain-fse.jpg","thumbnail-image-url":"https:\/\/websitedemos.net\/wp-content\/uploads\/2023\/07\/mountain-fse-600x1583.jpg","astra-page-api-url":"https:\/\/websitedemos.net\/mountain-fse\/wp-json\/wp\/v2\/pages\/282","dynamic-page":"no","astra-page-url":"\/\/websitedemos.net\/mountain-fse\/","astra-sites-tag":{"423":"home"},"site-pages-type":"free","site-pages-page-builder":"gutenberg","site-pages-category":[],"site-pages-parent-category":{"60":"business","61":"free"},"required-plugins":[{"slug":"ultimate-addons-for-gutenberg","init":"ultimate-addons-for-gutenberg\/ultimate-addons-for-gutenberg.php","name":"Spectra"}]},"id-74837":{"title":"Services","featured-image-url":"https:\/\/websitedemos.net\/wp-content\/uploads\/2023\/07\/mountain-fse-services.jpg","thumbnail-image-url":"https:\/\/websitedemos.net\/wp-content\/uploads\/2023\/07\/mountain-fse-services-600x1353.jpg","astra-page-api-url":"https:\/\/websitedemos.net\/mountain-fse\/wp-json\/wp\/v2\/pages\/289","dynamic-page":"no","astra-page-url":"\/\/websitedemos.net\/mountain-fse\/services\/","astra-sites-tag":{"425":"services"},"site-pages-type":"free","site-pages-page-builder":"gutenberg","site-pages-category":[],"site-pages-parent-category":{"60":"business","61":"free"},"required-plugins":[{"slug":"ultimate-addons-for-gutenberg","init":"ultimate-addons-for-gutenberg\/ultimate-addons-for-gutenberg.php","name":"Spectra"}]},"id-74834":{"title":"About","featured-image-url":"https:\/\/websitedemos.net\/wp-content\/uploads\/2023\/07\/mountain-fse-about.jpg","thumbnail-image-url":"https:\/\/websitedemos.net\/wp-content\/uploads\/2023\/07\/mountain-fse-about-600x769.jpg","astra-page-api-url":"https:\/\/websitedemos.net\/mountain-fse\/wp-json\/wp\/v2\/pages\/285","dynamic-page":"no","astra-page-url":"\/\/websitedemos.net\/mountain-fse\/about\/","astra-sites-tag":{"352":"about"},"site-pages-type":"free","site-pages-page-builder":"gutenberg","site-pages-category":[],"site-pages-parent-category":{"60":"business","61":"free"},"required-plugins":[{"slug":"ultimate-addons-for-gutenberg","init":"ultimate-addons-for-gutenberg\/ultimate-addons-for-gutenberg.php","name":"Spectra"}]},"id-74835":{"title":"Contact","featured-image-url":"https:\/\/websitedemos.net\/wp-content\/uploads\/2023\/07\/mountain-fse-contact.jpg","thumbnail-image-url":"https:\/\/websitedemos.net\/wp-content\/uploads\/2023\/07\/mountain-fse-contact-600x873.jpg","astra-page-api-url":"https:\/\/websitedemos.net\/mountain-fse\/wp-json\/wp\/v2\/pages\/287","dynamic-page":"no","astra-page-url":"\/\/websitedemos.net\/mountain-fse\/contact\/","astra-sites-tag":{"415":"contact"},"site-pages-type":"free","site-pages-page-builder":"gutenberg","site-pages-category":[],"site-pages-parent-category":{"60":"business","61":"free"},"required-plugins":[{"slug":"ultimate-addons-for-gutenberg","init":"ultimate-addons-for-gutenberg\/ultimate-addons-for-gutenberg.php","name":"Spectra"}]}},"related-bb-template":"","related-elementor-template":"","related-gutenberg-template":"","related_ecommerce_template":"","ecommerce_parent_template":""},"id-69906":{"title":"Creative Blog","id":69906,"publish-date":1669231742,"featured-image-url":"https:\/\/websitedemos.net\/wp-content\/uploads\/2022\/11\/creative-blog-08.jpg","thumbnail-image-url":"https:\/\/websitedemos.net\/wp-content\/uploads\/2022\/11\/creative-blog-08-600x1491.jpg","fullpage-thumbnail-image-url":"https:\/\/websitedemos.net\/wp-content\/uploads\/2022\/11\/creative-blog-08-400x994.jpg","astra-site-url":"\/\/websitedemos.net\/creative-blog-08","astra-site-parent-id":2997,"astra-sites-tag":{"2209":"advertising","1652":"blogger","729":"blogging","2408":"creative-blog","2410":"design-blog","2646":"digital-blog","2412":"film-blog","509":"photography","2270":"podcasts","2165":"style-influencer"},"astra-sites-type":"free","astra-site-category":{"37":"blog","39":"free"},"astra-sites-template-category":{"2828":"blog","2791":"creative","2774":"magazine"},"astra-site-page-builder":"gutenberg","categories":{"2497":"blog"},"required-plugins":[{"slug":"ultimate-addons-for-gutenberg","init":"ultimate-addons-for-gutenberg\/ultimate-addons-for-gutenberg.php","name":"Spectra"}],"post-status":"publish","post-content":"","post-excerpt":"","pages":{"id-69908":{"title":"Contact","featured-image-url":"https:\/\/websitedemos.net\/wp-content\/uploads\/2022\/11\/creative-blog-08-contact.jpg","thumbnail-image-url":"https:\/\/websitedemos.net\/wp-content\/uploads\/2022\/11\/creative-blog-08-contact-600x856.jpg","astra-page-api-url":"https:\/\/websitedemos.net\/creative-blog-08\/wp-json\/wp\/v2\/pages\/1582","dynamic-page":"no","astra-page-url":"\/\/websitedemos.net\/creative-blog-08\/contact\/","astra-sites-tag":{"415":"contact"},"site-pages-type":"free","site-pages-page-builder":"gutenberg","site-pages-category":[],"site-pages-parent-category":{"74":"blog","61":"free"},"required-plugins":[{"slug":"ultimate-addons-for-gutenberg","init":"ultimate-addons-for-gutenberg\/ultimate-addons-for-gutenberg.php","name":"Spectra"}]},"id-69909":{"title":"Home","featured-image-url":"https:\/\/websitedemos.net\/wp-content\/uploads\/2022\/11\/creative-blog-08.jpg","thumbnail-image-url":"https:\/\/websitedemos.net\/wp-content\/uploads\/2022\/11\/creative-blog-08-600x1491.jpg","astra-page-api-url":"https:\/\/websitedemos.net\/creative-blog-08\/wp-json\/wp\/v2\/pages\/776","dynamic-page":"no","astra-page-url":"\/\/websitedemos.net\/creative-blog-08\/","astra-sites-tag":{"423":"home"},"site-pages-type":"free","site-pages-page-builder":"gutenberg","site-pages-category":[],"site-pages-parent-category":{"74":"blog","61":"free"},"required-plugins":[{"slug":"ultimate-addons-for-gutenberg","init":"ultimate-addons-for-gutenberg\/ultimate-addons-for-gutenberg.php","name":"Spectra"}]},"id-69910":{"title":"Podcasts","featured-image-url":"https:\/\/websitedemos.net\/wp-content\/uploads\/2022\/11\/creative-blog-08-podcast.jpg","thumbnail-image-url":"https:\/\/websitedemos.net\/wp-content\/uploads\/2022\/11\/creative-blog-08-podcast-600x896.jpg","astra-page-api-url":"https:\/\/websitedemos.net\/creative-blog-08\/wp-json\/wp\/v2\/pages\/1584","dynamic-page":"no","astra-page-url":"\/\/websitedemos.net\/creative-blog-08\/podcasts\/","astra-sites-tag":{"2270":"podcasts"},"site-pages-type":"free","site-pages-page-builder":"gutenberg","site-pages-category":[],"site-pages-parent-category":{"74":"blog","61":"free"},"required-plugins":[{"slug":"ultimate-addons-for-gutenberg","init":"ultimate-addons-for-gutenberg\/ultimate-addons-for-gutenberg.php","name":"Spectra"}]},"id-69907":{"title":"About","featured-image-url":"https:\/\/websitedemos.net\/wp-content\/uploads\/2022\/11\/creative-blog-08-about.jpg","thumbnail-image-url":"https:\/\/websitedemos.net\/wp-content\/uploads\/2022\/11\/creative-blog-08-about-600x1282.jpg","astra-page-api-url":"https:\/\/websitedemos.net\/creative-blog-08\/wp-json\/wp\/v2\/pages\/1578","dynamic-page":"no","astra-page-url":"\/\/websitedemos.net\/creative-blog-08\/about\/","astra-sites-tag":{"352":"about"},"site-pages-type":"free","site-pages-page-builder":"gutenberg","site-pages-category":[],"site-pages-parent-category":{"74":"blog","61":"free"},"required-plugins":[{"slug":"ultimate-addons-for-gutenberg","init":"ultimate-addons-for-gutenberg\/ultimate-addons-for-gutenberg.php","name":"Spectra"}]}},"related-bb-template":"","related-elementor-template":"","related-gutenberg-template":"","related_ecommerce_template":"","ecommerce_parent_template":""},"id-69941":{"title":"Real Estate","id":69941,"publish-date":1669231573,"featured-image-url":"https:\/\/websitedemos.net\/wp-content\/uploads\/2022\/11\/real-estate-08.jpg","thumbnail-image-url":"https:\/\/websitedemos.net\/wp-content\/uploads\/2022\/11\/real-estate-08-600x2718.jpg","fullpage-thumbnail-image-url":"https:\/\/websitedemos.net\/wp-content\/uploads\/2022\/11\/real-estate-08-400x1812.jpg","astra-site-url":"\/\/websitedemos.net\/real-estate-08","astra-site-parent-id":2999,"astra-sites-tag":{"979":"company","550":"estate-broking","547":"listing","812":"office","549":"property","485":"real-estate","548":"renting-property"},"astra-sites-type":"free","astra-site-category":{"27":"business","36":"other"},"astra-sites-template-category":{"2777":"business","2832":"property","2778":"real-estate"},"astra-site-page-builder":"gutenberg","categories":{"2484":"real-estate"},"required-plugins":[{"slug":"ultimate-addons-for-gutenberg","init":"ultimate-addons-for-gutenberg\/ultimate-addons-for-gutenberg.php","name":"Spectra"}],"post-status":"publish","post-content":"","post-excerpt":"","pages":{"id-69944":{"title":"Contact","featured-image-url":"https:\/\/websitedemos.net\/wp-content\/uploads\/2022\/11\/real-estate-08-contact.jpg","thumbnail-image-url":"https:\/\/websitedemos.net\/wp-content\/uploads\/2022\/11\/real-estate-08-contact-600x872.jpg","astra-page-api-url":"https:\/\/websitedemos.net\/real-estate-08\/wp-json\/wp\/v2\/pages\/12","dynamic-page":"no","astra-page-url":"\/\/websitedemos.net\/real-estate-08\/contact\/","astra-sites-tag":{"415":"contact"},"site-pages-type":"free","site-pages-page-builder":"gutenberg","site-pages-category":[],"site-pages-parent-category":{"60":"business","139":"other"},"required-plugins":[{"slug":"ultimate-addons-for-gutenberg","init":"ultimate-addons-for-gutenberg\/ultimate-addons-for-gutenberg.php","name":"Spectra"}]},"id-69945":{"title":"FAQ","featured-image-url":"https:\/\/websitedemos.net\/wp-content\/uploads\/2022\/11\/real-estate-08-faq.jpg","thumbnail-image-url":"https:\/\/websitedemos.net\/wp-content\/uploads\/2022\/11\/real-estate-08-faq-600x1091.jpg","astra-page-api-url":"https:\/\/websitedemos.net\/real-estate-08\/wp-json\/wp\/v2\/pages\/14","dynamic-page":"no","astra-page-url":"\/\/websitedemos.net\/real-estate-08\/faq\/","astra-sites-tag":{"426":"faq"},"site-pages-type":"free","site-pages-page-builder":"gutenberg","site-pages-category":[],"site-pages-parent-category":{"60":"business","139":"other"},"required-plugins":[{"slug":"ultimate-addons-for-gutenberg","init":"ultimate-addons-for-gutenberg\/ultimate-addons-for-gutenberg.php","name":"Spectra"}]},"id-69946":{"title":"Home","featured-image-url":"https:\/\/websitedemos.net\/wp-content\/uploads\/2022\/11\/real-estate-08.jpg","thumbnail-image-url":"https:\/\/websitedemos.net\/wp-content\/uploads\/2022\/11\/real-estate-08-600x2718.jpg","astra-page-api-url":"https:\/\/websitedemos.net\/real-estate-08\/wp-json\/wp\/v2\/pages\/5","dynamic-page":"no","astra-page-url":"\/\/websitedemos.net\/real-estate-08\/","astra-sites-tag":{"423":"home"},"site-pages-type":"free","site-pages-page-builder":"gutenberg","site-pages-category":[],"site-pages-parent-category":{"60":"business","139":"other"},"required-plugins":[{"slug":"ultimate-addons-for-gutenberg","init":"ultimate-addons-for-gutenberg\/ultimate-addons-for-gutenberg.php","name":"Spectra"}]},"id-69942":{"title":"About Us","featured-image-url":"https:\/\/websitedemos.net\/wp-content\/uploads\/2022\/11\/real-estate-08-about.jpg","thumbnail-image-url":"https:\/\/websitedemos.net\/wp-content\/uploads\/2022\/11\/real-estate-08-about-600x1278.jpg","astra-page-api-url":"https:\/\/websitedemos.net\/real-estate-08\/wp-json\/wp\/v2\/pages\/8","dynamic-page":"no","astra-page-url":"\/\/websitedemos.net\/real-estate-08\/about-us\/","astra-sites-tag":{"352":"about"},"site-pages-type":"free","site-pages-page-builder":"gutenberg","site-pages-category":[],"site-pages-parent-category":{"60":"business","139":"other"},"required-plugins":[{"slug":"ultimate-addons-for-gutenberg","init":"ultimate-addons-for-gutenberg\/ultimate-addons-for-gutenberg.php","name":"Spectra"}]},"id-69943":{"title":"Agents","featured-image-url":"https:\/\/websitedemos.net\/wp-content\/uploads\/2022\/11\/real-estate-08-agents.jpg","thumbnail-image-url":"https:\/\/websitedemos.net\/wp-content\/uploads\/2022\/11\/real-estate-08-agents-600x1596.jpg","astra-page-api-url":"https:\/\/websitedemos.net\/real-estate-08\/wp-json\/wp\/v2\/pages\/10","dynamic-page":"no","astra-page-url":"\/\/websitedemos.net\/real-estate-08\/agents\/","astra-sites-tag":{"552":"agents"},"site-pages-type":"free","site-pages-page-builder":"gutenberg","site-pages-category":[],"site-pages-parent-category":{"60":"business","139":"other"},"required-plugins":[{"slug":"ultimate-addons-for-gutenberg","init":"ultimate-addons-for-gutenberg\/ultimate-addons-for-gutenberg.php","name":"Spectra"}]},"id-69947":{"title":"Properties","featured-image-url":"https:\/\/websitedemos.net\/wp-content\/uploads\/2022\/11\/real-estate-08-properties.jpg","thumbnail-image-url":"https:\/\/websitedemos.net\/wp-content\/uploads\/2022\/11\/real-estate-08-properties-600x2630.jpg","astra-page-api-url":"https:\/\/websitedemos.net\/real-estate-08\/wp-json\/wp\/v2\/pages\/16","dynamic-page":"no","astra-page-url":"\/\/websitedemos.net\/real-estate-08\/properties\/","astra-sites-tag":{"553":"properties"},"site-pages-type":"free","site-pages-page-builder":"gutenberg","site-pages-category":[],"site-pages-parent-category":{"60":"business","139":"other"},"required-plugins":[{"slug":"ultimate-addons-for-gutenberg","init":"ultimate-addons-for-gutenberg\/ultimate-addons-for-gutenberg.php","name":"Spectra"}]}},"related-bb-template":"","related-elementor-template":"","related-gutenberg-template":"","related_ecommerce_template":"","ecommerce_parent_template":""},"id-69655":{"title":"Home and Garden Decor","id":69655,"publish-date":1665073396,"featured-image-url":"https:\/\/websitedemos.net\/wp-content\/uploads\/2022\/10\/home-garden-decor-08.jpg","thumbnail-image-url":"https:\/\/websitedemos.net\/wp-content\/uploads\/2022\/10\/home-garden-decor-08-600x3656.jpg","fullpage-thumbnail-image-url":"https:\/\/websitedemos.net\/wp-content\/uploads\/2022\/10\/home-garden-decor-08-400x2437.jpg","astra-site-url":"\/\/websitedemos.net\/home-garden-decor-08","astra-site-parent-id":2929,"astra-sites-tag":{"496":"ecommerce","1817":"ecommerce-store","416":"garden-care","421":"garden-maintenance","420":"gardening","423":"home","862":"home-decor"},"astra-sites-type":"free","astra-site-category":{"38":"ecommerce","39":"free"},"astra-sites-template-category":[],"astra-site-page-builder":"gutenberg","categories":{"2495":"ecommerce","2476":"gardening"},"required-plugins":[{"slug":"ultimate-addons-for-gutenberg","init":"ultimate-addons-for-gutenberg\/ultimate-addons-for-gutenberg.php","name":"Spectra"},{"slug":"woocommerce","init":"woocommerce\/woocommerce.php","name":"WooCommerce"}],"post-status":"publish","post-content":"","post-excerpt":"","pages":{"id-69656":{"title":"About","featured-image-url":"https:\/\/websitedemos.net\/wp-content\/uploads\/2022\/10\/home-garden-decor-08-about.jpg","thumbnail-image-url":"https:\/\/websitedemos.net\/wp-content\/uploads\/2022\/10\/home-garden-decor-08-about-600x1736.jpg","astra-page-api-url":"https:\/\/websitedemos.net\/home-garden-decor-08\/wp-json\/wp\/v2\/pages\/328","dynamic-page":"no","astra-page-url":"\/\/websitedemos.net\/home-garden-decor-08\/about\/","astra-sites-tag":{"352":"about"},"site-pages-type":"free","site-pages-page-builder":"gutenberg","site-pages-category":[],"site-pages-parent-category":{"64":"ecommerce","61":"free"},"required-plugins":[{"slug":"ultimate-addons-for-gutenberg","init":"ultimate-addons-for-gutenberg\/ultimate-addons-for-gutenberg.php","name":"Spectra"}]},"id-69657":{"title":"Contact","featured-image-url":"https:\/\/websitedemos.net\/wp-content\/uploads\/2022\/10\/home-garden-decor-08-contact.jpg","thumbnail-image-url":"https:\/\/websitedemos.net\/wp-content\/uploads\/2022\/10\/home-garden-decor-08-contact-600x1065.jpg","astra-page-api-url":"https:\/\/websitedemos.net\/home-garden-decor-08\/wp-json\/wp\/v2\/pages\/330","dynamic-page":"no","astra-page-url":"\/\/websitedemos.net\/home-garden-decor-08\/contact\/","astra-sites-tag":{"415":"contact"},"site-pages-type":"free","site-pages-page-builder":"gutenberg","site-pages-category":[],"site-pages-parent-category":{"64":"ecommerce","61":"free"},"required-plugins":[{"slug":"ultimate-addons-for-gutenberg","init":"ultimate-addons-for-gutenberg\/ultimate-addons-for-gutenberg.php","name":"Spectra"}]},"id-69658":{"title":"Home","featured-image-url":"https:\/\/websitedemos.net\/wp-content\/uploads\/2022\/10\/home-garden-decor-08.jpg","thumbnail-image-url":"https:\/\/websitedemos.net\/wp-content\/uploads\/2022\/10\/home-garden-decor-08-600x3656.jpg","astra-page-api-url":"https:\/\/websitedemos.net\/home-garden-decor-08\/wp-json\/wp\/v2\/pages\/325","dynamic-page":"yes","astra-page-url":"\/\/websitedemos.net\/home-garden-decor-08\/","astra-sites-tag":{"423":"home"},"site-pages-type":"free","site-pages-page-builder":"gutenberg","site-pages-category":[],"site-pages-parent-category":{"64":"ecommerce","61":"free"},"required-plugins":[{"slug":"ultimate-addons-for-gutenberg","init":"ultimate-addons-for-gutenberg\/ultimate-addons-for-gutenberg.php","name":"Spectra"},{"slug":"woocommerce","init":"woocommerce\/woocommerce.php","name":"WooCommerce"}]}},"related-bb-template":"","related-elementor-template":"","related-gutenberg-template":"","related_ecommerce_template":"","ecommerce_parent_template":""},"id-69646":{"title":"Heating And AC Technician","id":69646,"publish-date":1665071731,"featured-image-url":"https:\/\/websitedemos.net\/wp-content\/uploads\/2022\/10\/heating-and-ac-technician-08.jpg","thumbnail-image-url":"https:\/\/websitedemos.net\/wp-content\/uploads\/2022\/10\/heating-and-ac-technician-08-600x2986.jpg","fullpage-thumbnail-image-url":"https:\/\/websitedemos.net\/wp-content\/uploads\/2022\/10\/heating-and-ac-technician-08-400x1990.jpg","astra-site-url":"\/\/websitedemos.net\/heating-and-ac-technician-08","astra-site-parent-id":2928,"astra-sites-tag":{"599":"ac-repair","2573":"air-conditioning-service","439":"local-services","2572":"manufacturer","2094":"mechanic","600":"repair-services","441":"technician"},"astra-sites-type":"free","astra-site-category":{"27":"business","39":"free"},"astra-sites-template-category":[],"astra-site-page-builder":"gutenberg","categories":{"2471":"local-technician"},"required-plugins":[{"slug":"ultimate-addons-for-gutenberg","init":"ultimate-addons-for-gutenberg\/ultimate-addons-for-gutenberg.php","name":"Spectra"}],"post-status":"publish","post-content":"","post-excerpt":"","pages":{"id-59181":{"title":"About","featured-image-url":"https:\/\/websitedemos.net\/wp-content\/uploads\/2022\/10\/heating-and-ac-technician-08-about.jpg","thumbnail-image-url":"https:\/\/websitedemos.net\/wp-content\/uploads\/2022\/10\/heating-and-ac-technician-08-about-600x1288.jpg","astra-page-api-url":"https:\/\/websitedemos.net\/heating-and-ac-technician-08\/wp-json\/wp\/v2\/pages\/887","dynamic-page":"no","astra-page-url":"\/\/websitedemos.net\/heating-and-ac-technician-08\/about\/","astra-sites-tag":{"352":"about"},"site-pages-type":"free","site-pages-page-builder":"gutenberg","site-pages-category":[],"site-pages-parent-category":{"60":"business","61":"free"},"required-plugins":[{"slug":"ultimate-addons-for-gutenberg","init":"ultimate-addons-for-gutenberg\/ultimate-addons-for-gutenberg.php","name":"Spectra"}]},"id-59182":{"title":"Contact","featured-image-url":"https:\/\/websitedemos.net\/wp-content\/uploads\/2022\/10\/heating-and-ac-technician-08-contact.jpg","thumbnail-image-url":"https:\/\/websitedemos.net\/wp-content\/uploads\/2022\/10\/heating-and-ac-technician-08-contact-600x1066.jpg","astra-page-api-url":"https:\/\/websitedemos.net\/heating-and-ac-technician-08\/wp-json\/wp\/v2\/pages\/891","dynamic-page":"no","astra-page-url":"\/\/websitedemos.net\/heating-and-ac-technician-08\/contact\/","astra-sites-tag":{"415":"contact"},"site-pages-type":"free","site-pages-page-builder":"gutenberg","site-pages-category":[],"site-pages-parent-category":{"60":"business","61":"free"},"required-plugins":[{"slug":"ultimate-addons-for-gutenberg","init":"ultimate-addons-for-gutenberg\/ultimate-addons-for-gutenberg.php","name":"Spectra"}]},"id-59183":{"title":"Home","featured-image-url":"https:\/\/websitedemos.net\/wp-content\/uploads\/2022\/10\/heating-and-ac-technician-08.jpg","thumbnail-image-url":"https:\/\/websitedemos.net\/wp-content\/uploads\/2022\/10\/heating-and-ac-technician-08-600x2986.jpg","astra-page-api-url":"https:\/\/websitedemos.net\/heating-and-ac-technician-08\/wp-json\/wp\/v2\/pages\/885","dynamic-page":"no","astra-page-url":"\/\/websitedemos.net\/heating-and-ac-technician-08\/","astra-sites-tag":{"423":"home"},"site-pages-type":"free","site-pages-page-builder":"gutenberg","site-pages-category":[],"site-pages-parent-category":{"60":"business","61":"free"},"required-plugins":[{"slug":"ultimate-addons-for-gutenberg","init":"ultimate-addons-for-gutenberg\/ultimate-addons-for-gutenberg.php","name":"Spectra"}]},"id-59184":{"title":"Services","featured-image-url":"https:\/\/websitedemos.net\/wp-content\/uploads\/2022\/10\/heating-and-ac-technician-08-services.jpg","thumbnail-image-url":"https:\/\/websitedemos.net\/wp-content\/uploads\/2022\/10\/heating-and-ac-technician-08-services-600x1659.jpg","astra-page-api-url":"https:\/\/websitedemos.net\/heating-and-ac-technician-08\/wp-json\/wp\/v2\/pages\/889","dynamic-page":"no","astra-page-url":"\/\/websitedemos.net\/heating-and-ac-technician-08\/services\/","astra-sites-tag":{"425":"services"},"site-pages-type":"free","site-pages-page-builder":"gutenberg","site-pages-category":[],"site-pages-parent-category":{"60":"business","61":"free"},"required-plugins":[{"slug":"ultimate-addons-for-gutenberg","init":"ultimate-addons-for-gutenberg\/ultimate-addons-for-gutenberg.php","name":"Spectra"}]}},"related-bb-template":"","related-elementor-template":"","related-gutenberg-template":"","related_ecommerce_template":"","ecommerce_parent_template":""},"id-74746":{"title":"Web Developer Portfolio","id":74746,"publish-date":1688642879,"featured-image-url":"https:\/\/websitedemos.net\/wp-content\/uploads\/2023\/07\/web-developer-portfolio-07.jpg","thumbnail-image-url":"https:\/\/websitedemos.net\/wp-content\/uploads\/2023\/07\/web-developer-portfolio-07-600x2646.jpg","fullpage-thumbnail-image-url":"https:\/\/websitedemos.net\/wp-content\/uploads\/2023\/07\/web-developer-portfolio-07-400x1764.jpg","astra-site-url":"\/\/websitedemos.net\/web-developer-portfolio-07","astra-site-parent-id":3317,"astra-sites-tag":{"3112":"developer","1020":"personal","3124":"personal-portfolio","1903":"personal-website","444":"portfolio","3123":"web","3122":"web-developer","3111":"webdesigner","3106":"webdeveloper","3107":"webdevelopment"},"astra-sites-type":"premium","astra-site-category":{"27":"business"},"astra-sites-template-category":{"2770":"personal","2768":"portfolio"},"astra-site-page-builder":"gutenberg","categories":{"2488":"portfolio"},"required-plugins":[{"slug":"ultimate-addons-for-gutenberg","init":"ultimate-addons-for-gutenberg\/ultimate-addons-for-gutenberg.php","name":"Spectra"}],"post-status":"publish","post-content":"","post-excerpt":"","pages":{"id-74747":{"title":"_about","featured-image-url":"https:\/\/websitedemos.net\/wp-content\/uploads\/2023\/07\/web-developer-portfolio-07-about.jpg","thumbnail-image-url":"https:\/\/websitedemos.net\/wp-content\/uploads\/2023\/07\/web-developer-portfolio-07-about-600x1567.jpg","astra-page-api-url":"https:\/\/websitedemos.net\/web-developer-portfolio-07\/wp-json\/wp\/v2\/pages\/93","dynamic-page":"no","astra-page-url":"\/\/websitedemos.net\/web-developer-portfolio-07\/_about\/","astra-sites-tag":{"352":"about"},"site-pages-type":"premium","site-pages-page-builder":"gutenberg","site-pages-category":[],"site-pages-parent-category":{"60":"business"},"required-plugins":[{"slug":"ultimate-addons-for-gutenberg","init":"ultimate-addons-for-gutenberg\/ultimate-addons-for-gutenberg.php","name":"Spectra"}]},"id-74748":{"title":"_contact","featured-image-url":"https:\/\/websitedemos.net\/wp-content\/uploads\/2023\/07\/web-developer-portfolio-07-contact.jpg","thumbnail-image-url":"https:\/\/websitedemos.net\/wp-content\/uploads\/2023\/07\/web-developer-portfolio-07-contact-600x800.jpg","astra-page-api-url":"https:\/\/websitedemos.net\/web-developer-portfolio-07\/wp-json\/wp\/v2\/pages\/97","dynamic-page":"no","astra-page-url":"\/\/websitedemos.net\/web-developer-portfolio-07\/_contact\/","astra-sites-tag":{"415":"contact"},"site-pages-type":"premium","site-pages-page-builder":"gutenberg","site-pages-category":[],"site-pages-parent-category":{"60":"business"},"required-plugins":[{"slug":"ultimate-addons-for-gutenberg","init":"ultimate-addons-for-gutenberg\/ultimate-addons-for-gutenberg.php","name":"Spectra"}]},"id-74749":{"title":"_home","featured-image-url":"https:\/\/websitedemos.net\/wp-content\/uploads\/2023\/07\/web-developer-portfolio-07.jpg","thumbnail-image-url":"https:\/\/websitedemos.net\/wp-content\/uploads\/2023\/07\/web-developer-portfolio-07-600x2646.jpg","astra-page-api-url":"https:\/\/websitedemos.net\/web-developer-portfolio-07\/wp-json\/wp\/v2\/pages\/92","dynamic-page":"no","astra-page-url":"\/\/websitedemos.net\/web-developer-portfolio-07\/","astra-sites-tag":{"423":"home"},"site-pages-type":"premium","site-pages-page-builder":"gutenberg","site-pages-category":[],"site-pages-parent-category":{"60":"business"},"required-plugins":[{"slug":"ultimate-addons-for-gutenberg","init":"ultimate-addons-for-gutenberg\/ultimate-addons-for-gutenberg.php","name":"Spectra"}]},"id-74750":{"title":"_portfolio","featured-image-url":"https:\/\/websitedemos.net\/wp-content\/uploads\/2023\/07\/web-developer-portfolio-07-portfolio.jpg","thumbnail-image-url":"https:\/\/websitedemos.net\/wp-content\/uploads\/2023\/07\/web-developer-portfolio-07-portfolio-600x2408.jpg","astra-page-api-url":"https:\/\/websitedemos.net\/web-developer-portfolio-07\/wp-json\/wp\/v2\/pages\/94","dynamic-page":"no","astra-page-url":"\/\/websitedemos.net\/web-developer-portfolio-07\/_portfolio\/","astra-sites-tag":{"444":"portfolio"},"site-pages-type":"premium","site-pages-page-builder":"gutenberg","site-pages-category":[],"site-pages-parent-category":{"60":"business"},"required-plugins":[{"slug":"ultimate-addons-for-gutenberg","init":"ultimate-addons-for-gutenberg\/ultimate-addons-for-gutenberg.php","name":"Spectra"}]},"id-74751":{"title":"_resume","featured-image-url":"https:\/\/websitedemos.net\/wp-content\/uploads\/2023\/07\/web-developer-portfolio-07-resume.jpg","thumbnail-image-url":"https:\/\/websitedemos.net\/wp-content\/uploads\/2023\/07\/web-developer-portfolio-07-resume-600x1763.jpg","astra-page-api-url":"https:\/\/websitedemos.net\/web-developer-portfolio-07\/wp-json\/wp\/v2\/pages\/96","dynamic-page":"no","astra-page-url":"\/\/websitedemos.net\/web-developer-portfolio-07\/_resume\/","astra-sites-tag":{"2153":"resume"},"site-pages-type":"premium","site-pages-page-builder":"gutenberg","site-pages-category":[],"site-pages-parent-category":{"60":"business"},"required-plugins":[{"slug":"ultimate-addons-for-gutenberg","init":"ultimate-addons-for-gutenberg\/ultimate-addons-for-gutenberg.php","name":"Spectra"}]},"id-74752":{"title":"_services","featured-image-url":"https:\/\/websitedemos.net\/wp-content\/uploads\/2023\/07\/web-developer-portfolio-07-services.jpg","thumbnail-image-url":"https:\/\/websitedemos.net\/wp-content\/uploads\/2023\/07\/web-developer-portfolio-07-services-600x902.jpg","astra-page-api-url":"https:\/\/websitedemos.net\/web-developer-portfolio-07\/wp-json\/wp\/v2\/pages\/95","dynamic-page":"no","astra-page-url":"\/\/websitedemos.net\/web-developer-portfolio-07\/_services\/","astra-sites-tag":{"425":"services"},"site-pages-type":"premium","site-pages-page-builder":"gutenberg","site-pages-category":[],"site-pages-parent-category":{"60":"business"},"required-plugins":[{"slug":"ultimate-addons-for-gutenberg","init":"ultimate-addons-for-gutenberg\/ultimate-addons-for-gutenberg.php","name":"Spectra"}]}},"related-bb-template":"","related-elementor-template":"","related-gutenberg-template":"","related_ecommerce_template":"","ecommerce_parent_template":""},"id-69486":{"title":"Learn Baking","id":69486,"publish-date":1664211488,"featured-image-url":"https:\/\/websitedemos.net\/wp-content\/uploads\/2022\/09\/learn-baking-08.jpg","thumbnail-image-url":"https:\/\/websitedemos.net\/wp-content\/uploads\/2022\/09\/learn-baking-08-600x2667.jpg","fullpage-thumbnail-image-url":"https:\/\/websitedemos.net\/wp-content\/uploads\/2022\/09\/learn-baking-08-400x1778.jpg","astra-site-url":"\/\/websitedemos.net\/learn-baking-08","astra-site-parent-id":2925,"astra-sites-tag":{"1857":"baking","462":"courses","467":"learndash","975":"online-learning"},"astra-sites-type":"free","astra-site-category":{"27":"business","39":"free"},"astra-sites-template-category":{"2828":"blog","2835":"elearning","2785":"food","2880":"membership","2827":"online-course","2770":"personal","2873":"tutor"},"astra-site-page-builder":"gutenberg","categories":{"2494":"elearning"},"required-plugins":[{"slug":"sfwd-lms","init":"sfwd-lms\/sfwd_lms.php","name":"LearnDash LMS"},{"slug":"learndash-course-grid","init":"learndash-course-grid\/learndash_course_grid.php","name":"LearnDash LMS - Course Grid"},{"slug":"presto-player","init":"presto-player\/presto-player.php","name":"Presto Player"},{"slug":"ultimate-addons-for-gutenberg","init":"ultimate-addons-for-gutenberg\/ultimate-addons-for-gutenberg.php","name":"Spectra"}],"post-status":"publish","post-content":"","post-excerpt":"","pages":{"id-58588":{"title":"About","featured-image-url":"https:\/\/websitedemos.net\/wp-content\/uploads\/2022\/09\/learn-baking-08-about.jpg","thumbnail-image-url":"https:\/\/websitedemos.net\/wp-content\/uploads\/2022\/09\/learn-baking-08-about-600x1916.jpg","astra-page-api-url":"https:\/\/websitedemos.net\/learn-baking-08\/wp-json\/wp\/v2\/pages\/1077","dynamic-page":"no","astra-page-url":"\/\/websitedemos.net\/learn-baking-08\/about\/","astra-sites-tag":{"352":"about"},"site-pages-type":"free","site-pages-page-builder":"gutenberg","site-pages-category":[],"site-pages-parent-category":{"60":"business","61":"free"},"required-plugins":[{"slug":"ultimate-addons-for-gutenberg","init":"ultimate-addons-for-gutenberg\/ultimate-addons-for-gutenberg.php","name":"Spectra"}]},"id-58589":{"title":"All Courses","featured-image-url":"https:\/\/websitedemos.net\/wp-content\/uploads\/2022\/09\/learn-baking-08-all-courses.jpg","thumbnail-image-url":"https:\/\/websitedemos.net\/wp-content\/uploads\/2022\/09\/learn-baking-08-all-courses-600x1819.jpg","astra-page-api-url":"https:\/\/websitedemos.net\/learn-baking-08\/wp-json\/wp\/v2\/pages\/1075","dynamic-page":"yes","astra-page-url":"\/\/websitedemos.net\/learn-baking-08\/all-courses\/","astra-sites-tag":{"462":"courses"},"site-pages-type":"free","site-pages-page-builder":"gutenberg","site-pages-category":[],"site-pages-parent-category":{"60":"business","61":"free"},"required-plugins":[{"slug":"sfwd-lms","init":"sfwd-lms\/sfwd_lms.php","name":"LearnDash LMS"},{"slug":"learndash-course-grid","init":"learndash-course-grid\/learndash_course_grid.php","name":"LearnDash LMS - Course Grid"},{"slug":"presto-player","init":"presto-player\/presto-player.php","name":"Presto Player"},{"slug":"ultimate-addons-for-gutenberg","init":"ultimate-addons-for-gutenberg\/ultimate-addons-for-gutenberg.php","name":"Spectra"}]},"id-58590":{"title":"Blog","featured-image-url":"https:\/\/websitedemos.net\/wp-content\/uploads\/2022\/09\/learn-baking-08-blog.jpg","thumbnail-image-url":"https:\/\/websitedemos.net\/wp-content\/uploads\/2022\/09\/learn-baking-08-blog-600x1123.jpg","astra-page-api-url":"https:\/\/websitedemos.net\/learn-baking-08\/wp-json\/wp\/v2\/pages\/1079","dynamic-page":"no","astra-page-url":"\/\/websitedemos.net\/learn-baking-08\/blog\/","astra-sites-tag":{"480":"blog"},"site-pages-type":"free","site-pages-page-builder":"gutenberg","site-pages-category":[],"site-pages-parent-category":{"60":"business","61":"free"},"required-plugins":[{"slug":"ultimate-addons-for-gutenberg","init":"ultimate-addons-for-gutenberg\/ultimate-addons-for-gutenberg.php","name":"Spectra"}]},"id-58591":{"title":"Contact","featured-image-url":"https:\/\/websitedemos.net\/wp-content\/uploads\/2022\/09\/learn-baking-08-contact.jpg","thumbnail-image-url":"https:\/\/websitedemos.net\/wp-content\/uploads\/2022\/09\/learn-baking-08-contact-600x1547.jpg","astra-page-api-url":"https:\/\/websitedemos.net\/learn-baking-08\/wp-json\/wp\/v2\/pages\/1081","dynamic-page":"no","astra-page-url":"\/\/websitedemos.net\/learn-baking-08\/contact\/","astra-sites-tag":{"415":"contact"},"site-pages-type":"free","site-pages-page-builder":"gutenberg","site-pages-category":[],"site-pages-parent-category":{"60":"business","61":"free"},"required-plugins":[{"slug":"ultimate-addons-for-gutenberg","init":"ultimate-addons-for-gutenberg\/ultimate-addons-for-gutenberg.php","name":"Spectra"}]},"id-58592":{"title":"Home","featured-image-url":"https:\/\/websitedemos.net\/wp-content\/uploads\/2022\/09\/learn-baking-08.jpg","thumbnail-image-url":"https:\/\/websitedemos.net\/wp-content\/uploads\/2022\/09\/learn-baking-08-600x2667.jpg","astra-page-api-url":"https:\/\/websitedemos.net\/learn-baking-08\/wp-json\/wp\/v2\/pages\/1073","dynamic-page":"yes","astra-page-url":"\/\/websitedemos.net\/learn-baking-08\/","astra-sites-tag":{"423":"home"},"site-pages-type":"free","site-pages-page-builder":"gutenberg","site-pages-category":[],"site-pages-parent-category":{"60":"business","61":"free"},"required-plugins":[{"slug":"sfwd-lms","init":"sfwd-lms\/sfwd_lms.php","name":"LearnDash LMS"},{"slug":"learndash-course-grid","init":"learndash-course-grid\/learndash_course_grid.php","name":"LearnDash LMS - Course Grid"},{"slug":"presto-player","init":"presto-player\/presto-player.php","name":"Presto Player"},{"slug":"ultimate-addons-for-gutenberg","init":"ultimate-addons-for-gutenberg\/ultimate-addons-for-gutenberg.php","name":"Spectra"}]}},"related-bb-template":"","related-elementor-template":"","related-gutenberg-template":"","related_ecommerce_template":"","ecommerce_parent_template":""},"id-74726":{"title":"Agency","id":74726,"publish-date":1688641796,"featured-image-url":"https:\/\/websitedemos.net\/wp-content\/uploads\/2023\/07\/agency-07.jpg","thumbnail-image-url":"https:\/\/websitedemos.net\/wp-content\/uploads\/2023\/07\/agency-07-600x3578.jpg","fullpage-thumbnail-image-url":"https:\/\/websitedemos.net\/wp-content\/uploads\/2023\/07\/agency-07-400x2385.jpg","astra-site-url":"\/\/websitedemos.net\/agency-07","astra-site-parent-id":3315,"astra-sites-tag":{"663":"agency","979":"company","664":"digital-services","812":"office","665":"service-agency","661":"website"},"astra-sites-type":"premium","astra-site-category":{"27":"business"},"astra-sites-template-category":{"2777":"business","2812":"digital-agency","2768":"portfolio","2831":"service"},"astra-site-page-builder":"gutenberg","categories":{"2487":"agency"},"required-plugins":[{"slug":"ultimate-addons-for-gutenberg","init":"ultimate-addons-for-gutenberg\/ultimate-addons-for-gutenberg.php","name":"Spectra"}],"post-status":"publish","post-content":"","post-excerpt":"","pages":{"id-74730":{"title":"Pricing","featured-image-url":"https:\/\/websitedemos.net\/wp-content\/uploads\/2023\/07\/agency-07-pricing.jpg","thumbnail-image-url":"https:\/\/websitedemos.net\/wp-content\/uploads\/2023\/07\/agency-07-pricing-600x1668.jpg","astra-page-api-url":"https:\/\/websitedemos.net\/agency-07\/wp-json\/wp\/v2\/pages\/1507","dynamic-page":"no","astra-page-url":"\/\/websitedemos.net\/agency-07\/pricing\/","astra-sites-tag":{"585":"pricing"},"site-pages-type":"premium","site-pages-page-builder":"gutenberg","site-pages-category":[],"site-pages-parent-category":{"60":"business"},"required-plugins":[{"slug":"ultimate-addons-for-gutenberg","init":"ultimate-addons-for-gutenberg\/ultimate-addons-for-gutenberg.php","name":"Spectra"}]},"id-74731":{"title":"Support","featured-image-url":"https:\/\/websitedemos.net\/wp-content\/uploads\/2023\/07\/agency-07-support.jpg","thumbnail-image-url":"https:\/\/websitedemos.net\/wp-content\/uploads\/2023\/07\/agency-07-support-600x1903.jpg","astra-page-api-url":"https:\/\/websitedemos.net\/agency-07\/wp-json\/wp\/v2\/pages\/1506","dynamic-page":"no","astra-page-url":"\/\/websitedemos.net\/agency-07\/support\/","astra-sites-tag":{"765":"support"},"site-pages-type":"premium","site-pages-page-builder":"gutenberg","site-pages-category":[],"site-pages-parent-category":{"60":"business"},"required-plugins":[{"slug":"ultimate-addons-for-gutenberg","init":"ultimate-addons-for-gutenberg\/ultimate-addons-for-gutenberg.php","name":"Spectra"}]},"id-74732":{"title":"Websites","featured-image-url":"https:\/\/websitedemos.net\/wp-content\/uploads\/2023\/07\/agency-07-websites.jpg","thumbnail-image-url":"https:\/\/websitedemos.net\/wp-content\/uploads\/2023\/07\/agency-07-websites-600x2065.jpg","astra-page-api-url":"https:\/\/websitedemos.net\/agency-07\/wp-json\/wp\/v2\/pages\/1505","dynamic-page":"no","astra-page-url":"\/\/websitedemos.net\/agency-07\/websites\/","astra-sites-tag":{"3316":"websites"},"site-pages-type":"premium","site-pages-page-builder":"gutenberg","site-pages-category":[],"site-pages-parent-category":{"60":"business"},"required-plugins":[{"slug":"ultimate-addons-for-gutenberg","init":"ultimate-addons-for-gutenberg\/ultimate-addons-for-gutenberg.php","name":"Spectra"}]},"id-74727":{"title":"About","featured-image-url":"https:\/\/websitedemos.net\/wp-content\/uploads\/2023\/07\/agency-07-about.jpg","thumbnail-image-url":"https:\/\/websitedemos.net\/wp-content\/uploads\/2023\/07\/agency-07-about-600x1833.jpg","astra-page-api-url":"https:\/\/websitedemos.net\/agency-07\/wp-json\/wp\/v2\/pages\/1504","dynamic-page":"no","astra-page-url":"\/\/websitedemos.net\/agency-07\/about\/","astra-sites-tag":{"352":"about"},"site-pages-type":"premium","site-pages-page-builder":"gutenberg","site-pages-category":[],"site-pages-parent-category":{"60":"business"},"required-plugins":[{"slug":"ultimate-addons-for-gutenberg","init":"ultimate-addons-for-gutenberg\/ultimate-addons-for-gutenberg.php","name":"Spectra"}]},"id-74728":{"title":"Contact","featured-image-url":"https:\/\/websitedemos.net\/wp-content\/uploads\/2023\/07\/agency-07-contact.jpg","thumbnail-image-url":"https:\/\/websitedemos.net\/wp-content\/uploads\/2023\/07\/agency-07-contact-600x1270.jpg","astra-page-api-url":"https:\/\/websitedemos.net\/agency-07\/wp-json\/wp\/v2\/pages\/1508","dynamic-page":"no","astra-page-url":"\/\/websitedemos.net\/agency-07\/contact\/","astra-sites-tag":{"415":"contact"},"site-pages-type":"premium","site-pages-page-builder":"gutenberg","site-pages-category":[],"site-pages-parent-category":{"60":"business"},"required-plugins":[{"slug":"ultimate-addons-for-gutenberg","init":"ultimate-addons-for-gutenberg\/ultimate-addons-for-gutenberg.php","name":"Spectra"}]},"id-74729":{"title":"Home","featured-image-url":"https:\/\/websitedemos.net\/wp-content\/uploads\/2023\/07\/agency-07.jpg","thumbnail-image-url":"https:\/\/websitedemos.net\/wp-content\/uploads\/2023\/07\/agency-07-600x3578.jpg","astra-page-api-url":"https:\/\/websitedemos.net\/agency-07\/wp-json\/wp\/v2\/pages\/1503","dynamic-page":"no","astra-page-url":"\/\/websitedemos.net\/agency-07\/","astra-sites-tag":{"423":"home"},"site-pages-type":"premium","site-pages-page-builder":"gutenberg","site-pages-category":[],"site-pages-parent-category":{"60":"business"},"required-plugins":[{"slug":"ultimate-addons-for-gutenberg","init":"ultimate-addons-for-gutenberg\/ultimate-addons-for-gutenberg.php","name":"Spectra"}]}},"related-bb-template":"","related-elementor-template":"","related-gutenberg-template":"","related_ecommerce_template":"","ecommerce_parent_template":""}}