{"id-59249":{"title":"Security Services","id":59249,"publish-date":1669220644,"featured-image-url":"https:\/\/websitedemos.net\/wp-content\/uploads\/2022\/11\/security-services-08.jpg","thumbnail-image-url":"https:\/\/websitedemos.net\/wp-content\/uploads\/2022\/11\/security-services-08-600x2231.jpg","fullpage-thumbnail-image-url":"https:\/\/websitedemos.net\/wp-content\/uploads\/2022\/11\/security-services-08-400x1487.jpg","astra-site-url":"\/\/websitedemos.net\/security-services-08","astra-site-parent-id":2586,"astra-sites-tag":{"2508":"alarm-security","2507":"camera-security","2511":"custody-services","2510":"guard","2506":"private-security","2509":"safety","2399":"security-services","2400":"security-system"},"astra-sites-type":"free","astra-site-category":{"27":"business","39":"free"},"astra-sites-template-category":[],"astra-site-page-builder":"gutenberg","categories":[],"required-plugins":[{"slug":"ultimate-addons-for-gutenberg","init":"ultimate-addons-for-gutenberg\/ultimate-addons-for-gutenberg.php","name":"Spectra"}],"post-status":"publish","post-content":"","post-excerpt":"","pages":{"id-59250":{"title":"About","featured-image-url":"https:\/\/websitedemos.net\/wp-content\/uploads\/2022\/11\/security-services-08-about.jpg","thumbnail-image-url":"https:\/\/websitedemos.net\/wp-content\/uploads\/2022\/11\/security-services-08-about-600x1145.jpg","astra-page-api-url":"https:\/\/websitedemos.net\/security-services-08\/wp-json\/wp\/v2\/pages\/528","dynamic-page":"no","astra-page-url":"\/\/websitedemos.net\/security-services-08\/about\/","astra-sites-tag":{"352":"about"},"site-pages-type":"free","site-pages-page-builder":"gutenberg","site-pages-category":[],"site-pages-parent-category":{"60":"business","61":"free"},"required-plugins":[{"slug":"ultimate-addons-for-gutenberg","init":"ultimate-addons-for-gutenberg\/ultimate-addons-for-gutenberg.php","name":"Spectra"}]},"id-59251":{"title":"Contact","featured-image-url":"https:\/\/websitedemos.net\/wp-content\/uploads\/2022\/11\/security-services-08-contact.jpg","thumbnail-image-url":"https:\/\/websitedemos.net\/wp-content\/uploads\/2022\/11\/security-services-08-contact-600x932.jpg","astra-page-api-url":"https:\/\/websitedemos.net\/security-services-08\/wp-json\/wp\/v2\/pages\/532","dynamic-page":"no","astra-page-url":"\/\/websitedemos.net\/security-services-08\/contact\/","astra-sites-tag":{"415":"contact"},"site-pages-type":"free","site-pages-page-builder":"gutenberg","site-pages-category":[],"site-pages-parent-category":{"60":"business","61":"free"},"required-plugins":[{"slug":"ultimate-addons-for-gutenberg","init":"ultimate-addons-for-gutenberg\/ultimate-addons-for-gutenberg.php","name":"Spectra"}]},"id-59252":{"title":"Home","featured-image-url":"https:\/\/websitedemos.net\/wp-content\/uploads\/2022\/11\/security-services-08.jpg","thumbnail-image-url":"https:\/\/websitedemos.net\/wp-content\/uploads\/2022\/11\/security-services-08-600x2231.jpg","astra-page-api-url":"https:\/\/websitedemos.net\/security-services-08\/wp-json\/wp\/v2\/pages\/476","dynamic-page":"no","astra-page-url":"\/\/websitedemos.net\/security-services-08\/","astra-sites-tag":{"423":"home"},"site-pages-type":"free","site-pages-page-builder":"gutenberg","site-pages-category":[],"site-pages-parent-category":{"60":"business","61":"free"},"required-plugins":[{"slug":"ultimate-addons-for-gutenberg","init":"ultimate-addons-for-gutenberg\/ultimate-addons-for-gutenberg.php","name":"Spectra"}]},"id-59253":{"title":"Services","featured-image-url":"https:\/\/websitedemos.net\/wp-content\/uploads\/2022\/11\/security-services-08-services.jpg","thumbnail-image-url":"https:\/\/websitedemos.net\/wp-content\/uploads\/2022\/11\/security-services-08-services-600x2320.jpg","astra-page-api-url":"https:\/\/websitedemos.net\/security-services-08\/wp-json\/wp\/v2\/pages\/513","dynamic-page":"no","astra-page-url":"\/\/websitedemos.net\/security-services-08\/services\/","astra-sites-tag":{"425":"services"},"site-pages-type":"free","site-pages-page-builder":"gutenberg","site-pages-category":[],"site-pages-parent-category":{"60":"business","61":"free"},"required-plugins":[{"slug":"ultimate-addons-for-gutenberg","init":"ultimate-addons-for-gutenberg\/ultimate-addons-for-gutenberg.php","name":"Spectra"}]}},"related-bb-template":"","related-elementor-template":"","related-gutenberg-template":"","related_ecommerce_template":"","ecommerce_parent_template":""},"id-59219":{"title":"Personal Portfolio","id":59219,"publish-date":1643987375,"featured-image-url":"https:\/\/websitedemos.net\/wp-content\/uploads\/2022\/02\/personal-portfolio-08-1.jpg","thumbnail-image-url":"https:\/\/websitedemos.net\/wp-content\/uploads\/2022\/02\/personal-portfolio-08-1-600x2832.jpg","fullpage-thumbnail-image-url":"https:\/\/websitedemos.net\/wp-content\/uploads\/2022\/02\/personal-portfolio-08-1-400x1888.jpg","astra-site-url":"\/\/websitedemos.net\/personal-portfolio-08","astra-site-parent-id":2584,"astra-sites-tag":{"2151":"curriculum-vitae","2150":"cv","1903":"personal-website","444":"portfolio","2153":"resume","2152":"work-profile"},"astra-sites-type":"free","astra-site-category":{"27":"business","39":"free"},"astra-sites-template-category":[],"astra-site-page-builder":"gutenberg","categories":{"2488":"portfolio"},"required-plugins":[{"slug":"ultimate-addons-for-gutenberg","init":"ultimate-addons-for-gutenberg\/ultimate-addons-for-gutenberg.php","name":"Spectra"}],"post-status":"publish","post-content":"","post-excerpt":"","pages":{"id-59220":{"title":"About","featured-image-url":"https:\/\/websitedemos.net\/wp-content\/uploads\/2022\/02\/personal-portfolio-08-about-1.jpg","thumbnail-image-url":"https:\/\/websitedemos.net\/wp-content\/uploads\/2022\/02\/personal-portfolio-08-about-1-600x1481.jpg","astra-page-api-url":"https:\/\/websitedemos.net\/personal-portfolio-08\/wp-json\/wp\/v2\/pages\/1203","dynamic-page":"no","astra-page-url":"\/\/websitedemos.net\/personal-portfolio-08\/about\/","astra-sites-tag":{"352":"about"},"site-pages-type":"free","site-pages-page-builder":"gutenberg","site-pages-category":[],"site-pages-parent-category":{"60":"business","61":"free"},"required-plugins":[{"slug":"ultimate-addons-for-gutenberg","init":"ultimate-addons-for-gutenberg\/ultimate-addons-for-gutenberg.php","name":"Spectra"}]},"id-59221":{"title":"Contact","featured-image-url":"https:\/\/websitedemos.net\/wp-content\/uploads\/2022\/02\/personal-portfolio-08-contact-1.jpg","thumbnail-image-url":"https:\/\/websitedemos.net\/wp-content\/uploads\/2022\/02\/personal-portfolio-08-contact-1-600x791.jpg","astra-page-api-url":"https:\/\/websitedemos.net\/personal-portfolio-08\/wp-json\/wp\/v2\/pages\/1207","dynamic-page":"no","astra-page-url":"\/\/websitedemos.net\/personal-portfolio-08\/contact\/","astra-sites-tag":{"415":"contact"},"site-pages-type":"free","site-pages-page-builder":"gutenberg","site-pages-category":[],"site-pages-parent-category":{"60":"business","61":"free"},"required-plugins":[{"slug":"ultimate-addons-for-gutenberg","init":"ultimate-addons-for-gutenberg\/ultimate-addons-for-gutenberg.php","name":"Spectra"}]},"id-59222":{"title":"Home","featured-image-url":"https:\/\/websitedemos.net\/wp-content\/uploads\/2022\/02\/personal-portfolio-08-1.jpg","thumbnail-image-url":"https:\/\/websitedemos.net\/wp-content\/uploads\/2022\/02\/personal-portfolio-08-1-600x2832.jpg","astra-page-api-url":"https:\/\/websitedemos.net\/personal-portfolio-08\/wp-json\/wp\/v2\/pages\/1201","dynamic-page":"no","astra-page-url":"\/\/websitedemos.net\/personal-portfolio-08\/","astra-sites-tag":{"423":"home"},"site-pages-type":"free","site-pages-page-builder":"gutenberg","site-pages-category":[],"site-pages-parent-category":{"60":"business","61":"free"},"required-plugins":[{"slug":"ultimate-addons-for-gutenberg","init":"ultimate-addons-for-gutenberg\/ultimate-addons-for-gutenberg.php","name":"Spectra"}]},"id-59223":{"title":"Portfolio","featured-image-url":"https:\/\/websitedemos.net\/wp-content\/uploads\/2022\/02\/personal-portfolio-08-portfolio-1.jpg","thumbnail-image-url":"https:\/\/websitedemos.net\/wp-content\/uploads\/2022\/02\/personal-portfolio-08-portfolio-1-600x733.jpg","astra-page-api-url":"https:\/\/websitedemos.net\/personal-portfolio-08\/wp-json\/wp\/v2\/pages\/1205","dynamic-page":"no","astra-page-url":"\/\/websitedemos.net\/personal-portfolio-08\/portfolio\/","astra-sites-tag":{"444":"portfolio"},"site-pages-type":"free","site-pages-page-builder":"gutenberg","site-pages-category":[],"site-pages-parent-category":{"60":"business","61":"free"},"required-plugins":[{"slug":"ultimate-addons-for-gutenberg","init":"ultimate-addons-for-gutenberg\/ultimate-addons-for-gutenberg.php","name":"Spectra"}]}},"related-bb-template":"","related-elementor-template":"","related-gutenberg-template":"","related_ecommerce_template":"","ecommerce_parent_template":""},"id-84958":{"title":"Black Friday","id":84958,"publish-date":1701782287,"featured-image-url":"https:\/\/websitedemos.net\/wp-content\/uploads\/2023\/12\/black-friday-07.jpg","thumbnail-image-url":"https:\/\/websitedemos.net\/wp-content\/uploads\/2023\/12\/black-friday-07-600x2789.jpg","fullpage-thumbnail-image-url":"https:\/\/websitedemos.net\/wp-content\/uploads\/2023\/12\/black-friday-07-400x1859.jpg","astra-site-url":"\/\/websitedemos.net\/black-friday-07","astra-site-parent-id":3400,"astra-sites-tag":{"2991":"black-friday","2992":"blackfriday","496":"ecommerce","1817":"ecommerce-store","2689":"gadgets","383":"online-store","2993":"sales-landing","749":"store","3129":"technology"},"astra-sites-type":"agency-mini","astra-site-category":{"36":"other"},"astra-sites-template-category":{"2769":"ecommerce","2857":"online-shopping","2817":"technology"},"astra-site-page-builder":"gutenberg","categories":{"2495":"ecommerce"},"required-plugins":[{"slug":"astra-addon","init":"astra-addon\/astra-addon.php","name":"Astra Pro"},{"slug":"ultimate-addons-for-gutenberg","init":"ultimate-addons-for-gutenberg\/ultimate-addons-for-gutenberg.php","name":"Spectra"},{"slug":"woocommerce","init":"woocommerce\/woocommerce.php","name":"WooCommerce"}],"post-status":"publish","post-content":"","post-excerpt":"","pages":{"id-84959":{"title":"About","featured-image-url":"https:\/\/websitedemos.net\/wp-content\/uploads\/2023\/12\/black-friday-07-about.jpg","thumbnail-image-url":"https:\/\/websitedemos.net\/wp-content\/uploads\/2023\/12\/black-friday-07-about-600x1835.jpg","astra-page-api-url":"https:\/\/websitedemos.net\/black-friday-07\/wp-json\/wp\/v2\/pages\/1319","dynamic-page":"no","astra-page-url":"\/\/websitedemos.net\/black-friday-07\/about\/","astra-sites-tag":{"352":"about"},"site-pages-type":"agency-mini","site-pages-page-builder":"gutenberg","site-pages-category":[],"site-pages-parent-category":{"139":"other"},"required-plugins":[{"slug":"astra-addon","init":"astra-addon\/astra-addon.php","name":"Astra Pro"},{"slug":"ultimate-addons-for-gutenberg","init":"ultimate-addons-for-gutenberg\/ultimate-addons-for-gutenberg.php","name":"Spectra"}]},"id-84960":{"title":"Contact","featured-image-url":"https:\/\/websitedemos.net\/wp-content\/uploads\/2023\/12\/black-friday-07-contact.jpg","thumbnail-image-url":"https:\/\/websitedemos.net\/wp-content\/uploads\/2023\/12\/black-friday-07-contact-600x826.jpg","astra-page-api-url":"https:\/\/websitedemos.net\/black-friday-07\/wp-json\/wp\/v2\/pages\/1320","dynamic-page":"no","astra-page-url":"\/\/websitedemos.net\/black-friday-07\/contact\/","astra-sites-tag":{"415":"contact"},"site-pages-type":"agency-mini","site-pages-page-builder":"gutenberg","site-pages-category":[],"site-pages-parent-category":{"139":"other"},"required-plugins":[{"slug":"astra-addon","init":"astra-addon\/astra-addon.php","name":"Astra Pro"},{"slug":"ultimate-addons-for-gutenberg","init":"ultimate-addons-for-gutenberg\/ultimate-addons-for-gutenberg.php","name":"Spectra"}]},"id-84961":{"title":"Home","featured-image-url":"https:\/\/websitedemos.net\/wp-content\/uploads\/2023\/12\/black-friday-07.jpg","thumbnail-image-url":"https:\/\/websitedemos.net\/wp-content\/uploads\/2023\/12\/black-friday-07-600x2789.jpg","astra-page-api-url":"https:\/\/websitedemos.net\/black-friday-07\/wp-json\/wp\/v2\/pages\/1317","dynamic-page":"yes","astra-page-url":"\/\/websitedemos.net\/black-friday-07\/","astra-sites-tag":{"423":"home"},"site-pages-type":"agency-mini","site-pages-page-builder":"gutenberg","site-pages-category":[],"site-pages-parent-category":{"139":"other"},"required-plugins":[{"slug":"astra-addon","init":"astra-addon\/astra-addon.php","name":"Astra Pro"},{"slug":"ultimate-addons-for-gutenberg","init":"ultimate-addons-for-gutenberg\/ultimate-addons-for-gutenberg.php","name":"Spectra"},{"slug":"woocommerce","init":"woocommerce\/woocommerce.php","name":"WooCommerce"}]}},"related-bb-template":"","related-elementor-template":"","related-gutenberg-template":"","related_ecommerce_template":"","ecommerce_parent_template":""},"id-59789":{"title":"Book Store","id":59789,"publish-date":1661251526,"featured-image-url":"https:\/\/websitedemos.net\/wp-content\/uploads\/2022\/08\/book-store-08.jpg","thumbnail-image-url":"https:\/\/websitedemos.net\/wp-content\/uploads\/2022\/08\/book-store-08-600x2546.jpg","fullpage-thumbnail-image-url":"https:\/\/websitedemos.net\/wp-content\/uploads\/2022\/08\/book-store-08-400x1697.jpg","astra-site-url":"\/\/websitedemos.net\/book-store-08","astra-site-parent-id":2657,"astra-sites-tag":{"724":"author","2355":"author-book-store","2354":"author-portfolio","2353":"book-writer","2352":"books-store","496":"ecommerce","383":"online-store","1024":"woocommerce"},"astra-sites-type":"free","astra-site-category":{"38":"ecommerce","39":"free"},"astra-sites-template-category":[],"astra-site-page-builder":"gutenberg","categories":{"2495":"ecommerce"},"required-plugins":[{"slug":"ultimate-addons-for-gutenberg","init":"ultimate-addons-for-gutenberg\/ultimate-addons-for-gutenberg.php","name":"Spectra"},{"slug":"woocommerce","init":"woocommerce\/woocommerce.php","name":"WooCommerce"}],"post-status":"publish","post-content":"","post-excerpt":"","pages":{"id-59791":{"title":"Books","featured-image-url":"https:\/\/websitedemos.net\/wp-content\/uploads\/2022\/08\/book-store-08-books.jpg","thumbnail-image-url":"https:\/\/websitedemos.net\/wp-content\/uploads\/2022\/08\/book-store-08-books-600x1400.jpg","astra-page-api-url":"https:\/\/websitedemos.net\/book-store-08\/wp-json\/wp\/v2\/pages\/10","dynamic-page":"yes","astra-page-url":"\/\/websitedemos.net\/book-store-08\/books\/","astra-sites-tag":[],"site-pages-type":"free","site-pages-page-builder":"gutenberg","site-pages-category":[],"site-pages-parent-category":{"64":"ecommerce","61":"free"},"required-plugins":[{"slug":"ultimate-addons-for-gutenberg","init":"ultimate-addons-for-gutenberg\/ultimate-addons-for-gutenberg.php","name":"Spectra"},{"slug":"woocommerce","init":"woocommerce\/woocommerce.php","name":"WooCommerce"}]},"id-59792":{"title":"Contact","featured-image-url":"https:\/\/websitedemos.net\/wp-content\/uploads\/2022\/08\/book-store-08-contact.jpg","thumbnail-image-url":"https:\/\/websitedemos.net\/wp-content\/uploads\/2022\/08\/book-store-08-contact-600x931.jpg","astra-page-api-url":"https:\/\/websitedemos.net\/book-store-08\/wp-json\/wp\/v2\/pages\/16","dynamic-page":"no","astra-page-url":"\/\/websitedemos.net\/book-store-08\/contact\/","astra-sites-tag":[],"site-pages-type":"free","site-pages-page-builder":"gutenberg","site-pages-category":[],"site-pages-parent-category":{"64":"ecommerce","61":"free"},"required-plugins":[{"slug":"ultimate-addons-for-gutenberg","init":"ultimate-addons-for-gutenberg\/ultimate-addons-for-gutenberg.php","name":"Spectra"}]},"id-59793":{"title":"Home","featured-image-url":"https:\/\/websitedemos.net\/wp-content\/uploads\/2022\/08\/book-store-08.jpg","thumbnail-image-url":"https:\/\/websitedemos.net\/wp-content\/uploads\/2022\/08\/book-store-08-600x2546.jpg","astra-page-api-url":"https:\/\/websitedemos.net\/book-store-08\/wp-json\/wp\/v2\/pages\/8","dynamic-page":"yes","astra-page-url":"\/\/websitedemos.net\/book-store-08\/","astra-sites-tag":[],"site-pages-type":"free","site-pages-page-builder":"gutenberg","site-pages-category":[],"site-pages-parent-category":{"64":"ecommerce","61":"free"},"required-plugins":[{"slug":"ultimate-addons-for-gutenberg","init":"ultimate-addons-for-gutenberg\/ultimate-addons-for-gutenberg.php","name":"Spectra"},{"slug":"woocommerce","init":"woocommerce\/woocommerce.php","name":"WooCommerce"}]},"id-59790":{"title":"About Author","featured-image-url":"https:\/\/websitedemos.net\/wp-content\/uploads\/2022\/08\/book-store-08-about-author.jpg","thumbnail-image-url":"https:\/\/websitedemos.net\/wp-content\/uploads\/2022\/08\/book-store-08-about-author-600x1597.jpg","astra-page-api-url":"https:\/\/websitedemos.net\/book-store-08\/wp-json\/wp\/v2\/pages\/12","dynamic-page":"no","astra-page-url":"\/\/websitedemos.net\/book-store-08\/about-author\/","astra-sites-tag":[],"site-pages-type":"free","site-pages-page-builder":"gutenberg","site-pages-category":[],"site-pages-parent-category":{"64":"ecommerce","61":"free"},"required-plugins":[{"slug":"ultimate-addons-for-gutenberg","init":"ultimate-addons-for-gutenberg\/ultimate-addons-for-gutenberg.php","name":"Spectra"}]}},"related-bb-template":"","related-elementor-template":"","related-gutenberg-template":"","related_ecommerce_template":75363,"ecommerce_parent_template":""},"id-59775":{"title":"Digital Agency","id":59775,"publish-date":1661176634,"featured-image-url":"https:\/\/websitedemos.net\/wp-content\/uploads\/2022\/08\/agency-08.jpg","thumbnail-image-url":"https:\/\/websitedemos.net\/wp-content\/uploads\/2022\/08\/agency-08-600x2216.jpg","fullpage-thumbnail-image-url":"https:\/\/websitedemos.net\/wp-content\/uploads\/2022\/08\/agency-08-400x1477.jpg","astra-site-url":"\/\/websitedemos.net\/agency-08","astra-site-parent-id":2656,"astra-sites-tag":{"663":"agency","979":"company","686":"corporate","664":"digital-services","812":"office","665":"service-agency"},"astra-sites-type":"free","astra-site-category":{"27":"business","39":"free"},"astra-sites-template-category":[],"astra-site-page-builder":"gutenberg","categories":{"2487":"agency"},"required-plugins":[{"slug":"ultimate-addons-for-gutenberg","init":"ultimate-addons-for-gutenberg\/ultimate-addons-for-gutenberg.php","name":"Spectra"}],"post-status":"publish","post-content":"","post-excerpt":"","pages":{"id-59776":{"title":"About","featured-image-url":"https:\/\/websitedemos.net\/wp-content\/uploads\/2022\/08\/agency-08-about.jpg","thumbnail-image-url":"https:\/\/websitedemos.net\/wp-content\/uploads\/2022\/08\/agency-08-about-600x1426.jpg","astra-page-api-url":"https:\/\/websitedemos.net\/agency-08\/wp-json\/wp\/v2\/pages\/1490","dynamic-page":"no","astra-page-url":"\/\/websitedemos.net\/agency-08\/about\/","astra-sites-tag":[],"site-pages-type":"free","site-pages-page-builder":"gutenberg","site-pages-category":[],"site-pages-parent-category":{"60":"business","61":"free"},"required-plugins":[{"slug":"ultimate-addons-for-gutenberg","init":"ultimate-addons-for-gutenberg\/ultimate-addons-for-gutenberg.php","name":"Spectra"}]},"id-59777":{"title":"Contact","featured-image-url":"https:\/\/websitedemos.net\/wp-content\/uploads\/2022\/08\/agency-08-contact.jpg","thumbnail-image-url":"https:\/\/websitedemos.net\/wp-content\/uploads\/2022\/08\/agency-08-contact-600x829.jpg","astra-page-api-url":"https:\/\/websitedemos.net\/agency-08\/wp-json\/wp\/v2\/pages\/1494","dynamic-page":"no","astra-page-url":"\/\/websitedemos.net\/agency-08\/contact\/","astra-sites-tag":[],"site-pages-type":"free","site-pages-page-builder":"gutenberg","site-pages-category":[],"site-pages-parent-category":{"60":"business","61":"free"},"required-plugins":[{"slug":"ultimate-addons-for-gutenberg","init":"ultimate-addons-for-gutenberg\/ultimate-addons-for-gutenberg.php","name":"Spectra"}]},"id-59778":{"title":"Home","featured-image-url":"https:\/\/websitedemos.net\/wp-content\/uploads\/2022\/08\/agency-08.jpg","thumbnail-image-url":"https:\/\/websitedemos.net\/wp-content\/uploads\/2022\/08\/agency-08-600x2216.jpg","astra-page-api-url":"https:\/\/websitedemos.net\/agency-08\/wp-json\/wp\/v2\/pages\/1488","dynamic-page":"no","astra-page-url":"\/\/websitedemos.net\/agency-08\/","astra-sites-tag":[],"site-pages-type":"free","site-pages-page-builder":"gutenberg","site-pages-category":[],"site-pages-parent-category":{"60":"business","61":"free"},"required-plugins":[{"slug":"ultimate-addons-for-gutenberg","init":"ultimate-addons-for-gutenberg\/ultimate-addons-for-gutenberg.php","name":"Spectra"}]},"id-59779":{"title":"Services","featured-image-url":"https:\/\/websitedemos.net\/wp-content\/uploads\/2022\/08\/agency-08-services.jpg","thumbnail-image-url":"https:\/\/websitedemos.net\/wp-content\/uploads\/2022\/08\/agency-08-services-600x1322.jpg","astra-page-api-url":"https:\/\/websitedemos.net\/agency-08\/wp-json\/wp\/v2\/pages\/1492","dynamic-page":"no","astra-page-url":"\/\/websitedemos.net\/agency-08\/services\/","astra-sites-tag":[],"site-pages-type":"free","site-pages-page-builder":"gutenberg","site-pages-category":[],"site-pages-parent-category":{"60":"business","61":"free"},"required-plugins":[{"slug":"ultimate-addons-for-gutenberg","init":"ultimate-addons-for-gutenberg\/ultimate-addons-for-gutenberg.php","name":"Spectra"}]}},"related-bb-template":"","related-elementor-template":"","related-gutenberg-template":"","related_ecommerce_template":"","ecommerce_parent_template":""},"id-73697":{"title":"Be Bold","id":73697,"publish-date":1683566320,"featured-image-url":"https:\/\/websitedemos.net\/wp-content\/uploads\/2023\/05\/be-bold-beauty-store-07.jpg","thumbnail-image-url":"https:\/\/websitedemos.net\/wp-content\/uploads\/2023\/05\/be-bold-beauty-store-07-600x2434.jpg","fullpage-thumbnail-image-url":"https:\/\/websitedemos.net\/wp-content\/uploads\/2023\/05\/be-bold-beauty-store-07-400x1622.jpg","astra-site-url":"\/\/websitedemos.net\/be-bold-beauty-store-07","astra-site-parent-id":3196,"astra-sites-tag":{"1023":"beauty","1465":"beauty-products","2384":"beauty-products-store","1466":"cosmetic-products","1464":"cosmetic-store","1463":"cosmetics","496":"ecommerce","1817":"ecommerce-store","383":"online-store","749":"store","1024":"woocommerce"},"astra-sites-type":"premium","astra-site-category":{"27":"business"},"astra-sites-template-category":{"2790":"beauty-fashion","2769":"ecommerce","2890":"makeup-cosmetic","2857":"online-shopping"},"astra-site-page-builder":"gutenberg","categories":{"2479":"beauty","2495":"ecommerce"},"required-plugins":[{"slug":"cartflows","init":"cartflows\/cartflows.php","name":"CartFlows"},{"slug":"ultimate-addons-for-gutenberg","init":"ultimate-addons-for-gutenberg\/ultimate-addons-for-gutenberg.php","name":"Spectra"},{"slug":"woocommerce","init":"woocommerce\/woocommerce.php","name":"WooCommerce"}],"post-status":"publish","post-content":"","post-excerpt":"","pages":{"id-73698":{"title":"About","featured-image-url":"https:\/\/websitedemos.net\/wp-content\/uploads\/2023\/05\/be-bold-beauty-store-07-about-us.jpg","thumbnail-image-url":"https:\/\/websitedemos.net\/wp-content\/uploads\/2023\/05\/be-bold-beauty-store-07-about-us-600x1517.jpg","astra-page-api-url":"https:\/\/websitedemos.net\/be-bold-beauty-store-07\/wp-json\/wp\/v2\/pages\/871","dynamic-page":"no","astra-page-url":"\/\/websitedemos.net\/be-bold-beauty-store-07\/about\/","astra-sites-tag":{"352":"about"},"site-pages-type":"premium","site-pages-page-builder":"gutenberg","site-pages-category":[],"site-pages-parent-category":{"60":"business"},"required-plugins":[{"slug":"ultimate-addons-for-gutenberg","init":"ultimate-addons-for-gutenberg\/ultimate-addons-for-gutenberg.php","name":"Spectra"}]},"id-73699":{"title":"Contact","featured-image-url":"https:\/\/websitedemos.net\/wp-content\/uploads\/2023\/05\/be-bold-beauty-store-07-contact.jpg","thumbnail-image-url":"https:\/\/websitedemos.net\/wp-content\/uploads\/2023\/05\/be-bold-beauty-store-07-contact-600x1071.jpg","astra-page-api-url":"https:\/\/websitedemos.net\/be-bold-beauty-store-07\/wp-json\/wp\/v2\/pages\/872","dynamic-page":"no","astra-page-url":"\/\/websitedemos.net\/be-bold-beauty-store-07\/contact\/","astra-sites-tag":{"415":"contact"},"site-pages-type":"premium","site-pages-page-builder":"gutenberg","site-pages-category":[],"site-pages-parent-category":{"60":"business"},"required-plugins":[{"slug":"ultimate-addons-for-gutenberg","init":"ultimate-addons-for-gutenberg\/ultimate-addons-for-gutenberg.php","name":"Spectra"}]},"id-73700":{"title":"Home","featured-image-url":"https:\/\/websitedemos.net\/wp-content\/uploads\/2023\/05\/be-bold-beauty-store-07.jpg","thumbnail-image-url":"https:\/\/websitedemos.net\/wp-content\/uploads\/2023\/05\/be-bold-beauty-store-07-600x2434.jpg","astra-page-api-url":"https:\/\/websitedemos.net\/be-bold-beauty-store-07\/wp-json\/wp\/v2\/pages\/886","dynamic-page":"yes","astra-page-url":"\/\/websitedemos.net\/be-bold-beauty-store-07\/","astra-sites-tag":{"423":"home"},"site-pages-type":"premium","site-pages-page-builder":"gutenberg","site-pages-category":[],"site-pages-parent-category":{"60":"business"},"required-plugins":[{"slug":"cartflows","init":"cartflows\/cartflows.php","name":"CartFlows"},{"slug":"ultimate-addons-for-gutenberg","init":"ultimate-addons-for-gutenberg\/ultimate-addons-for-gutenberg.php","name":"Spectra"},{"slug":"woocommerce","init":"woocommerce\/woocommerce.php","name":"WooCommerce"}]}},"related-bb-template":"","related-elementor-template":"","related-gutenberg-template":"","related_ecommerce_template":"","ecommerce_parent_template":""},"id-59741":{"title":"Covid 19 Prevention","id":59741,"publish-date":1703934324,"featured-image-url":"https:\/\/websitedemos.net\/wp-content\/uploads\/2022\/03\/covid-prevention-08.jpg","thumbnail-image-url":"https:\/\/websitedemos.net\/wp-content\/uploads\/2022\/03\/covid-prevention-08-600x2259.jpg","fullpage-thumbnail-image-url":"https:\/\/websitedemos.net\/wp-content\/uploads\/2022\/03\/covid-prevention-08-400x1506.jpg","astra-site-url":"\/\/websitedemos.net\/covid-prevention-08","astra-site-parent-id":2654,"astra-sites-tag":{"2556":"avoidance","2554":"covid","2555":"covid-prevention","2558":"disease-prevention","2557":"prohibition"},"astra-sites-type":"free","astra-site-category":{"27":"business","39":"free"},"astra-sites-template-category":[],"astra-site-page-builder":"gutenberg","categories":{"2490":"healthcare"},"required-plugins":[{"slug":"ultimate-addons-for-gutenberg","init":"ultimate-addons-for-gutenberg\/ultimate-addons-for-gutenberg.php","name":"Spectra"}],"post-status":"publish","post-content":"","post-excerpt":"","pages":{"id-59744":{"title":"Home","featured-image-url":"https:\/\/websitedemos.net\/wp-content\/uploads\/2022\/03\/covid-prevention-08.jpg","thumbnail-image-url":"https:\/\/websitedemos.net\/wp-content\/uploads\/2022\/03\/covid-prevention-08-600x2259.jpg","astra-page-api-url":"https:\/\/websitedemos.net\/covid-prevention-08\/wp-json\/wp\/v2\/pages\/9","dynamic-page":"no","astra-page-url":"\/\/websitedemos.net\/covid-prevention-08\/","astra-sites-tag":[],"site-pages-type":"free","site-pages-page-builder":"gutenberg","site-pages-category":[],"site-pages-parent-category":{"60":"business","61":"free"},"required-plugins":[{"slug":"ultimate-addons-for-gutenberg","init":"ultimate-addons-for-gutenberg\/ultimate-addons-for-gutenberg.php","name":"Spectra"}]},"id-59743":{"title":"Contagion","featured-image-url":"https:\/\/websitedemos.net\/wp-content\/uploads\/2022\/03\/covid-prevention-08-contagion.jpg","thumbnail-image-url":"https:\/\/websitedemos.net\/wp-content\/uploads\/2022\/03\/covid-prevention-08-contagion-600x1709.jpg","astra-page-api-url":"https:\/\/websitedemos.net\/covid-prevention-08\/wp-json\/wp\/v2\/pages\/1561","dynamic-page":"no","astra-page-url":"\/\/websitedemos.net\/covid-prevention-08\/contagion\/","astra-sites-tag":[],"site-pages-type":"free","site-pages-page-builder":"gutenberg","site-pages-category":[],"site-pages-parent-category":{"60":"business","61":"free"},"required-plugins":[{"slug":"ultimate-addons-for-gutenberg","init":"ultimate-addons-for-gutenberg\/ultimate-addons-for-gutenberg.php","name":"Spectra"}]},"id-59746":{"title":"Symptoms","featured-image-url":"https:\/\/websitedemos.net\/wp-content\/uploads\/2022\/03\/covid-prevention-08-symptoms.jpg","thumbnail-image-url":"https:\/\/websitedemos.net\/wp-content\/uploads\/2022\/03\/covid-prevention-08-symptoms-600x1656.jpg","astra-page-api-url":"https:\/\/websitedemos.net\/covid-prevention-08\/wp-json\/wp\/v2\/pages\/1562","dynamic-page":"no","astra-page-url":"\/\/websitedemos.net\/covid-prevention-08\/symptoms\/","astra-sites-tag":[],"site-pages-type":"free","site-pages-page-builder":"gutenberg","site-pages-category":[],"site-pages-parent-category":{"60":"business","61":"free"},"required-plugins":[{"slug":"ultimate-addons-for-gutenberg","init":"ultimate-addons-for-gutenberg\/ultimate-addons-for-gutenberg.php","name":"Spectra"}]},"id-59745":{"title":"Prevention","featured-image-url":"https:\/\/websitedemos.net\/wp-content\/uploads\/2022\/03\/covid-prevention-08-prevention.jpg","thumbnail-image-url":"https:\/\/websitedemos.net\/wp-content\/uploads\/2022\/03\/covid-prevention-08-prevention-600x2003.jpg","astra-page-api-url":"https:\/\/websitedemos.net\/covid-prevention-08\/wp-json\/wp\/v2\/pages\/1300","dynamic-page":"no","astra-page-url":"\/\/websitedemos.net\/covid-prevention-08\/prevention\/","astra-sites-tag":[],"site-pages-type":"free","site-pages-page-builder":"gutenberg","site-pages-category":[],"site-pages-parent-category":{"60":"business","61":"free"},"required-plugins":[{"slug":"ultimate-addons-for-gutenberg","init":"ultimate-addons-for-gutenberg\/ultimate-addons-for-gutenberg.php","name":"Spectra"}]},"id-59742":{"title":"Contact Us","featured-image-url":"https:\/\/websitedemos.net\/wp-content\/uploads\/2022\/03\/covid-prevention-08-contact-us.jpg","thumbnail-image-url":"https:\/\/websitedemos.net\/wp-content\/uploads\/2022\/03\/covid-prevention-08-contact-us-600x1120.jpg","astra-page-api-url":"https:\/\/websitedemos.net\/covid-prevention-08\/wp-json\/wp\/v2\/pages\/1563","dynamic-page":"no","astra-page-url":"\/\/websitedemos.net\/covid-prevention-08\/contact-us\/","astra-sites-tag":[],"site-pages-type":"free","site-pages-page-builder":"gutenberg","site-pages-category":[],"site-pages-parent-category":{"60":"business","61":"free"},"required-plugins":[{"slug":"ultimate-addons-for-gutenberg","init":"ultimate-addons-for-gutenberg\/ultimate-addons-for-gutenberg.php","name":"Spectra"}]}},"related-bb-template":"","related-elementor-template":"","related-gutenberg-template":"","related_ecommerce_template":"","ecommerce_parent_template":""},"id-73686":{"title":"Blingg Jewelry","id":73686,"publish-date":1683565586,"featured-image-url":"https:\/\/websitedemos.net\/wp-content\/uploads\/2023\/05\/blingg-jewelry-store-07.jpg","thumbnail-image-url":"https:\/\/websitedemos.net\/wp-content\/uploads\/2023\/05\/blingg-jewelry-store-07-600x2000.jpg","fullpage-thumbnail-image-url":"https:\/\/websitedemos.net\/wp-content\/uploads\/2023\/05\/blingg-jewelry-store-07-400x1333.jpg","astra-site-url":"\/\/websitedemos.net\/blingg-jewelry-store-07","astra-site-parent-id":3195,"astra-sites-tag":{"496":"ecommerce","1817":"ecommerce-store","2912":"jewellery","2382":"jewellery-store","731":"jewelry","2529":"jewelry-store","2383":"online-jewellery-store","383":"online-store","967":"product-store","2913":"ring","749":"store","1024":"woocommerce"},"astra-sites-type":"premium","astra-site-category":{"27":"business"},"astra-sites-template-category":{"2769":"ecommerce","2838":"jewellery","2857":"online-shopping"},"astra-site-page-builder":"gutenberg","categories":{"2495":"ecommerce"},"required-plugins":[{"slug":"astra-addon","init":"astra-addon\/astra-addon.php","name":"Astra Pro"},{"slug":"ultimate-addons-for-gutenberg","init":"ultimate-addons-for-gutenberg\/ultimate-addons-for-gutenberg.php","name":"Spectra"},{"slug":"woocommerce","init":"woocommerce\/woocommerce.php","name":"WooCommerce"}],"post-status":"publish","post-content":"","post-excerpt":"","pages":{"id-73687":{"title":"About","featured-image-url":"https:\/\/websitedemos.net\/wp-content\/uploads\/2023\/05\/blingg-jewelry-store-07-about.jpg","thumbnail-image-url":"https:\/\/websitedemos.net\/wp-content\/uploads\/2023\/05\/blingg-jewelry-store-07-about-600x1473.jpg","astra-page-api-url":"https:\/\/websitedemos.net\/blingg-jewelry-store-07\/wp-json\/wp\/v2\/pages\/469","dynamic-page":"no","astra-page-url":"\/\/websitedemos.net\/blingg-jewelry-store-07\/about\/","astra-sites-tag":{"352":"about"},"site-pages-type":"premium","site-pages-page-builder":"gutenberg","site-pages-category":[],"site-pages-parent-category":{"60":"business"},"required-plugins":[{"slug":"astra-addon","init":"astra-addon\/astra-addon.php","name":"Astra Pro"},{"slug":"ultimate-addons-for-gutenberg","init":"ultimate-addons-for-gutenberg\/ultimate-addons-for-gutenberg.php","name":"Spectra"}]},"id-73688":{"title":"Contact","featured-image-url":"https:\/\/websitedemos.net\/wp-content\/uploads\/2023\/05\/blingg-jewelry-store-07-contact.jpg","thumbnail-image-url":"https:\/\/websitedemos.net\/wp-content\/uploads\/2023\/05\/blingg-jewelry-store-07-contact-600x902.jpg","astra-page-api-url":"https:\/\/websitedemos.net\/blingg-jewelry-store-07\/wp-json\/wp\/v2\/pages\/470","dynamic-page":"no","astra-page-url":"\/\/websitedemos.net\/blingg-jewelry-store-07\/contact\/","astra-sites-tag":{"415":"contact"},"site-pages-type":"premium","site-pages-page-builder":"gutenberg","site-pages-category":[],"site-pages-parent-category":{"60":"business"},"required-plugins":[{"slug":"astra-addon","init":"astra-addon\/astra-addon.php","name":"Astra Pro"},{"slug":"ultimate-addons-for-gutenberg","init":"ultimate-addons-for-gutenberg\/ultimate-addons-for-gutenberg.php","name":"Spectra"}]},"id-73689":{"title":"Home","featured-image-url":"https:\/\/websitedemos.net\/wp-content\/uploads\/2023\/05\/blingg-jewelry-store-07.jpg","thumbnail-image-url":"https:\/\/websitedemos.net\/wp-content\/uploads\/2023\/05\/blingg-jewelry-store-07-600x2000.jpg","astra-page-api-url":"https:\/\/websitedemos.net\/blingg-jewelry-store-07\/wp-json\/wp\/v2\/pages\/2","dynamic-page":"yes","astra-page-url":"\/\/websitedemos.net\/blingg-jewelry-store-07\/","astra-sites-tag":{"423":"home"},"site-pages-type":"premium","site-pages-page-builder":"gutenberg","site-pages-category":[],"site-pages-parent-category":{"60":"business"},"required-plugins":[{"slug":"astra-addon","init":"astra-addon\/astra-addon.php","name":"Astra Pro"},{"slug":"ultimate-addons-for-gutenberg","init":"ultimate-addons-for-gutenberg\/ultimate-addons-for-gutenberg.php","name":"Spectra"},{"slug":"woocommerce","init":"woocommerce\/woocommerce.php","name":"WooCommerce"}]}},"related-bb-template":"","related-elementor-template":"","related-gutenberg-template":"","related_ecommerce_template":"","ecommerce_parent_template":""},"id-59233":{"title":"Coffee House","id":59233,"publish-date":1661278258,"featured-image-url":"https:\/\/websitedemos.net\/wp-content\/uploads\/2022\/08\/coffee-house-08.jpg","thumbnail-image-url":"https:\/\/websitedemos.net\/wp-content\/uploads\/2022\/08\/coffee-house-08-600x2042.jpg","fullpage-thumbnail-image-url":"https:\/\/websitedemos.net\/wp-content\/uploads\/2022\/08\/coffee-house-08-400x1361.jpg","astra-site-url":"\/\/websitedemos.net\/coffee-house-08","astra-site-parent-id":2585,"astra-sites-tag":{"693":"cafe","2042":"cafe-bar","1527":"cafeteria","2043":"coffee-house","1575":"coffee-shop","2421":"purchases","2417":"reseller","335":"restaurant","2041":"snack-bar"},"astra-sites-type":"free","astra-site-category":{"27":"business","39":"free"},"astra-sites-template-category":[],"astra-site-page-builder":"gutenberg","categories":[],"required-plugins":[{"slug":"ultimate-addons-for-gutenberg","init":"ultimate-addons-for-gutenberg\/ultimate-addons-for-gutenberg.php","name":"Spectra"}],"post-status":"publish","post-content":"","post-excerpt":"","pages":{"id-59234":{"title":"About","featured-image-url":"https:\/\/websitedemos.net\/wp-content\/uploads\/2022\/08\/coffee-house-08-about.jpg","thumbnail-image-url":"https:\/\/websitedemos.net\/wp-content\/uploads\/2022\/08\/coffee-house-08-about-600x1733.jpg","astra-page-api-url":"https:\/\/websitedemos.net\/coffee-house-08\/wp-json\/wp\/v2\/pages\/516","dynamic-page":"no","astra-page-url":"\/\/websitedemos.net\/coffee-house-08\/about\/","astra-sites-tag":{"352":"about"},"site-pages-type":"free","site-pages-page-builder":"gutenberg","site-pages-category":[],"site-pages-parent-category":{"60":"business","61":"free"},"required-plugins":[{"slug":"ultimate-addons-for-gutenberg","init":"ultimate-addons-for-gutenberg\/ultimate-addons-for-gutenberg.php","name":"Spectra"}]},"id-59235":{"title":"Contact","featured-image-url":"https:\/\/websitedemos.net\/wp-content\/uploads\/2022\/08\/coffee-house-08-contact.jpg","thumbnail-image-url":"https:\/\/websitedemos.net\/wp-content\/uploads\/2022\/08\/coffee-house-08-contact-600x1114.jpg","astra-page-api-url":"https:\/\/websitedemos.net\/coffee-house-08\/wp-json\/wp\/v2\/pages\/520","dynamic-page":"no","astra-page-url":"\/\/websitedemos.net\/coffee-house-08\/contact\/","astra-sites-tag":{"415":"contact"},"site-pages-type":"free","site-pages-page-builder":"gutenberg","site-pages-category":[],"site-pages-parent-category":{"60":"business","61":"free"},"required-plugins":[{"slug":"ultimate-addons-for-gutenberg","init":"ultimate-addons-for-gutenberg\/ultimate-addons-for-gutenberg.php","name":"Spectra"}]},"id-59236":{"title":"Home","featured-image-url":"https:\/\/websitedemos.net\/wp-content\/uploads\/2022\/08\/coffee-house-08.jpg","thumbnail-image-url":"https:\/\/websitedemos.net\/wp-content\/uploads\/2022\/08\/coffee-house-08-600x2042.jpg","astra-page-api-url":"https:\/\/websitedemos.net\/coffee-house-08\/wp-json\/wp\/v2\/pages\/514","dynamic-page":"no","astra-page-url":"\/\/websitedemos.net\/coffee-house-08\/","astra-sites-tag":{"423":"home"},"site-pages-type":"free","site-pages-page-builder":"gutenberg","site-pages-category":[],"site-pages-parent-category":{"60":"business","61":"free"},"required-plugins":[{"slug":"ultimate-addons-for-gutenberg","init":"ultimate-addons-for-gutenberg\/ultimate-addons-for-gutenberg.php","name":"Spectra"}]},"id-59237":{"title":"Menu","featured-image-url":"https:\/\/websitedemos.net\/wp-content\/uploads\/2022\/08\/coffee-house-08-menu.jpg","thumbnail-image-url":"https:\/\/websitedemos.net\/wp-content\/uploads\/2022\/08\/coffee-house-08-menu-600x1102.jpg","astra-page-api-url":"https:\/\/websitedemos.net\/coffee-house-08\/wp-json\/wp\/v2\/pages\/518","dynamic-page":"no","astra-page-url":"\/\/websitedemos.net\/coffee-house-08\/menu\/","astra-sites-tag":{"565":"menu"},"site-pages-type":"free","site-pages-page-builder":"gutenberg","site-pages-category":[],"site-pages-parent-category":{"60":"business","61":"free"},"required-plugins":[{"slug":"ultimate-addons-for-gutenberg","init":"ultimate-addons-for-gutenberg\/ultimate-addons-for-gutenberg.php","name":"Spectra"}]}},"related-bb-template":"","related-elementor-template":"","related-gutenberg-template":"","related_ecommerce_template":"","ecommerce_parent_template":""},"id-73637":{"title":"Game Dev Studio","id":73637,"publish-date":1683560696,"featured-image-url":"https:\/\/websitedemos.net\/wp-content\/uploads\/2023\/05\/game-dev-studio-07.jpg","thumbnail-image-url":"https:\/\/websitedemos.net\/wp-content\/uploads\/2023\/05\/game-dev-studio-07-600x2839.jpg","fullpage-thumbnail-image-url":"https:\/\/websitedemos.net\/wp-content\/uploads\/2023\/05\/game-dev-studio-07-400x1892.jpg","astra-site-url":"\/\/websitedemos.net\/game-dev-studio-07","astra-site-parent-id":3192,"astra-sites-tag":{"652":"game","3073":"game-development","3077":"gamedesign","3074":"gamedev","3075":"gamedeveloper","3072":"gaming","1510":"studio","3076":"videogames"},"astra-sites-type":"premium","astra-site-category":{"27":"business"},"astra-sites-template-category":{"2777":"business","2791":"creative","2768":"portfolio","2779":"software-company"},"astra-site-page-builder":"gutenberg","categories":{"2499":"technology"},"required-plugins":[{"slug":"ultimate-addons-for-gutenberg","init":"ultimate-addons-for-gutenberg\/ultimate-addons-for-gutenberg.php","name":"Spectra"}],"post-status":"publish","post-content":"","post-excerpt":"","pages":{"id-73641":{"title":"Projects","featured-image-url":"https:\/\/websitedemos.net\/wp-content\/uploads\/2023\/05\/game-dev-studio-07-projects.jpg","thumbnail-image-url":"https:\/\/websitedemos.net\/wp-content\/uploads\/2023\/05\/game-dev-studio-07-projects-600x1421.jpg","astra-page-api-url":"https:\/\/websitedemos.net\/game-dev-studio-07\/wp-json\/wp\/v2\/pages\/647","dynamic-page":"no","astra-page-url":"\/\/websitedemos.net\/game-dev-studio-07\/projects\/","astra-sites-tag":{"1613":"projects"},"site-pages-type":"premium","site-pages-page-builder":"gutenberg","site-pages-category":[],"site-pages-parent-category":{"60":"business"},"required-plugins":[{"slug":"ultimate-addons-for-gutenberg","init":"ultimate-addons-for-gutenberg\/ultimate-addons-for-gutenberg.php","name":"Spectra"}]},"id-73638":{"title":"About","featured-image-url":"https:\/\/websitedemos.net\/wp-content\/uploads\/2023\/05\/game-dev-studio-07-about.jpg","thumbnail-image-url":"https:\/\/websitedemos.net\/wp-content\/uploads\/2023\/05\/game-dev-studio-07-about-600x2598.jpg","astra-page-api-url":"https:\/\/websitedemos.net\/game-dev-studio-07\/wp-json\/wp\/v2\/pages\/645","dynamic-page":"no","astra-page-url":"\/\/websitedemos.net\/game-dev-studio-07\/about\/","astra-sites-tag":{"352":"about"},"site-pages-type":"premium","site-pages-page-builder":"gutenberg","site-pages-category":[],"site-pages-parent-category":{"60":"business"},"required-plugins":[{"slug":"ultimate-addons-for-gutenberg","init":"ultimate-addons-for-gutenberg\/ultimate-addons-for-gutenberg.php","name":"Spectra"}]},"id-73639":{"title":"Contact","featured-image-url":"https:\/\/websitedemos.net\/wp-content\/uploads\/2023\/05\/game-dev-studio-07-contact.jpg","thumbnail-image-url":"https:\/\/websitedemos.net\/wp-content\/uploads\/2023\/05\/game-dev-studio-07-contact-600x905.jpg","astra-page-api-url":"https:\/\/websitedemos.net\/game-dev-studio-07\/wp-json\/wp\/v2\/pages\/649","dynamic-page":"no","astra-page-url":"\/\/websitedemos.net\/game-dev-studio-07\/contact\/","astra-sites-tag":{"415":"contact"},"site-pages-type":"premium","site-pages-page-builder":"gutenberg","site-pages-category":[],"site-pages-parent-category":{"60":"business"},"required-plugins":[{"slug":"ultimate-addons-for-gutenberg","init":"ultimate-addons-for-gutenberg\/ultimate-addons-for-gutenberg.php","name":"Spectra"}]},"id-73640":{"title":"Home","featured-image-url":"https:\/\/websitedemos.net\/wp-content\/uploads\/2023\/05\/game-dev-studio-07.jpg","thumbnail-image-url":"https:\/\/websitedemos.net\/wp-content\/uploads\/2023\/05\/game-dev-studio-07-600x2839.jpg","astra-page-api-url":"https:\/\/websitedemos.net\/game-dev-studio-07\/wp-json\/wp\/v2\/pages\/642","dynamic-page":"no","astra-page-url":"\/\/websitedemos.net\/game-dev-studio-07\/","astra-sites-tag":{"423":"home"},"site-pages-type":"premium","site-pages-page-builder":"gutenberg","site-pages-category":[],"site-pages-parent-category":{"60":"business"},"required-plugins":[{"slug":"ultimate-addons-for-gutenberg","init":"ultimate-addons-for-gutenberg\/ultimate-addons-for-gutenberg.php","name":"Spectra"}]}},"related-bb-template":"","related-elementor-template":"","related-gutenberg-template":"","related_ecommerce_template":"","ecommerce_parent_template":""},"id-58561":{"title":"Fashion Designer","id":58561,"publish-date":1634042866,"featured-image-url":"https:\/\/websitedemos.net\/wp-content\/uploads\/2021\/10\/fashion-designer-boutique-08.jpg","thumbnail-image-url":"https:\/\/websitedemos.net\/wp-content\/uploads\/2021\/10\/fashion-designer-boutique-08-600x2900.jpg","fullpage-thumbnail-image-url":"https:\/\/websitedemos.net\/wp-content\/uploads\/2021\/10\/fashion-designer-boutique-08-400x1933.jpg","astra-site-url":"\/\/websitedemos.net\/fashion-designer-boutique-08","astra-site-parent-id":2452,"astra-sites-tag":{"2105":"boutique","2418":"commerce","2350":"designer-cloths-store","496":"ecommerce","2419":"eshopping","2327":"fashion-designer","2349":"fashion-designer-boutique","2351":"fashion-designer-portfolio","2422":"online-market","732":"online-shop","2420":"online-shopping","383":"online-store","444":"portfolio","2421":"purchases","2417":"reseller","733":"shop","2416":"shopping","749":"store","966":"woo-commerce","1024":"woocommerce"},"astra-sites-type":"free","astra-site-category":{"38":"ecommerce","39":"free"},"astra-sites-template-category":[],"astra-site-page-builder":"gutenberg","categories":{"2495":"ecommerce"},"required-plugins":[{"slug":"checkout-plugins-stripe-woo","init":"checkout-plugins-stripe-woo\/checkout-plugins-stripe-woo.php","name":"Checkout Plugins - Stripe for WooCommerce"},{"slug":"ultimate-addons-for-gutenberg","init":"ultimate-addons-for-gutenberg\/ultimate-addons-for-gutenberg.php","name":"Spectra"},{"slug":"woocommerce","init":"woocommerce\/woocommerce.php","name":"WooCommerce"},{"slug":"variation-swatches-woo","init":"variation-swatches-woo\/variation-swatches-woo.php","name":"Variation Swatches for WooCommerce"}],"post-status":"publish","post-content":"","post-excerpt":"","pages":{"id-58562":{"title":"About","featured-image-url":"https:\/\/websitedemos.net\/wp-content\/uploads\/2021\/10\/fashion-designer-boutique-08-about-2.jpg","thumbnail-image-url":"https:\/\/websitedemos.net\/wp-content\/uploads\/2021\/10\/fashion-designer-boutique-08-about-2-600x1400.jpg","astra-page-api-url":"https:\/\/websitedemos.net\/fashion-designer-boutique-08\/wp-json\/wp\/v2\/pages\/1009","dynamic-page":"no","astra-page-url":"\/\/websitedemos.net\/fashion-designer-boutique-08\/about\/","astra-sites-tag":{"352":"about"},"site-pages-type":"free","site-pages-page-builder":"gutenberg","site-pages-category":[],"site-pages-parent-category":{"64":"ecommerce","61":"free"},"required-plugins":[{"slug":"ultimate-addons-for-gutenberg","init":"ultimate-addons-for-gutenberg\/ultimate-addons-for-gutenberg.php","name":"Spectra"}]},"id-58564":{"title":"Contact","featured-image-url":"https:\/\/websitedemos.net\/wp-content\/uploads\/2021\/10\/fashion-designer-boutique-08-contact-1.jpg","thumbnail-image-url":"https:\/\/websitedemos.net\/wp-content\/uploads\/2021\/10\/fashion-designer-boutique-08-contact-1-600x1045.jpg","astra-page-api-url":"https:\/\/websitedemos.net\/fashion-designer-boutique-08\/wp-json\/wp\/v2\/pages\/1015","dynamic-page":"no","astra-page-url":"\/\/websitedemos.net\/fashion-designer-boutique-08\/contact\/","astra-sites-tag":{"415":"contact"},"site-pages-type":"free","site-pages-page-builder":"gutenberg","site-pages-category":[],"site-pages-parent-category":{"64":"ecommerce","61":"free"},"required-plugins":[{"slug":"ultimate-addons-for-gutenberg","init":"ultimate-addons-for-gutenberg\/ultimate-addons-for-gutenberg.php","name":"Spectra"}]},"id-58563":{"title":"Collection","featured-image-url":"https:\/\/websitedemos.net\/wp-content\/uploads\/2021\/10\/fashion-designer-boutique-08-collection-1.jpg","thumbnail-image-url":"https:\/\/websitedemos.net\/wp-content\/uploads\/2021\/10\/fashion-designer-boutique-08-collection-1-600x2040.jpg","astra-page-api-url":"https:\/\/websitedemos.net\/fashion-designer-boutique-08\/wp-json\/wp\/v2\/pages\/1011","dynamic-page":"yes","astra-page-url":"\/\/websitedemos.net\/fashion-designer-boutique-08\/collection\/","astra-sites-tag":{"596":"collection","2453":"stock"},"site-pages-type":"free","site-pages-page-builder":"gutenberg","site-pages-category":[],"site-pages-parent-category":{"64":"ecommerce","61":"free"},"required-plugins":[{"slug":"checkout-plugins-stripe-woo","init":"checkout-plugins-stripe-woo\/checkout-plugins-stripe-woo.php","name":"Checkout Plugins - Stripe for WooCommerce"},{"slug":"ultimate-addons-for-gutenberg","init":"ultimate-addons-for-gutenberg\/ultimate-addons-for-gutenberg.php","name":"Spectra"},{"slug":"variation-swatches-woo","init":"variation-swatches-woo\/variation-swatches-woo.php","name":"Variation Swatches for WooCommerce"},{"slug":"woocommerce","init":"woocommerce\/woocommerce.php","name":"WooCommerce"}]},"id-58566":{"title":"New Arrivals","featured-image-url":"https:\/\/websitedemos.net\/wp-content\/uploads\/2021\/10\/fashion-designer-boutique-08-new-arrivals-1.jpg","thumbnail-image-url":"https:\/\/websitedemos.net\/wp-content\/uploads\/2021\/10\/fashion-designer-boutique-08-new-arrivals-1-600x2023.jpg","astra-page-api-url":"https:\/\/websitedemos.net\/fashion-designer-boutique-08\/wp-json\/wp\/v2\/pages\/1013","dynamic-page":"yes","astra-page-url":"\/\/websitedemos.net\/fashion-designer-boutique-08\/new-arrivals\/","astra-sites-tag":{"2326":"new-arrival"},"site-pages-type":"free","site-pages-page-builder":"gutenberg","site-pages-category":[],"site-pages-parent-category":{"64":"ecommerce","61":"free"},"required-plugins":[{"slug":"checkout-plugins-stripe-woo","init":"checkout-plugins-stripe-woo\/checkout-plugins-stripe-woo.php","name":"Checkout Plugins - Stripe for WooCommerce"},{"slug":"ultimate-addons-for-gutenberg","init":"ultimate-addons-for-gutenberg\/ultimate-addons-for-gutenberg.php","name":"Spectra"},{"slug":"variation-swatches-woo","init":"variation-swatches-woo\/variation-swatches-woo.php","name":"Variation Swatches for WooCommerce"},{"slug":"woocommerce","init":"woocommerce\/woocommerce.php","name":"WooCommerce"}]},"id-58565":{"title":"Home","featured-image-url":"https:\/\/websitedemos.net\/wp-content\/uploads\/2021\/10\/fashion-designer-boutique-08.jpg","thumbnail-image-url":"https:\/\/websitedemos.net\/wp-content\/uploads\/2021\/10\/fashion-designer-boutique-08-600x2900.jpg","astra-page-api-url":"https:\/\/websitedemos.net\/fashion-designer-boutique-08\/wp-json\/wp\/v2\/pages\/1007","dynamic-page":"yes","astra-page-url":"\/\/websitedemos.net\/fashion-designer-boutique-08\/","astra-sites-tag":{"423":"home"},"site-pages-type":"free","site-pages-page-builder":"gutenberg","site-pages-category":[],"site-pages-parent-category":{"64":"ecommerce","61":"free"},"required-plugins":[{"slug":"checkout-plugins-stripe-woo","init":"checkout-plugins-stripe-woo\/checkout-plugins-stripe-woo.php","name":"Checkout Plugins - Stripe for WooCommerce"},{"slug":"ultimate-addons-for-gutenberg","init":"ultimate-addons-for-gutenberg\/ultimate-addons-for-gutenberg.php","name":"Spectra"},{"slug":"variation-swatches-woo","init":"variation-swatches-woo\/variation-swatches-woo.php","name":"Variation Swatches for WooCommerce"},{"slug":"woocommerce","init":"woocommerce\/woocommerce.php","name":"WooCommerce"}]}},"related-bb-template":"","related-elementor-template":"","related-gutenberg-template":"","related_ecommerce_template":"","ecommerce_parent_template":""},"id-73669":{"title":"The Pizzeria","id":73669,"publish-date":1683564886,"featured-image-url":"https:\/\/websitedemos.net\/wp-content\/uploads\/2023\/05\/pizzeria-07.jpg","thumbnail-image-url":"https:\/\/websitedemos.net\/wp-content\/uploads\/2023\/05\/pizzeria-07-600x3273.jpg","fullpage-thumbnail-image-url":"https:\/\/websitedemos.net\/wp-content\/uploads\/2023\/05\/pizzeria-07-400x2182.jpg","astra-site-url":"\/\/websitedemos.net\/pizzeria-07","astra-site-parent-id":3194,"astra-sites-tag":{"2011":"fast-food-chain","2013":"fast-food-restaurant","2018":"fast-food-service","350":"hotel","563":"italian-restaurant","1975":"pasta","1971":"pizza","2012":"pizza-house","1977":"pizzeria","335":"restaurant"},"astra-sites-type":"premium","astra-site-category":{"27":"business"},"astra-sites-template-category":{"2777":"business","2785":"food","2876":"food-ordering","2776":"restaurant"},"astra-site-page-builder":"gutenberg","categories":{"2496":"restaurant-food"},"required-plugins":[{"slug":"ultimate-addons-for-gutenberg","init":"ultimate-addons-for-gutenberg\/ultimate-addons-for-gutenberg.php","name":"Spectra"}],"post-status":"publish","post-content":"","post-excerpt":"","pages":{"id-73673":{"title":"Offers","featured-image-url":"https:\/\/websitedemos.net\/wp-content\/uploads\/2023\/05\/pizzeria-07-offers.jpg","thumbnail-image-url":"https:\/\/websitedemos.net\/wp-content\/uploads\/2023\/05\/pizzeria-07-offers-600x1934.jpg","astra-page-api-url":"https:\/\/websitedemos.net\/pizzeria-07\/wp-json\/wp\/v2\/pages\/1298","dynamic-page":"no","astra-page-url":"\/\/websitedemos.net\/pizzeria-07\/offers\/","astra-sites-tag":{"1969":"offers"},"site-pages-type":"premium","site-pages-page-builder":"gutenberg","site-pages-category":[],"site-pages-parent-category":{"60":"business"},"required-plugins":[{"slug":"ultimate-addons-for-gutenberg","init":"ultimate-addons-for-gutenberg\/ultimate-addons-for-gutenberg.php","name":"Spectra"}]},"id-73674":{"title":"Our Menu","featured-image-url":"https:\/\/websitedemos.net\/wp-content\/uploads\/2023\/05\/pizzeria-07-our-menu.jpg","thumbnail-image-url":"https:\/\/websitedemos.net\/wp-content\/uploads\/2023\/05\/pizzeria-07-our-menu-600x2784.jpg","astra-page-api-url":"https:\/\/websitedemos.net\/pizzeria-07\/wp-json\/wp\/v2\/pages\/1296","dynamic-page":"no","astra-page-url":"\/\/websitedemos.net\/pizzeria-07\/our-menu\/","astra-sites-tag":{"1578":"our-menu"},"site-pages-type":"premium","site-pages-page-builder":"gutenberg","site-pages-category":[],"site-pages-parent-category":{"60":"business"},"required-plugins":[{"slug":"ultimate-addons-for-gutenberg","init":"ultimate-addons-for-gutenberg\/ultimate-addons-for-gutenberg.php","name":"Spectra"}]},"id-73670":{"title":"About","featured-image-url":"https:\/\/websitedemos.net\/wp-content\/uploads\/2023\/05\/pizzeria-07-about.jpg","thumbnail-image-url":"https:\/\/websitedemos.net\/wp-content\/uploads\/2023\/05\/pizzeria-07-about-600x1915.jpg","astra-page-api-url":"https:\/\/websitedemos.net\/pizzeria-07\/wp-json\/wp\/v2\/pages\/1297","dynamic-page":"no","astra-page-url":"\/\/websitedemos.net\/pizzeria-07\/about\/","astra-sites-tag":{"352":"about"},"site-pages-type":"premium","site-pages-page-builder":"gutenberg","site-pages-category":[],"site-pages-parent-category":{"60":"business"},"required-plugins":[{"slug":"ultimate-addons-for-gutenberg","init":"ultimate-addons-for-gutenberg\/ultimate-addons-for-gutenberg.php","name":"Spectra"}]},"id-73671":{"title":"Contact","featured-image-url":"https:\/\/websitedemos.net\/wp-content\/uploads\/2023\/05\/pizzeria-07-contact.jpg","thumbnail-image-url":"https:\/\/websitedemos.net\/wp-content\/uploads\/2023\/05\/pizzeria-07-contact-600x1580.jpg","astra-page-api-url":"https:\/\/websitedemos.net\/pizzeria-07\/wp-json\/wp\/v2\/pages\/1299","dynamic-page":"no","astra-page-url":"\/\/websitedemos.net\/pizzeria-07\/contact\/","astra-sites-tag":{"415":"contact"},"site-pages-type":"premium","site-pages-page-builder":"gutenberg","site-pages-category":[],"site-pages-parent-category":{"60":"business"},"required-plugins":[{"slug":"ultimate-addons-for-gutenberg","init":"ultimate-addons-for-gutenberg\/ultimate-addons-for-gutenberg.php","name":"Spectra"}]},"id-73672":{"title":"Home","featured-image-url":"https:\/\/websitedemos.net\/wp-content\/uploads\/2023\/05\/pizzeria-07.jpg","thumbnail-image-url":"https:\/\/websitedemos.net\/wp-content\/uploads\/2023\/05\/pizzeria-07-600x3273.jpg","astra-page-api-url":"https:\/\/websitedemos.net\/pizzeria-07\/wp-json\/wp\/v2\/pages\/1294","dynamic-page":"no","astra-page-url":"\/\/websitedemos.net\/pizzeria-07\/","astra-sites-tag":{"423":"home"},"site-pages-type":"premium","site-pages-page-builder":"gutenberg","site-pages-category":[],"site-pages-parent-category":{"60":"business"},"required-plugins":[{"slug":"ultimate-addons-for-gutenberg","init":"ultimate-addons-for-gutenberg\/ultimate-addons-for-gutenberg.php","name":"Spectra"}]}},"related-bb-template":"","related-elementor-template":"","related-gutenberg-template":"","related_ecommerce_template":"","ecommerce_parent_template":""},"id-59557":{"title":"Guitarist","id":59557,"publish-date":1675438131,"featured-image-url":"https:\/\/websitedemos.net\/wp-content\/uploads\/2023\/02\/guitarist-08.jpg","thumbnail-image-url":"https:\/\/websitedemos.net\/wp-content\/uploads\/2023\/02\/guitarist-08-600x3032.jpg","fullpage-thumbnail-image-url":"https:\/\/websitedemos.net\/wp-content\/uploads\/2023\/02\/guitarist-08-400x2021.jpg","astra-site-url":"\/\/websitedemos.net\/guitarist-08","astra-site-parent-id":2637,"astra-sites-tag":{"2612":"guitar-cello","2611":"guitar-player","2610":"guitarist","1571":"singer","1573":"vocalist"},"astra-sites-type":"free","astra-site-category":{"27":"business","39":"free"},"astra-sites-template-category":{"2802":"artist","2781":"music","2868":"musician-singer"},"astra-site-page-builder":"gutenberg","categories":{"2486":"art-music"},"required-plugins":[{"slug":"ultimate-addons-for-gutenberg","init":"ultimate-addons-for-gutenberg\/ultimate-addons-for-gutenberg.php","name":"Spectra"}],"post-status":"publish","post-content":"","post-excerpt":"","pages":{"id-59558":{"title":"About","featured-image-url":"https:\/\/websitedemos.net\/wp-content\/uploads\/2023\/02\/guitarist-08-about.jpg","thumbnail-image-url":"https:\/\/websitedemos.net\/wp-content\/uploads\/2023\/02\/guitarist-08-about-600x2350.jpg","astra-page-api-url":"https:\/\/websitedemos.net\/guitarist-08\/wp-json\/wp\/v2\/pages\/774","dynamic-page":"no","astra-page-url":"\/\/websitedemos.net\/guitarist-08\/about\/","astra-sites-tag":{"352":"about"},"site-pages-type":"free","site-pages-page-builder":"gutenberg","site-pages-category":[],"site-pages-parent-category":{"60":"business","61":"free"},"required-plugins":[{"slug":"ultimate-addons-for-gutenberg","init":"ultimate-addons-for-gutenberg\/ultimate-addons-for-gutenberg.php","name":"Spectra"}]},"id-59559":{"title":"Contact","featured-image-url":"https:\/\/websitedemos.net\/wp-content\/uploads\/2023\/02\/guitarist-08-contact.jpg","thumbnail-image-url":"https:\/\/websitedemos.net\/wp-content\/uploads\/2023\/02\/guitarist-08-contact-600x921.jpg","astra-page-api-url":"https:\/\/websitedemos.net\/guitarist-08\/wp-json\/wp\/v2\/pages\/780","dynamic-page":"no","astra-page-url":"\/\/websitedemos.net\/guitarist-08\/contact\/","astra-sites-tag":{"415":"contact"},"site-pages-type":"free","site-pages-page-builder":"gutenberg","site-pages-category":[],"site-pages-parent-category":{"60":"business","61":"free"},"required-plugins":[{"slug":"ultimate-addons-for-gutenberg","init":"ultimate-addons-for-gutenberg\/ultimate-addons-for-gutenberg.php","name":"Spectra"}]},"id-59560":{"title":"Home","featured-image-url":"https:\/\/websitedemos.net\/wp-content\/uploads\/2023\/02\/guitarist-08.jpg","thumbnail-image-url":"https:\/\/websitedemos.net\/wp-content\/uploads\/2023\/02\/guitarist-08-600x3032.jpg","astra-page-api-url":"https:\/\/websitedemos.net\/guitarist-08\/wp-json\/wp\/v2\/pages\/772","dynamic-page":"no","astra-page-url":"\/\/websitedemos.net\/guitarist-08\/","astra-sites-tag":{"423":"home"},"site-pages-type":"free","site-pages-page-builder":"gutenberg","site-pages-category":[],"site-pages-parent-category":{"60":"business","61":"free"},"required-plugins":[{"slug":"ultimate-addons-for-gutenberg","init":"ultimate-addons-for-gutenberg\/ultimate-addons-for-gutenberg.php","name":"Spectra"}]},"id-59561":{"title":"Lessons","featured-image-url":"https:\/\/websitedemos.net\/wp-content\/uploads\/2023\/02\/guitarist-08-lessons.jpg","thumbnail-image-url":"https:\/\/websitedemos.net\/wp-content\/uploads\/2023\/02\/guitarist-08-lessons-600x1434.jpg","astra-page-api-url":"https:\/\/websitedemos.net\/guitarist-08\/wp-json\/wp\/v2\/pages\/776","dynamic-page":"no","astra-page-url":"\/\/websitedemos.net\/guitarist-08\/lessons\/","astra-sites-tag":{"747":"lessons"},"site-pages-type":"free","site-pages-page-builder":"gutenberg","site-pages-category":[],"site-pages-parent-category":{"60":"business","61":"free"},"required-plugins":[{"slug":"ultimate-addons-for-gutenberg","init":"ultimate-addons-for-gutenberg\/ultimate-addons-for-gutenberg.php","name":"Spectra"}]},"id-59562":{"title":"Shows","featured-image-url":"https:\/\/websitedemos.net\/wp-content\/uploads\/2023\/02\/guitarist-08-shows.jpg","thumbnail-image-url":"https:\/\/websitedemos.net\/wp-content\/uploads\/2023\/02\/guitarist-08-shows-600x1090.jpg","astra-page-api-url":"https:\/\/websitedemos.net\/guitarist-08\/wp-json\/wp\/v2\/pages\/778","dynamic-page":"no","astra-page-url":"\/\/websitedemos.net\/guitarist-08\/shows\/","astra-sites-tag":{"1568":"shows"},"site-pages-type":"free","site-pages-page-builder":"gutenberg","site-pages-category":[],"site-pages-parent-category":{"60":"business","61":"free"},"required-plugins":[{"slug":"ultimate-addons-for-gutenberg","init":"ultimate-addons-for-gutenberg\/ultimate-addons-for-gutenberg.php","name":"Spectra"}]}},"related-bb-template":"","related-elementor-template":"","related-gutenberg-template":"","related_ecommerce_template":"","ecommerce_parent_template":""},"id-73652":{"title":"Media Agency","id":73652,"publish-date":1683561623,"featured-image-url":"https:\/\/websitedemos.net\/wp-content\/uploads\/2023\/05\/media-agency-07.jpg","thumbnail-image-url":"https:\/\/websitedemos.net\/wp-content\/uploads\/2023\/05\/media-agency-07-600x2450.jpg","fullpage-thumbnail-image-url":"https:\/\/websitedemos.net\/wp-content\/uploads\/2023\/05\/media-agency-07-400x1633.jpg","astra-site-url":"\/\/websitedemos.net\/media-agency-07","astra-site-parent-id":3193,"astra-sites-tag":{"1587":"advertising-agency","2232":"advertising-company","2229":"advertising-firm","663":"agency","979":"company","1588":"marketing-agency","2233":"marketing-company","2228":"marketing-firm","2237":"media-agency","2230":"press-agency","2227":"promotion-firm","2231":"publicity-firm","2234":"publicity-services"},"astra-sites-type":"premium","astra-site-category":{"27":"business"},"astra-sites-template-category":{"2777":"business","2812":"digital-agency","2796":"digital-marketing","2768":"portfolio"},"astra-site-page-builder":"gutenberg","categories":{"2487":"agency"},"required-plugins":[{"slug":"ultimate-addons-for-gutenberg","init":"ultimate-addons-for-gutenberg\/ultimate-addons-for-gutenberg.php","name":"Spectra"}],"post-status":"publish","post-content":"","post-excerpt":"","pages":{"id-73656":{"title":"Portfolio","featured-image-url":"https:\/\/websitedemos.net\/wp-content\/uploads\/2023\/05\/media-agency-07-portfolio.jpg","thumbnail-image-url":"https:\/\/websitedemos.net\/wp-content\/uploads\/2023\/05\/media-agency-07-portfolio-600x1194.jpg","astra-page-api-url":"https:\/\/websitedemos.net\/media-agency-07\/wp-json\/wp\/v2\/pages\/472","dynamic-page":"no","astra-page-url":"\/\/websitedemos.net\/media-agency-07\/portfolio\/","astra-sites-tag":{"444":"portfolio"},"site-pages-type":"premium","site-pages-page-builder":"gutenberg","site-pages-category":[],"site-pages-parent-category":{"60":"business"},"required-plugins":[{"slug":"ultimate-addons-for-gutenberg","init":"ultimate-addons-for-gutenberg\/ultimate-addons-for-gutenberg.php","name":"Spectra"}]},"id-73657":{"title":"Services","featured-image-url":"https:\/\/websitedemos.net\/wp-content\/uploads\/2023\/05\/media-agency-07-services.jpg","thumbnail-image-url":"https:\/\/websitedemos.net\/wp-content\/uploads\/2023\/05\/media-agency-07-services-600x1962.jpg","astra-page-api-url":"https:\/\/websitedemos.net\/media-agency-07\/wp-json\/wp\/v2\/pages\/471","dynamic-page":"no","astra-page-url":"\/\/websitedemos.net\/media-agency-07\/services\/","astra-sites-tag":{"425":"services"},"site-pages-type":"premium","site-pages-page-builder":"gutenberg","site-pages-category":[],"site-pages-parent-category":{"60":"business"},"required-plugins":[{"slug":"ultimate-addons-for-gutenberg","init":"ultimate-addons-for-gutenberg\/ultimate-addons-for-gutenberg.php","name":"Spectra"}]},"id-73655":{"title":"Home","featured-image-url":"https:\/\/websitedemos.net\/wp-content\/uploads\/2023\/05\/media-agency-07.jpg","thumbnail-image-url":"https:\/\/websitedemos.net\/wp-content\/uploads\/2023\/05\/media-agency-07-600x2450.jpg","astra-page-api-url":"https:\/\/websitedemos.net\/media-agency-07\/wp-json\/wp\/v2\/pages\/469","dynamic-page":"no","astra-page-url":"\/\/websitedemos.net\/media-agency-07\/","astra-sites-tag":{"423":"home"},"site-pages-type":"premium","site-pages-page-builder":"gutenberg","site-pages-category":[],"site-pages-parent-category":{"60":"business"},"required-plugins":[{"slug":"ultimate-addons-for-gutenberg","init":"ultimate-addons-for-gutenberg\/ultimate-addons-for-gutenberg.php","name":"Spectra"}]},"id-73653":{"title":"About","featured-image-url":"https:\/\/websitedemos.net\/wp-content\/uploads\/2023\/05\/media-agency-07-about.jpg","thumbnail-image-url":"https:\/\/websitedemos.net\/wp-content\/uploads\/2023\/05\/media-agency-07-about-600x1750.jpg","astra-page-api-url":"https:\/\/websitedemos.net\/media-agency-07\/wp-json\/wp\/v2\/pages\/470","dynamic-page":"no","astra-page-url":"\/\/websitedemos.net\/media-agency-07\/about\/","astra-sites-tag":{"352":"about"},"site-pages-type":"premium","site-pages-page-builder":"gutenberg","site-pages-category":[],"site-pages-parent-category":{"60":"business"},"required-plugins":[{"slug":"ultimate-addons-for-gutenberg","init":"ultimate-addons-for-gutenberg\/ultimate-addons-for-gutenberg.php","name":"Spectra"}]},"id-73654":{"title":"Contact","featured-image-url":"https:\/\/websitedemos.net\/wp-content\/uploads\/2023\/05\/media-agency-07-contact.jpg","thumbnail-image-url":"https:\/\/websitedemos.net\/wp-content\/uploads\/2023\/05\/media-agency-07-contact-600x1213.jpg","astra-page-api-url":"https:\/\/websitedemos.net\/media-agency-07\/wp-json\/wp\/v2\/pages\/473","dynamic-page":"no","astra-page-url":"\/\/websitedemos.net\/media-agency-07\/contact\/","astra-sites-tag":{"415":"contact"},"site-pages-type":"premium","site-pages-page-builder":"gutenberg","site-pages-category":[],"site-pages-parent-category":{"60":"business"},"required-plugins":[{"slug":"ultimate-addons-for-gutenberg","init":"ultimate-addons-for-gutenberg\/ultimate-addons-for-gutenberg.php","name":"Spectra"}]}},"related-bb-template":"","related-elementor-template":"","related-gutenberg-template":"","related_ecommerce_template":"","ecommerce_parent_template":""},"id-58716":{"title":"Love Nature","id":58716,"publish-date":1637954772,"featured-image-url":"https:\/\/websitedemos.net\/wp-content\/uploads\/2021\/11\/ove-nature-02.jpg","thumbnail-image-url":"https:\/\/websitedemos.net\/wp-content\/uploads\/2021\/11\/ove-nature-02.jpg","fullpage-thumbnail-image-url":"https:\/\/websitedemos.net\/wp-content\/uploads\/2021\/11\/ove-nature-02.jpg","astra-site-url":"\/\/websitedemos.net\/love-nature-02","astra-site-parent-id":2470,"astra-sites-tag":{"3416":"elementor","538":"forest","2456":"generic","2493":"multipurpose","537":"national-park","535":"nature","534":"nature-park","539":"sanctuary","536":"wilderness"},"astra-sites-type":"free","astra-site-category":{"27":"business","39":"free"},"astra-sites-template-category":{"2777":"business","2860":"multipurpose","2830":"nature","2831":"service","2797":"simple-minimal"},"astra-site-page-builder":"elementor","categories":{"3427":"default","3428":"free","2500":"multipurpose"},"required-plugins":[{"slug":"elementor","init":"elementor\/elementor.php","name":"Elementor"},{"slug":"wpforms-lite","init":"wpforms-lite\/wpforms.php","name":"WPForms Lite"}],"post-status":"publish","post-content":"<!-- wp:paragraph -->\n<p>Looking for a flexible multipurpose website template? Look no further. This serene and tranquil design features elegant graphics and a professional layout. It's perfect for those looking to create a website that offers an escape from the hustle and bustle of everyday life.<\/p>\n<!-- \/wp:paragraph -->\n\n<!-- wp:paragraph -->\n<p>The template features a natural color palette with pops of green and blue, which will be sure to make your website feel like a tranquil escape. The template has been carefully crafted to exhibit your services in the most elegant way possible.<\/p>\n<!-- \/wp:paragraph -->\n\n<!-- wp:heading -->\n<h2>Key features of the Love Nature template<\/h2>\n<!-- \/wp:heading -->\n\n<!-- wp:list -->\n<ul><!-- wp:list-item -->\n<li>Well-designed multipurpose template<\/li>\n<!-- \/wp:list-item -->\n\n<!-- wp:list-item -->\n<li>Elegant and serene design<\/li>\n<!-- \/wp:list-item -->\n\n<!-- wp:list-item -->\n<li>Natural color palette with customization options<\/li>\n<!-- \/wp:list-item -->\n\n<!-- wp:list-item -->\n<li>Professional and flexible layout<\/li>\n<!-- \/wp:list-item -->\n\n<!-- wp:list-item -->\n<li>Compatible with popular page builders<\/li>\n<!-- \/wp:list-item --><\/ul>\n<!-- \/wp:list -->","post-excerpt":"Elegant and serene multipurpose design to build any type of website","pages":[],"related-bb-template":"","related-elementor-template":"","related-gutenberg-template":"","related_ecommerce_template":"","ecommerce_parent_template":""}}