{"id-19808":{"title":"Outdoor Adventure","id":19808,"publish-date":1543500721,"featured-image-url":"https:\/\/websitedemos.net\/wp-content\/uploads\/2019\/07\/outdoor-adventure-02-home.jpg","thumbnail-image-url":"https:\/\/websitedemos.net\/wp-content\/uploads\/2019\/07\/outdoor-adventure-02-home.jpg","fullpage-thumbnail-image-url":"https:\/\/websitedemos.net\/wp-content\/uploads\/2019\/07\/outdoor-adventure-02-home.jpg","astra-site-url":"\/\/websitedemos.net\/outdoor-adventure-02","astra-site-parent-id":186,"astra-sites-tag":{"544":"adventure","545":"camping","3416":"elementor","543":"extreme-sports","541":"mountains","542":"park","546":"sports"},"astra-sites-type":"free","astra-site-category":{"27":"business","39":"free"},"astra-sites-template-category":{"2860":"multipurpose","2797":"simple-minimal","2826":"sports","2775":"travel-tourism"},"astra-site-page-builder":"elementor","categories":{"3427":"default","3428":"free","2500":"multipurpose"},"required-plugins":[{"slug":"elementor","init":"elementor\/elementor.php","name":"Elementor"},{"slug":"wpforms-lite","init":"wpforms-lite\/wpforms.php","name":"WPForms Lite"}],"post-status":"publish","post-content":"<!-- wp:paragraph -->\n<p>If you're looking for a multipurpose website template that will be the perfect match for your business, this is it. This outdoor adventure website template is perfect for those who&nbsp; want to share their passion with the world.<\/p>\n<!-- \/wp:paragraph -->\n\n<!-- wp:paragraph -->\n<p>A clean and professional design delivers the foundations of an amazing website. A variety of pages and features will help you create an informative, interactive, and visually stunning site that is sure to capture your audience's attention.<\/p>\n<!-- \/wp:paragraph -->\n\n<!-- wp:heading {\"UAGDay\":[]} -->\n<h2 class=\"wp-block-heading\">Key features of the Outdoor Adventure template<\/h2>\n<!-- \/wp:heading -->\n\n<!-- wp:list -->\n<ul><!-- wp:list-item -->\n<li>Professionally designed multipurpose template<\/li>\n<!-- \/wp:list-item -->\n\n<!-- wp:list-item -->\n<li>Attractive design that\u2019s visually appealing<\/li>\n<!-- \/wp:list-item -->\n\n<!-- wp:list-item -->\n<li>Fully customizable and flexible layout<\/li>\n<!-- \/wp:list-item -->\n\n<!-- wp:list-item -->\n<li>Includes all the correct elements to build an engaging site<\/li>\n<!-- \/wp:list-item -->\n\n<!-- wp:list-item -->\n<li>Page builder ready<\/li>\n<!-- \/wp:list-item --><\/ul>\n<!-- \/wp:list -->","post-excerpt":"Multipurpose template perfect for anyone looking to build a stylish website","pages":{"id-23830":{"title":"Home","featured-image-url":"https:\/\/websitedemos.net\/wp-content\/uploads\/2019\/07\/outdoor-adventure-02-home.jpg","thumbnail-image-url":"https:\/\/websitedemos.net\/wp-content\/uploads\/2019\/07\/outdoor-adventure-02-home.jpg","astra-page-api-url":"https:\/\/websitedemos.net\/outdoor-adventure-02\/wp-json\/wp\/v2\/pages\/4","dynamic-page":"no","astra-page-url":"\/\/websitedemos.net\/outdoor-adventure-02\/","astra-sites-tag":{"423":"home"},"site-pages-type":"free","site-pages-page-builder":"elementor","site-pages-category":[],"site-pages-parent-category":{"60":"business","61":"free"},"required-plugins":[{"slug":"elementor","init":"elementor\/elementor.php","name":"Elementor"}]},"id-23827":{"title":"About","featured-image-url":"https:\/\/websitedemos.net\/wp-content\/uploads\/2019\/07\/outdoor-adventure-02-about.jpg","thumbnail-image-url":"https:\/\/websitedemos.net\/wp-content\/uploads\/2019\/07\/outdoor-adventure-02-about.jpg","astra-page-api-url":"https:\/\/websitedemos.net\/outdoor-adventure-02\/wp-json\/wp\/v2\/pages\/5","dynamic-page":"no","astra-page-url":"\/\/websitedemos.net\/outdoor-adventure-02\/about\/","astra-sites-tag":{"352":"about"},"site-pages-type":"free","site-pages-page-builder":"elementor","site-pages-category":[],"site-pages-parent-category":{"60":"business","61":"free"},"required-plugins":[{"slug":"elementor","init":"elementor\/elementor.php","name":"Elementor"}]},"id-23832":{"title":"Services","featured-image-url":"https:\/\/websitedemos.net\/wp-content\/uploads\/2019\/07\/outdoor-adventure-02-services.jpg","thumbnail-image-url":"https:\/\/websitedemos.net\/wp-content\/uploads\/2019\/07\/outdoor-adventure-02-services.jpg","astra-page-api-url":"https:\/\/websitedemos.net\/outdoor-adventure-02\/wp-json\/wp\/v2\/pages\/6","dynamic-page":"no","astra-page-url":"\/\/websitedemos.net\/outdoor-adventure-02\/services\/","astra-sites-tag":{"425":"services"},"site-pages-type":"free","site-pages-page-builder":"elementor","site-pages-category":[],"site-pages-parent-category":{"60":"business","61":"free"},"required-plugins":[{"slug":"elementor","init":"elementor\/elementor.php","name":"Elementor"}]},"id-23831":{"title":"Projects","featured-image-url":"https:\/\/websitedemos.net\/wp-content\/uploads\/2019\/07\/outdoor-adventure-02-our-projects.jpg","thumbnail-image-url":"https:\/\/websitedemos.net\/wp-content\/uploads\/2019\/07\/outdoor-adventure-02-our-projects.jpg","astra-page-api-url":"https:\/\/websitedemos.net\/outdoor-adventure-02\/wp-json\/wp\/v2\/pages\/7","dynamic-page":"no","astra-page-url":"\/\/websitedemos.net\/outdoor-adventure-02\/projects\/","astra-sites-tag":{"424":"project"},"site-pages-type":"free","site-pages-page-builder":"elementor","site-pages-category":[],"site-pages-parent-category":{"60":"business","61":"free"},"required-plugins":[{"slug":"elementor","init":"elementor\/elementor.php","name":"Elementor"}]},"id-23829":{"title":"Contact","featured-image-url":"https:\/\/websitedemos.net\/wp-content\/uploads\/2019\/07\/outdoor-adventure-02-contact.jpg","thumbnail-image-url":"https:\/\/websitedemos.net\/wp-content\/uploads\/2019\/07\/id-23829-outdoor-adventure-contact-resize.jpg","astra-page-api-url":"https:\/\/websitedemos.net\/outdoor-adventure-02\/wp-json\/wp\/v2\/pages\/8","dynamic-page":"no","astra-page-url":"\/\/websitedemos.net\/outdoor-adventure-02\/contact\/","astra-sites-tag":{"415":"contact"},"site-pages-type":"free","site-pages-page-builder":"elementor","site-pages-category":[],"site-pages-parent-category":{"60":"business","61":"free"},"required-plugins":[{"slug":"elementor","init":"elementor\/elementor.php","name":"Elementor"},{"slug":"wpforms-lite","init":"wpforms-lite\/wpforms.php","name":"WPForms Lite"}]}},"related-bb-template":19884,"related-elementor-template":19808,"related-gutenberg-template":48078,"related_ecommerce_template":"","ecommerce_parent_template":""},"id-17988":{"title":"Brandstore","id":17988,"publish-date":1513833542,"featured-image-url":"https:\/\/websitedemos.net\/wp-content\/uploads\/2017\/12\/brandstore-02-1.jpg","thumbnail-image-url":"https:\/\/websitedemos.net\/wp-content\/uploads\/2017\/12\/brandstore-02-1-600x1856.jpg","fullpage-thumbnail-image-url":"https:\/\/websitedemos.net\/wp-content\/uploads\/2017\/12\/brandstore-02-1-400x1237.jpg","astra-site-url":"\/\/websitedemos.net\/brandstore-02","astra-site-parent-id":317,"astra-sites-tag":{"639":"accessories","638":"brand-store","880":"cartflows","640":"cloth-store","637":"clothing","2418":"commerce","1017":"e-commerce","496":"ecommerce","3416":"elementor","2422":"online-market","732":"online-shop","2420":"online-shopping","383":"online-store","967":"product-store","2421":"purchases","2417":"reseller","733":"shop","2416":"shopping","749":"store","966":"woo-commerce","1024":"woocommerce"},"astra-sites-type":"free","astra-site-category":{"38":"ecommerce","39":"free"},"astra-sites-template-category":{"2790":"beauty-fashion","2777":"business","2769":"ecommerce","2858":"fashion-clothing","2857":"online-shopping"},"astra-site-page-builder":"elementor","categories":{"2479":"beauty","3435":"business","3427":"default","2495":"ecommerce","3428":"free"},"required-plugins":[{"slug":"elementor","init":"elementor\/elementor.php","name":"Elementor"},{"slug":"woocommerce","init":"woocommerce\/woocommerce.php","name":"WooCommerce"},{"slug":"cartflows","init":"cartflows\/cartflows.php","name":"CartFlows"},{"slug":"checkout-plugins-stripe-woo","init":"checkout-plugins-stripe-woo\/checkout-plugins-stripe-woo.php","name":"Checkout Plugins - Stripe for WooCommerce"},{"slug":"woo-cart-abandonment-recovery","init":"woo-cart-abandonment-recovery\/woo-cart-abandonment-recovery.php","name":"WooCommerce Cart Abandonment Recovery"},{"slug":"wpforms-lite","init":"wpforms-lite\/wpforms.php","name":"WPForms Lite"},{"slug":"variation-swatches-woo","init":"variation-swatches-woo\/variation-swatches-woo.php","name":"Variation Swatches for WooCommerce"}],"post-status":"publish","post-content":"<!-- wp:paragraph -->\n<p>Let your brand shine with our Brandstore website template. The Brandstore template is a simple, clean, mobile-friendly design, helping customers shop from anywhere. The template is built to integrate with WooCommerce seamlessly, so you can start showcasing your products in minutes and accept online payments.<\/p>\n<!-- \/wp:paragraph -->\n\n<!-- wp:paragraph -->\n<p>We also have a range of custom page templates for you to use as the foundation for your site and a range of beautiful preset designs we\u2019ve created. It\u2019s a modern design with a lot to recommend it, ideal for online stores.<\/p>\n<!-- \/wp:paragraph -->\n\n<!-- wp:heading -->\n<h2>Key features of the Brandstore template<\/h2>\n<!-- \/wp:heading -->\n\n<!-- wp:list -->\n<ul><!-- wp:list-item -->\n<li>High converting and lightweight online store template<\/li>\n<!-- \/wp:list-item -->\n\n<!-- wp:list-item -->\n<li>Seamless integration with WooCommerce<\/li>\n<!-- \/wp:list-item -->\n\n<!-- wp:list-item -->\n<li>Impressive hero image to display your best products and offers<\/li>\n<!-- \/wp:list-item -->\n\n<!-- wp:list-item -->\n<li>Host of customization options from colors and typography to layout and more<\/li>\n<!-- \/wp:list-item -->\n\n<!-- wp:list-item -->\n<li>Fully responsive and works perfectly well on mobile devices<\/li>\n<!-- \/wp:list-item --><\/ul>\n<!-- \/wp:list -->","post-excerpt":"Build the perfect online store using our high-converting Brandstore website template","pages":{"id-34092":{"title":"Home","featured-image-url":"https:\/\/websitedemos.net\/wp-content\/uploads\/2017\/12\/brandstore-02-1.jpg","thumbnail-image-url":"https:\/\/websitedemos.net\/wp-content\/uploads\/2017\/12\/brandstore-02-1-600x1856.jpg","astra-page-api-url":"https:\/\/websitedemos.net\/brandstore-02\/wp-json\/wp\/v2\/pages\/10","dynamic-page":"yes","astra-page-url":"\/\/websitedemos.net\/brandstore-02\/","astra-sites-tag":{"423":"home"},"site-pages-type":"free","site-pages-page-builder":"elementor","site-pages-category":[],"site-pages-parent-category":{"64":"ecommerce","61":"free"},"required-plugins":[{"slug":"cartflows","init":"cartflows\/cartflows.php","name":"CartFlows"},{"slug":"checkout-plugins-stripe-woo","init":"checkout-plugins-stripe-woo\/checkout-plugins-stripe-woo.php","name":"Checkout Plugins - Stripe for WooCommerce"},{"slug":"elementor","init":"elementor\/elementor.php","name":"Elementor"},{"slug":"variation-swatches-woo","init":"variation-swatches-woo\/variation-swatches-woo.php","name":"Variation Swatches for WooCommerce"},{"slug":"woocommerce","init":"woocommerce\/woocommerce.php","name":"WooCommerce"},{"slug":"woo-cart-abandonment-recovery","init":"woo-cart-abandonment-recovery\/woo-cart-abandonment-recovery.php","name":"WooCommerce Cart Abandonment Recovery"}]},"id-26320":{"title":"About","featured-image-url":"https:\/\/websitedemos.net\/wp-content\/uploads\/2017\/12\/brandstore-02-about.jpg","thumbnail-image-url":"https:\/\/websitedemos.net\/wp-content\/uploads\/2017\/12\/brandstore-02-about-600x1494.jpg","astra-page-api-url":"https:\/\/websitedemos.net\/brandstore-02\/wp-json\/wp\/v2\/pages\/43","dynamic-page":"no","astra-page-url":"\/\/websitedemos.net\/brandstore-02\/about\/","astra-sites-tag":{"352":"about"},"site-pages-type":"free","site-pages-page-builder":"elementor","site-pages-category":[],"site-pages-parent-category":{"64":"ecommerce","61":"free"},"required-plugins":[{"slug":"elementor","init":"elementor\/elementor.php","name":"Elementor"}]},"id-26323":{"title":"Contact Us","featured-image-url":"https:\/\/websitedemos.net\/wp-content\/uploads\/2017\/12\/brandstore-02-contact.jpg","thumbnail-image-url":"https:\/\/websitedemos.net\/wp-content\/uploads\/2017\/12\/brandstore-02-contact-600x944.jpg","astra-page-api-url":"https:\/\/websitedemos.net\/brandstore-02\/wp-json\/wp\/v2\/pages\/414","dynamic-page":"no","astra-page-url":"\/\/websitedemos.net\/brandstore-02\/contact-us\/","astra-sites-tag":{"415":"contact"},"site-pages-type":"free","site-pages-page-builder":"elementor","site-pages-category":[],"site-pages-parent-category":{"64":"ecommerce","61":"free"},"required-plugins":[{"slug":"elementor","init":"elementor\/elementor.php","name":"Elementor"},{"slug":"wpforms-lite","init":"wpforms-lite\/wpforms.php","name":"WPForms Lite"}]}},"related-bb-template":18035,"related-elementor-template":17988,"related-gutenberg-template":48050,"related_ecommerce_template":"","ecommerce_parent_template":""},"id-60434":{"title":"Electronic Store","id":60434,"publish-date":1679479918,"featured-image-url":"https:\/\/websitedemos.net\/wp-content\/uploads\/2023\/03\/electronic-stores-04.jpg","thumbnail-image-url":"https:\/\/websitedemos.net\/wp-content\/uploads\/2023\/03\/electronic-stores-04-600x4955.jpg","fullpage-thumbnail-image-url":"https:\/\/websitedemos.net\/wp-content\/uploads\/2023\/03\/electronic-stores-04-400x3303.jpg","astra-site-url":"\/\/websitedemos.net\/electronic-store-04","astra-site-parent-id":2732,"astra-sites-tag":{"2740":"best-buy-electronics","496":"ecommerce","1817":"ecommerce-store","2739":"electronic-devices","2733":"electronic-store","2693":"electronics","2737":"equipments","2689":"gadgets","2734":"home-appliances","2736":"household-appliances","2735":"laptops","2738":"smartphones","2741":"technology-store"},"astra-sites-type":"agency-mini","astra-site-category":{"27":"business","38":"ecommerce"},"astra-sites-template-category":{"2777":"business","2769":"ecommerce"},"astra-site-page-builder":"elementor","categories":{"3427":"default","2495":"ecommerce","3429":"premium","2499":"technology"},"required-plugins":[{"slug":"elementor","init":"elementor\/elementor.php","name":"Elementor"},{"slug":"woocommerce","init":"woocommerce\/woocommerce.php","name":"WooCommerce"},{"slug":"wpforms-lite","init":"wpforms-lite\/wpforms.php","name":"WPForms Lite"},{"slug":"astra-addon","init":"astra-addon\/astra-addon.php","name":"Astra Pro"}],"post-status":"publish","post-content":"<!-- wp:paragraph -->\n<p>The Electronic Store template is a modern eCommerce template designed to appeal to the widest audience. The main page opens with an attractive header with search, a cart and navigation while a large hero image sets the scene nicely.<\/p>\n<!-- \/wp:paragraph -->\n\n<!-- wp:paragraph -->\n<p>The rest of the template includes a familiar eCommerce layout with plenty of whitespace and areas to showcase your products. There are also options to add testimonials, calls to action, featured products and anything else you might need for your store.<\/p>\n<!-- \/wp:paragraph -->\n\n<!-- wp:heading -->\n<h2>Key features of the Electronic Store template<\/h2>\n<!-- \/wp:heading -->\n\n<!-- wp:list -->\n<ul><!-- wp:list-item -->\n<li>Modern eCommerce template with universal appeal<\/li>\n<!-- \/wp:list-item -->\n\n<!-- wp:list-item -->\n<li>Engaging colors, typography and header section<\/li>\n<!-- \/wp:list-item -->\n\n<!-- wp:list-item -->\n<li>Plenty of whitespace and areas to highlights products<\/li>\n<!-- \/wp:list-item -->\n\n<!-- wp:list-item -->\n<li>Flexible content areas throughout the design<\/li>\n<!-- \/wp:list-item -->\n\n<!-- wp:list-item -->\n<li>Full compatibility with leading page builders<\/li>\n<!-- \/wp:list-item --><\/ul>\n<!-- \/wp:list -->","post-excerpt":"The Electronic Store template is attractive, engaging and makes selling simple","pages":{"id-60435":{"title":"About","featured-image-url":"https:\/\/websitedemos.net\/wp-content\/uploads\/2023\/03\/electronic-stores-04-about.jpg","thumbnail-image-url":"https:\/\/websitedemos.net\/wp-content\/uploads\/2023\/03\/electronic-stores-04-about-600x1506.jpg","astra-page-api-url":"https:\/\/websitedemos.net\/electronic-store-04\/wp-json\/wp\/v2\/pages\/812","dynamic-page":"no","astra-page-url":"\/\/websitedemos.net\/electronic-store-04\/about\/","astra-sites-tag":{"352":"about","455":"about-us","496":"ecommerce","1817":"ecommerce-store","2739":"electronic-devices","2733":"electronic-store","2693":"electronics","2737":"equipments","2689":"gadgets","2734":"home-appliances","1024":"woocommerce"},"site-pages-type":"agency-mini","site-pages-page-builder":"elementor","site-pages-category":[],"site-pages-parent-category":{"60":"business","64":"ecommerce"},"required-plugins":[{"slug":"astra-addon","init":"astra-addon\/astra-addon.php","name":"Astra Pro"},{"slug":"elementor","init":"elementor\/elementor.php","name":"Elementor"}]},"id-60436":{"title":"Contact","featured-image-url":"https:\/\/websitedemos.net\/wp-content\/uploads\/2023\/03\/electronic-stores-04-contact.jpg","thumbnail-image-url":"https:\/\/websitedemos.net\/wp-content\/uploads\/2023\/03\/electronic-stores-04-contact-600x802.jpg","astra-page-api-url":"https:\/\/websitedemos.net\/electronic-store-04\/wp-json\/wp\/v2\/pages\/870","dynamic-page":"no","astra-page-url":"\/\/websitedemos.net\/electronic-store-04\/contact\/","astra-sites-tag":{"415":"contact","454":"contact-us","496":"ecommerce","1817":"ecommerce-store","2739":"electronic-devices","2733":"electronic-store","2693":"electronics","2737":"equipments","2689":"gadgets","2734":"home-appliances","1024":"woocommerce"},"site-pages-type":"agency-mini","site-pages-page-builder":"elementor","site-pages-category":[],"site-pages-parent-category":{"60":"business","64":"ecommerce"},"required-plugins":[{"slug":"astra-addon","init":"astra-addon\/astra-addon.php","name":"Astra Pro"},{"slug":"elementor","init":"elementor\/elementor.php","name":"Elementor"},{"slug":"wpforms-lite","init":"wpforms-lite\/wpforms.php","name":"WPForms Lite"}]},"id-60438":{"title":"New arrivals","featured-image-url":"https:\/\/websitedemos.net\/wp-content\/uploads\/2023\/03\/electronic-stores-04-new-arrival.jpg","thumbnail-image-url":"https:\/\/websitedemos.net\/wp-content\/uploads\/2023\/03\/electronic-stores-04-new-arrival-600x2018.jpg","astra-page-api-url":"https:\/\/websitedemos.net\/electronic-store-04\/wp-json\/wp\/v2\/pages\/723","dynamic-page":"yes","astra-page-url":"\/\/websitedemos.net\/electronic-store-04\/new-arrivals\/","astra-sites-tag":{"496":"ecommerce","1817":"ecommerce-store","2739":"electronic-devices","2733":"electronic-store","2693":"electronics","2737":"equipments","2689":"gadgets","2734":"home-appliances","2703":"new-arrivals","2743":"sale","2744":"todays-deal","1024":"woocommerce"},"site-pages-type":"agency-mini","site-pages-page-builder":"elementor","site-pages-category":[],"site-pages-parent-category":{"60":"business","64":"ecommerce"},"required-plugins":[{"slug":"astra-addon","init":"astra-addon\/astra-addon.php","name":"Astra Pro"},{"slug":"elementor","init":"elementor\/elementor.php","name":"Elementor"},{"slug":"woocommerce","init":"woocommerce\/woocommerce.php","name":"WooCommerce"}]},"id-60439":{"title":"Sale","featured-image-url":"https:\/\/websitedemos.net\/wp-content\/uploads\/2023\/03\/electronic-stores-04-sales.jpg","thumbnail-image-url":"https:\/\/websitedemos.net\/wp-content\/uploads\/2023\/03\/electronic-stores-04-sales-600x1904.jpg","astra-page-api-url":"https:\/\/websitedemos.net\/electronic-store-04\/wp-json\/wp\/v2\/pages\/795","dynamic-page":"yes","astra-page-url":"\/\/websitedemos.net\/electronic-store-04\/sale\/","astra-sites-tag":{"496":"ecommerce","1817":"ecommerce-store","2739":"electronic-devices","2733":"electronic-store","2693":"electronics","2737":"equipments","2689":"gadgets","2734":"home-appliances","2743":"sale","1114":"sales-page","2745":"todays-deals","1024":"woocommerce"},"site-pages-type":"agency-mini","site-pages-page-builder":"elementor","site-pages-category":[],"site-pages-parent-category":{"60":"business","64":"ecommerce"},"required-plugins":[{"slug":"astra-addon","init":"astra-addon\/astra-addon.php","name":"Astra Pro"},{"slug":"elementor","init":"elementor\/elementor.php","name":"Elementor"},{"slug":"woocommerce","init":"woocommerce\/woocommerce.php","name":"WooCommerce"}]},"id-60437":{"title":"Home","featured-image-url":"https:\/\/websitedemos.net\/wp-content\/uploads\/2023\/03\/electronic-stores-04.jpg","thumbnail-image-url":"https:\/\/websitedemos.net\/wp-content\/uploads\/2023\/03\/electronic-stores-04-600x4955.jpg","astra-page-api-url":"https:\/\/websitedemos.net\/electronic-store-04\/wp-json\/wp\/v2\/pages\/30","dynamic-page":"yes","astra-page-url":"\/\/websitedemos.net\/electronic-store-04\/","astra-sites-tag":{"496":"ecommerce","1817":"ecommerce-store","2739":"electronic-devices","2733":"electronic-store","2693":"electronics","2737":"equipments","2689":"gadgets","423":"home","2734":"home-appliances","814":"homepage","2736":"household-appliances","2735":"laptops","2738":"smartphones","2741":"technology-store","1024":"woocommerce"},"site-pages-type":"agency-mini","site-pages-page-builder":"elementor","site-pages-category":[],"site-pages-parent-category":{"60":"business","64":"ecommerce"},"required-plugins":[{"slug":"astra-addon","init":"astra-addon\/astra-addon.php","name":"Astra Pro"},{"slug":"elementor","init":"elementor\/elementor.php","name":"Elementor"},{"slug":"woocommerce","init":"woocommerce\/woocommerce.php","name":"WooCommerce"},{"slug":"wpforms-lite","init":"wpforms-lite\/wpforms.php","name":"WPForms Lite"}]}},"related-bb-template":"","related-elementor-template":"","related-gutenberg-template":"","related_ecommerce_template":"","ecommerce_parent_template":""},"id-73532":{"title":"Alexandrina Kennedy &#8211; Designer","id":73532,"publish-date":1681831890,"featured-image-url":"https:\/\/websitedemos.net\/wp-content\/uploads\/2023\/04\/alexandrina-designer.jpg","thumbnail-image-url":"https:\/\/websitedemos.net\/wp-content\/uploads\/2023\/04\/alexandrina-designer-600x900.jpg","fullpage-thumbnail-image-url":"https:\/\/websitedemos.net\/wp-content\/uploads\/2023\/04\/alexandrina-designer-400x600.jpg","astra-site-url":"\/\/websitedemos.net\/alexandrina-designer-bio-02","astra-site-parent-id":3184,"astra-sites-tag":{"2150":"cv","670":"designer","2297":"designer-portfolio","3173":"link-in-bio","3185":"linkin","3187":"links","3186":"linktree","3124":"personal-portfolio","444":"portfolio","2153":"resume","2212":"social-media","2163":"social-media-influencer","3012":"socialmedia"},"astra-sites-type":"free","astra-site-category":{"39":"free"},"astra-sites-template-category":{"3171":"link-in-bio","2770":"personal","2768":"portfolio"},"astra-site-page-builder":"elementor","categories":{"3427":"default","3428":"free","3191":"link-in-bio","3433":"modern","2927":"one-page","2488":"portfolio"},"required-plugins":[{"slug":"elementor","init":"elementor\/elementor.php","name":"Elementor"}],"post-status":"publish","post-content":"<!-- wp:paragraph -->\n<p>The Designer Link in Bio template has all the benefits of linktrees with better looks, more features, more customization options, and fully responsive designs. They are the ideal way to promote yourself online.<\/p>\n<!-- \/wp:paragraph -->\n\n<!-- wp:paragraph -->\n<p>The Designer Link in Bio template has a feminine feel with a small slider to show off your work and links front and center to encourage engagement. All wrapped up in an appealing design that looks amazing on any screen. It\u2019s the perfect Linktree alternative!<\/p>\n<!-- \/wp:paragraph -->\n\n<!-- wp:heading -->\n<h2>Key features of the Designer Link in Bio Template<\/h2>\n<!-- \/wp:heading -->\n\n<!-- wp:list -->\n<ul><!-- wp:list-item -->\n<li>Well-designed Designer Link in Bio Template<\/li>\n<!-- \/wp:list-item -->\n\n<!-- wp:list-item -->\n<li>Fully responsive and works on any screen size<\/li>\n<!-- \/wp:list-item -->\n\n<!-- wp:list-item -->\n<li>Customizable using basic tools<\/li>\n<!-- \/wp:list-item -->\n\n<!-- wp:list-item -->\n<li>Smart slider block to help showcase your creations<\/li>\n<!-- \/wp:list-item -->\n\n<!-- wp:list-item -->\n<li>Full compatibility with leading page builders<\/li>\n<!-- \/wp:list-item --><\/ul>\n<!-- \/wp:list -->","post-excerpt":"Designer Link in Bio template that has all the features you need in a landing page","pages":{"id-73533":{"title":"Home","featured-image-url":"https:\/\/websitedemos.net\/wp-content\/uploads\/2023\/04\/alexandrina-designer-bio-02.jpg","thumbnail-image-url":"https:\/\/websitedemos.net\/wp-content\/uploads\/2023\/04\/alexandrina-designer-bio-02-600x367.jpg","astra-page-api-url":"https:\/\/websitedemos.net\/alexandrina-designer-bio-02\/wp-json\/wp\/v2\/pages\/9","dynamic-page":"no","astra-page-url":"\/\/websitedemos.net\/alexandrina-designer-bio-02\/","astra-sites-tag":{"423":"home"},"site-pages-type":"free","site-pages-page-builder":"elementor","site-pages-category":[],"site-pages-parent-category":{"61":"free"},"required-plugins":[{"slug":"elementor","init":"elementor\/elementor.php","name":"Elementor"}]}},"related-bb-template":"","related-elementor-template":"","related-gutenberg-template":"","related_ecommerce_template":"","ecommerce_parent_template":""},"id-72529":{"title":"Web Developer Portfolio","id":72529,"publish-date":1679309020,"featured-image-url":"https:\/\/websitedemos.net\/wp-content\/uploads\/2023\/02\/web-developer-portfolio-04.jpg","thumbnail-image-url":"https:\/\/websitedemos.net\/wp-content\/uploads\/2023\/02\/web-developer-portfolio-04-600x2508.jpg","fullpage-thumbnail-image-url":"https:\/\/websitedemos.net\/wp-content\/uploads\/2023\/02\/web-developer-portfolio-04-400x1672.jpg","astra-site-url":"\/\/websitedemos.net\/web-developer-portfolio-04","astra-site-parent-id":3121,"astra-sites-tag":{"3112":"developer","3416":"elementor","1020":"personal","3124":"personal-portfolio","1903":"personal-website","444":"portfolio","1844":"premium","3123":"web","3122":"web-developer","3111":"webdesigner","3106":"webdeveloper","3107":"webdevelopment"},"astra-sites-type":"agency-mini","astra-site-category":{"27":"business"},"astra-sites-template-category":{"2770":"personal","2768":"portfolio"},"astra-site-page-builder":"elementor","categories":{"3430":"dark","3427":"default","2488":"portfolio","3429":"premium"},"required-plugins":[{"slug":"elementor","init":"elementor\/elementor.php","name":"Elementor"},{"slug":"ultimate-elementor","init":"ultimate-elementor\/ultimate-elementor.php","name":"Ultimate Addons for Elementor"},{"slug":"wpforms-lite","init":"wpforms-lite\/wpforms.php","name":"WPForms Lite"}],"post-status":"publish","post-content":"<!-- wp:paragraph -->\n<p>The Web Developer Portfolio template is a stylish dark design designed to communicate your skills immediately with stylized animation, code-like typography, and simple colors. There\u2019s instant recognition with this template that would work amazingly well to showcase your work.<\/p>\n<!-- \/wp:paragraph -->\n\n<!-- wp:paragraph -->\n<p>The template includes essential portfolio elements such as support for images, video, and audio. It also comes with readymade pages for your portfolio, services, resume, and biography so you can be up and running in no time.<\/p>\n<!-- \/wp:paragraph -->\n\n<!-- wp:heading -->\n<h2>Key features of the Web Developer Portfolio template<\/h2>\n<!-- \/wp:heading -->\n\n<!-- wp:list -->\n<ul><!-- wp:list-item -->\n<li>Stylized website theme ideal for the niche<\/li>\n<!-- \/wp:list-item -->\n\n<!-- wp:list-item -->\n<li>Smart animations to draw attention and engage<\/li>\n<!-- \/wp:list-item -->\n\n<!-- wp:list-item -->\n<li>Immediately reminiscent of code and development without being over the top<\/li>\n<!-- \/wp:list-item -->\n\n<!-- wp:list-item -->\n<li>Includes essential pages ideal for portfolios<\/li>\n<!-- \/wp:list-item -->\n\n<!-- wp:list-item -->\n<li>Full compatibility with leading page builders<\/li>\n<!-- \/wp:list-item --><\/ul>\n<!-- \/wp:list -->","post-excerpt":"The Web Developer Portfolio template is perfect for anyone who works with code","pages":{"id-72532":{"title":"_home","featured-image-url":"https:\/\/websitedemos.net\/wp-content\/uploads\/2023\/02\/web-developer-portfolio-04.jpg","thumbnail-image-url":"https:\/\/websitedemos.net\/wp-content\/uploads\/2023\/02\/web-developer-portfolio-04-600x2508.jpg","astra-page-api-url":"https:\/\/websitedemos.net\/web-developer-portfolio-04\/wp-json\/wp\/v2\/pages\/17","dynamic-page":"no","astra-page-url":"\/\/websitedemos.net\/web-developer-portfolio-04\/","astra-sites-tag":{"423":"home"},"site-pages-type":"agency-mini","site-pages-page-builder":"elementor","site-pages-category":[],"site-pages-parent-category":{"60":"business"},"required-plugins":[{"slug":"elementor","init":"elementor\/elementor.php","name":"Elementor"},{"slug":"ultimate-elementor","init":"ultimate-elementor\/ultimate-elementor.php","name":"Ultimate Addons for Elementor"},{"slug":"wpforms-lite","init":"wpforms-lite\/wpforms.php","name":"WPForms Lite"}]},"id-72533":{"title":"_portfolio","featured-image-url":"https:\/\/websitedemos.net\/wp-content\/uploads\/2023\/02\/web-developer-portfolio-04-portfolio.jpg","thumbnail-image-url":"https:\/\/websitedemos.net\/wp-content\/uploads\/2023\/02\/web-developer-portfolio-04-portfolio-600x2195.jpg","astra-page-api-url":"https:\/\/websitedemos.net\/web-developer-portfolio-04\/wp-json\/wp\/v2\/pages\/19","dynamic-page":"no","astra-page-url":"\/\/websitedemos.net\/web-developer-portfolio-04\/portfolio\/","astra-sites-tag":{"444":"portfolio"},"site-pages-type":"agency-mini","site-pages-page-builder":"elementor","site-pages-category":[],"site-pages-parent-category":{"60":"business"},"required-plugins":[{"slug":"elementor","init":"elementor\/elementor.php","name":"Elementor"},{"slug":"ultimate-elementor","init":"ultimate-elementor\/ultimate-elementor.php","name":"Ultimate Addons for Elementor"},{"slug":"wpforms-lite","init":"wpforms-lite\/wpforms.php","name":"WPForms Lite"}]},"id-72534":{"title":"_resume","featured-image-url":"https:\/\/websitedemos.net\/wp-content\/uploads\/2023\/02\/web-developer-portfolio-04-resume.jpg","thumbnail-image-url":"https:\/\/websitedemos.net\/wp-content\/uploads\/2023\/02\/web-developer-portfolio-04-resume-600x1506.jpg","astra-page-api-url":"https:\/\/websitedemos.net\/web-developer-portfolio-04\/wp-json\/wp\/v2\/pages\/21","dynamic-page":"no","astra-page-url":"\/\/websitedemos.net\/web-developer-portfolio-04\/resume\/","astra-sites-tag":{"2153":"resume"},"site-pages-type":"agency-mini","site-pages-page-builder":"elementor","site-pages-category":[],"site-pages-parent-category":{"60":"business"},"required-plugins":[{"slug":"elementor","init":"elementor\/elementor.php","name":"Elementor"},{"slug":"ultimate-elementor","init":"ultimate-elementor\/ultimate-elementor.php","name":"Ultimate Addons for Elementor"},{"slug":"wpforms-lite","init":"wpforms-lite\/wpforms.php","name":"WPForms Lite"}]},"id-72535":{"title":"_services","featured-image-url":"https:\/\/websitedemos.net\/wp-content\/uploads\/2023\/02\/web-developer-portfolio-04-services.jpg","thumbnail-image-url":"https:\/\/websitedemos.net\/wp-content\/uploads\/2023\/02\/web-developer-portfolio-04-services-600x788.jpg","astra-page-api-url":"https:\/\/websitedemos.net\/web-developer-portfolio-04\/wp-json\/wp\/v2\/pages\/23","dynamic-page":"no","astra-page-url":"\/\/websitedemos.net\/web-developer-portfolio-04\/services\/","astra-sites-tag":{"425":"services"},"site-pages-type":"agency-mini","site-pages-page-builder":"elementor","site-pages-category":[],"site-pages-parent-category":{"60":"business"},"required-plugins":[{"slug":"elementor","init":"elementor\/elementor.php","name":"Elementor"},{"slug":"ultimate-elementor","init":"ultimate-elementor\/ultimate-elementor.php","name":"Ultimate Addons for Elementor"},{"slug":"wpforms-lite","init":"wpforms-lite\/wpforms.php","name":"WPForms Lite"}]},"id-72530":{"title":"_about","featured-image-url":"https:\/\/websitedemos.net\/wp-content\/uploads\/2023\/02\/web-developer-portfolio-04-about.jpg","thumbnail-image-url":"https:\/\/websitedemos.net\/wp-content\/uploads\/2023\/02\/web-developer-portfolio-04-about-600x1452.jpg","astra-page-api-url":"https:\/\/websitedemos.net\/web-developer-portfolio-04\/wp-json\/wp\/v2\/pages\/11","dynamic-page":"no","astra-page-url":"\/\/websitedemos.net\/web-developer-portfolio-04\/about\/","astra-sites-tag":{"352":"about"},"site-pages-type":"agency-mini","site-pages-page-builder":"elementor","site-pages-category":[],"site-pages-parent-category":{"60":"business"},"required-plugins":[{"slug":"elementor","init":"elementor\/elementor.php","name":"Elementor"},{"slug":"ultimate-elementor","init":"ultimate-elementor\/ultimate-elementor.php","name":"Ultimate Addons for Elementor"},{"slug":"wpforms-lite","init":"wpforms-lite\/wpforms.php","name":"WPForms Lite"}]},"id-72531":{"title":"_contact","featured-image-url":"https:\/\/websitedemos.net\/wp-content\/uploads\/2023\/02\/web-developer-portfolio-04-contact.jpg","thumbnail-image-url":"https:\/\/websitedemos.net\/wp-content\/uploads\/2023\/02\/web-developer-portfolio-04-contact-600x793.jpg","astra-page-api-url":"https:\/\/websitedemos.net\/web-developer-portfolio-04\/wp-json\/wp\/v2\/pages\/15","dynamic-page":"no","astra-page-url":"\/\/websitedemos.net\/web-developer-portfolio-04\/contact\/","astra-sites-tag":{"415":"contact"},"site-pages-type":"agency-mini","site-pages-page-builder":"elementor","site-pages-category":[],"site-pages-parent-category":{"60":"business"},"required-plugins":[{"slug":"elementor","init":"elementor\/elementor.php","name":"Elementor"},{"slug":"ultimate-elementor","init":"ultimate-elementor\/ultimate-elementor.php","name":"Ultimate Addons for Elementor"},{"slug":"wpforms-lite","init":"wpforms-lite\/wpforms.php","name":"WPForms Lite"}]}},"related-bb-template":"","related-elementor-template":"","related-gutenberg-template":"","related_ecommerce_template":"","ecommerce_parent_template":""},"id-69715":{"title":"Planet Earth","id":69715,"publish-date":1665171038,"featured-image-url":"https:\/\/websitedemos.net\/wp-content\/uploads\/2022\/10\/earth-02.jpg","thumbnail-image-url":"https:\/\/websitedemos.net\/wp-content\/uploads\/2022\/10\/earth-02-600x1189.jpg","fullpage-thumbnail-image-url":"https:\/\/websitedemos.net\/wp-content\/uploads\/2022\/10\/earth-02-400x792.jpg","astra-site-url":"\/\/websitedemos.net\/earth-02","astra-site-parent-id":2956,"astra-sites-tag":{"3416":"elementor","2456":"generic","535":"nature","3389":"simple-minimal"},"astra-sites-type":"free","astra-site-category":{"27":"business","39":"free"},"astra-sites-template-category":{"2812":"digital-agency","2860":"multipurpose","2830":"nature","2797":"simple-minimal"},"astra-site-page-builder":"elementor","categories":{"3427":"default","3428":"free","2500":"multipurpose"},"required-plugins":[{"slug":"elementor","init":"elementor\/elementor.php","name":"Elementor"},{"slug":"wpforms-lite","init":"wpforms-lite\/wpforms.php","name":"WPForms Lite"}],"post-status":"publish","post-content":"<!-- wp:paragraph -->\n<p>The Planet Earth template is a multipurpose design that uses graphics to tell the story rather than images. It\u2019s a well thought-out design that opens with a full screen illustration with engaging colors and a simple call to action.<\/p>\n<!-- \/wp:paragraph -->\n\n<!-- wp:paragraph -->\n<p>The page opens into a business-style layout with alternating white and colored backgrounds, service boxes and calls to action within the page. There are also attractive supplementary pages and the opportunity to customize it and make it your own.<\/p>\n<!-- \/wp:paragraph -->\n\n<!-- wp:heading -->\n<h2>Key features of the Planet Earth template<\/h2>\n<!-- \/wp:heading -->\n\n<!-- wp:list -->\n<ul><!-- wp:list-item -->\n<li>Simple and effective multipurpose website template<\/li>\n<!-- \/wp:list-item -->\n\n<!-- wp:list-item -->\n<li>Uses graphics and illustrations to great effect<\/li>\n<!-- \/wp:list-item -->\n\n<!-- wp:list-item -->\n<li>Calm and engaging colors<\/li>\n<!-- \/wp:list-item -->\n\n<!-- wp:list-item -->\n<li>Well-designed with excellent page balance<\/li>\n<!-- \/wp:list-item -->\n\n<!-- wp:list-item -->\n<li>Full compatibility with leading page builders<\/li>\n<!-- \/wp:list-item --><\/ul>\n<!-- \/wp:list -->","post-excerpt":"The Planet Earth multipurpose template is a captivating design with minimalist appeal","pages":{"id-69716":{"title":"About","featured-image-url":"https:\/\/websitedemos.net\/wp-content\/uploads\/2022\/10\/earth-02-about.jpg","thumbnail-image-url":"https:\/\/websitedemos.net\/wp-content\/uploads\/2022\/10\/earth-02-about-600x771.jpg","astra-page-api-url":"https:\/\/websitedemos.net\/earth-02\/wp-json\/wp\/v2\/pages\/14","dynamic-page":"no","astra-page-url":"\/\/websitedemos.net\/earth-02\/about\/","astra-sites-tag":{"352":"about"},"site-pages-type":"free","site-pages-page-builder":"elementor","site-pages-category":[],"site-pages-parent-category":{"60":"business","61":"free"},"required-plugins":[{"slug":"elementor","init":"elementor\/elementor.php","name":"Elementor"}]},"id-69717":{"title":"Contact","featured-image-url":"https:\/\/websitedemos.net\/wp-content\/uploads\/2022\/10\/earth-02-contact-2022.jpg","thumbnail-image-url":"https:\/\/websitedemos.net\/wp-content\/uploads\/2022\/10\/earth-02-contact-2022-600x700.jpg","astra-page-api-url":"https:\/\/websitedemos.net\/earth-02\/wp-json\/wp\/v2\/pages\/16","dynamic-page":"no","astra-page-url":"\/\/websitedemos.net\/earth-02\/contact\/","astra-sites-tag":{"415":"contact"},"site-pages-type":"free","site-pages-page-builder":"elementor","site-pages-category":[],"site-pages-parent-category":{"60":"business","61":"free"},"required-plugins":[{"slug":"elementor","init":"elementor\/elementor.php","name":"Elementor"},{"slug":"wpforms-lite","init":"wpforms-lite\/wpforms.php","name":"WPForms Lite"}]},"id-69718":{"title":"Home","featured-image-url":"https:\/\/websitedemos.net\/wp-content\/uploads\/2022\/10\/earth-02.jpg","thumbnail-image-url":"https:\/\/websitedemos.net\/wp-content\/uploads\/2022\/10\/earth-02-600x1189.jpg","astra-page-api-url":"https:\/\/websitedemos.net\/earth-02\/wp-json\/wp\/v2\/pages\/1448","dynamic-page":"no","astra-page-url":"\/\/websitedemos.net\/earth-02\/","astra-sites-tag":{"423":"home"},"site-pages-type":"free","site-pages-page-builder":"elementor","site-pages-category":[],"site-pages-parent-category":{"60":"business","61":"free"},"required-plugins":[{"slug":"elementor","init":"elementor\/elementor.php","name":"Elementor"}]},"id-69719":{"title":"Services","featured-image-url":"https:\/\/websitedemos.net\/wp-content\/uploads\/2022\/10\/earth-02-services.jpg","thumbnail-image-url":"https:\/\/websitedemos.net\/wp-content\/uploads\/2022\/10\/earth-02-services-600x1307.jpg","astra-page-api-url":"https:\/\/websitedemos.net\/earth-02\/wp-json\/wp\/v2\/pages\/15","dynamic-page":"no","astra-page-url":"\/\/websitedemos.net\/earth-02\/services\/","astra-sites-tag":{"425":"services"},"site-pages-type":"free","site-pages-page-builder":"elementor","site-pages-category":[],"site-pages-parent-category":{"60":"business","61":"free"},"required-plugins":[{"slug":"elementor","init":"elementor\/elementor.php","name":"Elementor"}]}},"related-bb-template":"","related-elementor-template":"","related-gutenberg-template":"","related_ecommerce_template":"","ecommerce_parent_template":""},"id-72618":{"title":"Fashion Photography Portfolio","id":72618,"publish-date":1679483314,"featured-image-url":"https:\/\/websitedemos.net\/wp-content\/uploads\/2023\/03\/fashion-photography-04.jpg","thumbnail-image-url":"https:\/\/websitedemos.net\/wp-content\/uploads\/2023\/03\/fashion-photography-04-600x2547.jpg","fullpage-thumbnail-image-url":"https:\/\/websitedemos.net\/wp-content\/uploads\/2023\/03\/fashion-photography-04-400x1698.jpg","astra-site-url":"\/\/websitedemos.net\/fashion-photography-04","astra-site-parent-id":3134,"astra-sites-tag":{"513":"camera","3011":"creative","3416":"elementor","3135":"fashion-photographer","510":"modelling","3114":"photo","511":"photographer","509":"photography","444":"portfolio","1844":"premium","1022":"professional","425":"services"},"astra-sites-type":"agency-mini","astra-site-category":{"27":"business"},"astra-sites-template-category":{"2791":"creative","2770":"personal","2773":"photography","2768":"portfolio"},"astra-site-page-builder":"elementor","categories":{"3430":"dark","3427":"default","2485":"photography","2488":"portfolio","3429":"premium"},"required-plugins":[{"slug":"elementor","init":"elementor\/elementor.php","name":"Elementor"},{"slug":"ultimate-elementor","init":"ultimate-elementor\/ultimate-elementor.php","name":"Ultimate Addons for Elementor"},{"slug":"wpforms-lite","init":"wpforms-lite\/wpforms.php","name":"WPForms Lite"},{"slug":"header-footer-elementor","init":"header-footer-elementor\/header-footer-elementor.php","name":"Elementor Header & Footer Builder"}],"post-status":"publish","post-content":"<!-- wp:paragraph -->\n<p>The Fashion Photography Portfolio template is an elegant dark design that sets the scene immediately. It\u2019s a grownup theme that delivers style through contrasting black and white design while offering pops of color through the images.<\/p>\n<!-- \/wp:paragraph -->\n\n<!-- wp:paragraph -->\n<p>The template includes lots of space to showcase images and share your story to help engage. The portfolio area and dedicated page use customizable grid layouts to share and filter images and showcase your work so it looks its best.<\/p>\n<!-- \/wp:paragraph -->\n\n<!-- wp:heading -->\n<h2>Key features of the Fashion Photography Portfolio template<\/h2>\n<!-- \/wp:heading -->\n\n<!-- wp:list -->\n<ul><!-- wp:list-item -->\n<li>Dark elegant template with a grownup appeal<\/li>\n<!-- \/wp:list-item -->\n\n<!-- wp:list-item -->\n<li>Plenty of opportunities to showcase images<\/li>\n<!-- \/wp:list-item -->\n\n<!-- wp:list-item -->\n<li>Attractive portfolio section and page<\/li>\n<!-- \/wp:list-item -->\n\n<!-- wp:list-item -->\n<li>Flexible content areas to communicate with your audience<\/li>\n<!-- \/wp:list-item -->\n\n<!-- wp:list-item -->\n<li>Full compatibility with leading page builders<\/li>\n<!-- \/wp:list-item --><\/ul>\n<!-- \/wp:list -->","post-excerpt":"The Fashion Photography Portfolio is the perfect way to showcase your creations","pages":{"id-72619":{"title":"About","featured-image-url":"https:\/\/websitedemos.net\/wp-content\/uploads\/2023\/03\/fashion-photography-04-about.jpg","thumbnail-image-url":"https:\/\/websitedemos.net\/wp-content\/uploads\/2023\/03\/fashion-photography-04-about-600x1946.jpg","astra-page-api-url":"https:\/\/websitedemos.net\/fashion-photography-04\/wp-json\/wp\/v2\/pages\/9","dynamic-page":"no","astra-page-url":"\/\/websitedemos.net\/fashion-photography-04\/about\/","astra-sites-tag":{"352":"about"},"site-pages-type":"agency-mini","site-pages-page-builder":"elementor","site-pages-category":[],"site-pages-parent-category":{"60":"business"},"required-plugins":[{"slug":"elementor","init":"elementor\/elementor.php","name":"Elementor"},{"slug":"header-footer-elementor","init":"header-footer-elementor\/header-footer-elementor.php","name":"Elementor Header & Footer Builder"},{"slug":"ultimate-elementor","init":"ultimate-elementor\/ultimate-elementor.php","name":"Ultimate Addons for Elementor"}]},"id-72620":{"title":"Contact","featured-image-url":"https:\/\/websitedemos.net\/wp-content\/uploads\/2023\/03\/fashion-photography-04-contact.jpg","thumbnail-image-url":"https:\/\/websitedemos.net\/wp-content\/uploads\/2023\/03\/fashion-photography-04-contact-600x753.jpg","astra-page-api-url":"https:\/\/websitedemos.net\/fashion-photography-04\/wp-json\/wp\/v2\/pages\/15","dynamic-page":"no","astra-page-url":"\/\/websitedemos.net\/fashion-photography-04\/contact\/","astra-sites-tag":{"415":"contact"},"site-pages-type":"agency-mini","site-pages-page-builder":"elementor","site-pages-category":[],"site-pages-parent-category":{"60":"business"},"required-plugins":[{"slug":"elementor","init":"elementor\/elementor.php","name":"Elementor"},{"slug":"header-footer-elementor","init":"header-footer-elementor\/header-footer-elementor.php","name":"Elementor Header & Footer Builder"},{"slug":"ultimate-elementor","init":"ultimate-elementor\/ultimate-elementor.php","name":"Ultimate Addons for Elementor"},{"slug":"wpforms-lite","init":"wpforms-lite\/wpforms.php","name":"WPForms Lite"}]},"id-72621":{"title":"Home","featured-image-url":"https:\/\/websitedemos.net\/wp-content\/uploads\/2023\/03\/fashion-photography-04.jpg","thumbnail-image-url":"https:\/\/websitedemos.net\/wp-content\/uploads\/2023\/03\/fashion-photography-04-600x2547.jpg","astra-page-api-url":"https:\/\/websitedemos.net\/fashion-photography-04\/wp-json\/wp\/v2\/pages\/6","dynamic-page":"no","astra-page-url":"\/\/websitedemos.net\/fashion-photography-04\/","astra-sites-tag":{"423":"home"},"site-pages-type":"agency-mini","site-pages-page-builder":"elementor","site-pages-category":[],"site-pages-parent-category":{"60":"business"},"required-plugins":[{"slug":"elementor","init":"elementor\/elementor.php","name":"Elementor"},{"slug":"header-footer-elementor","init":"header-footer-elementor\/header-footer-elementor.php","name":"Elementor Header & Footer Builder"},{"slug":"ultimate-elementor","init":"ultimate-elementor\/ultimate-elementor.php","name":"Ultimate Addons for Elementor"}]},"id-72623":{"title":"Services","featured-image-url":"https:\/\/websitedemos.net\/wp-content\/uploads\/2023\/03\/fashion-photography-04-services.jpg","thumbnail-image-url":"https:\/\/websitedemos.net\/wp-content\/uploads\/2023\/03\/fashion-photography-04-services-600x2306.jpg","astra-page-api-url":"https:\/\/websitedemos.net\/fashion-photography-04\/wp-json\/wp\/v2\/pages\/13","dynamic-page":"no","astra-page-url":"\/\/websitedemos.net\/fashion-photography-04\/services\/","astra-sites-tag":{"425":"services"},"site-pages-type":"agency-mini","site-pages-page-builder":"elementor","site-pages-category":[],"site-pages-parent-category":{"60":"business"},"required-plugins":[{"slug":"elementor","init":"elementor\/elementor.php","name":"Elementor"},{"slug":"header-footer-elementor","init":"header-footer-elementor\/header-footer-elementor.php","name":"Elementor Header & Footer Builder"},{"slug":"ultimate-elementor","init":"ultimate-elementor\/ultimate-elementor.php","name":"Ultimate Addons for Elementor"}]},"id-72622":{"title":"Portfolio","featured-image-url":"https:\/\/websitedemos.net\/wp-content\/uploads\/2023\/03\/fashion-photography-04-portfolio.jpg","thumbnail-image-url":"https:\/\/websitedemos.net\/wp-content\/uploads\/2023\/03\/fashion-photography-04-portfolio-600x1483.jpg","astra-page-api-url":"https:\/\/websitedemos.net\/fashion-photography-04\/wp-json\/wp\/v2\/pages\/11","dynamic-page":"no","astra-page-url":"\/\/websitedemos.net\/fashion-photography-04\/portfolio\/","astra-sites-tag":{"444":"portfolio"},"site-pages-type":"agency-mini","site-pages-page-builder":"elementor","site-pages-category":[],"site-pages-parent-category":{"60":"business"},"required-plugins":[{"slug":"elementor","init":"elementor\/elementor.php","name":"Elementor"},{"slug":"header-footer-elementor","init":"header-footer-elementor\/header-footer-elementor.php","name":"Elementor Header & Footer Builder"},{"slug":"ultimate-elementor","init":"ultimate-elementor\/ultimate-elementor.php","name":"Ultimate Addons for Elementor"}]}},"related-bb-template":"","related-elementor-template":"","related-gutenberg-template":"","related_ecommerce_template":"","ecommerce_parent_template":""},"id-83885":{"title":"Hope","id":83885,"publish-date":1698414558,"featured-image-url":"https:\/\/websitedemos.net\/wp-content\/uploads\/2023\/10\/hope-design.jpg","thumbnail-image-url":"https:\/\/websitedemos.net\/wp-content\/uploads\/2023\/10\/hope-design.jpg","fullpage-thumbnail-image-url":"https:\/\/websitedemos.net\/wp-content\/uploads\/2023\/10\/hope-design-400x1156.jpg","astra-site-url":"\/\/websitedemos.net\/hope-02","astra-site-parent-id":3388,"astra-sites-tag":{"2456":"generic","2667":"generic-template","3390":"hope","2493":"multipurpose"},"astra-sites-type":"free","astra-site-category":{"27":"business","39":"free"},"astra-sites-template-category":{"2812":"digital-agency","2860":"multipurpose","2830":"nature","2797":"simple-minimal"},"astra-site-page-builder":"elementor","categories":{"3427":"default","3428":"free","2500":"multipurpose"},"required-plugins":[{"slug":"elementor","init":"elementor\/elementor.php","name":"Elementor"},{"slug":"wpforms-lite","init":"wpforms-lite\/wpforms.php","name":"WPForms Lite"}],"post-status":"publish","post-content":"<!-- wp:paragraph -->\n<p>Unleash the power of exceptional design with the Hope template for web designers! Crafted for creative professionals, this template ensures your website is not just a platform but a masterpiece.<\/p>\n<!-- \/wp:paragraph -->\n\n<!-- wp:paragraph -->\n<p>The sleek and intuitive design allows you to showcase your portfolio effortlessly, creating a lasting impression on visitors. Elevate your brand with a professional-quality website that speaks volumes about your design expertise.<\/p>\n<!-- \/wp:paragraph -->\n\n<!-- wp:heading -->\n<h2 class=\"wp-block-heading\">Key features of the Hope Template:<\/h2>\n<!-- \/wp:heading -->\n\n<!-- wp:list -->\n<ul><!-- wp:list-item -->\n<li>Sleek design to show your skills<\/li>\n<!-- \/wp:list-item -->\n\n<!-- wp:list-item -->\n<li>Easy customization thanks to built-in Site Builder<\/li>\n<!-- \/wp:list-item -->\n\n<!-- wp:list-item -->\n<li>Designed for speed and usability<\/li>\n<!-- \/wp:list-item -->\n\n<!-- wp:list-item -->\n<li>Professional-quality template designed for the niche<\/li>\n<!-- \/wp:list-item -->\n\n<!-- wp:list-item -->\n<li>Full compatibility with popular page builders<\/li>\n<!-- \/wp:list-item --><\/ul>\n<!-- \/wp:list -->","post-excerpt":"Transform your online presence with our sleek web designer template!","pages":{"id-58732":{"title":"Home","featured-image-url":"https:\/\/websitedemos.net\/wp-content\/uploads\/2021\/11\/ove-nature-02.jpg","thumbnail-image-url":"https:\/\/websitedemos.net\/wp-content\/uploads\/2021\/11\/ove-nature-02.jpg","astra-page-api-url":"https:\/\/websitedemos.net\/hope-02\/wp-json\/wp\/v2\/pages\/1317","dynamic-page":"no","astra-page-url":"\/\/websitedemos.net\/hope-02\/","astra-sites-tag":{"423":"home"},"site-pages-type":"free","site-pages-page-builder":"elementor","site-pages-category":[],"site-pages-parent-category":{"60":"business","61":"free"},"required-plugins":[{"slug":"elementor","init":"elementor\/elementor.php","name":"Elementor"}]},"id-69724":{"title":"About","featured-image-url":"https:\/\/websitedemos.net\/wp-content\/uploads\/2021\/11\/love-nature-02-about-1.jpg","thumbnail-image-url":"https:\/\/websitedemos.net\/wp-content\/uploads\/2021\/11\/love-nature-02-about-1.jpg","astra-page-api-url":"https:\/\/websitedemos.net\/hope-02\/wp-json\/wp\/v2\/pages\/1318","dynamic-page":"no","astra-page-url":"\/\/websitedemos.net\/hope-02\/about\/","astra-sites-tag":{"352":"about"},"site-pages-type":"free","site-pages-page-builder":"elementor","site-pages-category":[],"site-pages-parent-category":{"60":"business","61":"free"},"required-plugins":[{"slug":"elementor","init":"elementor\/elementor.php","name":"Elementor"}]},"id-69725":{"title":"Contact","featured-image-url":"https:\/\/websitedemos.net\/wp-content\/uploads\/2021\/11\/love-nature-02-contact-2.jpg","thumbnail-image-url":"https:\/\/websitedemos.net\/wp-content\/uploads\/2021\/11\/love-nature-02-contact-2.jpg","astra-page-api-url":"https:\/\/websitedemos.net\/hope-02\/wp-json\/wp\/v2\/pages\/3606","dynamic-page":"no","astra-page-url":"\/\/websitedemos.net\/hope-02\/contact\/","astra-sites-tag":{"415":"contact"},"site-pages-type":"free","site-pages-page-builder":"elementor","site-pages-category":[],"site-pages-parent-category":{"60":"business","61":"free"},"required-plugins":[{"slug":"elementor","init":"elementor\/elementor.php","name":"Elementor"},{"slug":"wpforms-lite","init":"wpforms-lite\/wpforms.php","name":"WPForms Lite"}]},"id-69726":{"title":"Services","featured-image-url":"https:\/\/websitedemos.net\/wp-content\/uploads\/2021\/11\/love-nature-02-services-1.jpg","thumbnail-image-url":"https:\/\/websitedemos.net\/wp-content\/uploads\/2021\/11\/love-nature-02-services-1.jpg","astra-page-api-url":"https:\/\/websitedemos.net\/hope-02\/wp-json\/wp\/v2\/pages\/3605","dynamic-page":"no","astra-page-url":"\/\/websitedemos.net\/hope-02\/services\/","astra-sites-tag":{"425":"services"},"site-pages-type":"free","site-pages-page-builder":"elementor","site-pages-category":[],"site-pages-parent-category":{"60":"business","61":"free"},"required-plugins":[{"slug":"elementor","init":"elementor\/elementor.php","name":"Elementor"}]}},"related-bb-template":"","related-elementor-template":"","related-gutenberg-template":"","related_ecommerce_template":"","ecommerce_parent_template":""},"id-73460":{"title":"Politician","id":73460,"publish-date":1681505968,"featured-image-url":"https:\/\/websitedemos.net\/wp-content\/uploads\/2023\/04\/politician-04.jpg","thumbnail-image-url":"https:\/\/websitedemos.net\/wp-content\/uploads\/2023\/04\/politician-04-600x2550.jpg","fullpage-thumbnail-image-url":"https:\/\/websitedemos.net\/wp-content\/uploads\/2023\/04\/politician-04-400x1700.jpg","astra-site-url":"\/\/websitedemos.net\/politician-04","astra-site-parent-id":3147,"astra-sites-tag":{"3152":"helping-hand","3150":"minister","3149":"political-party","3148":"politician","3151":"politics","2127":"social-ngo"},"astra-sites-type":"agency-mini","astra-site-category":{"27":"business"},"astra-sites-template-category":{"2786":"charity-nonprofit","2864":"community"},"astra-site-page-builder":"elementor","categories":{"3427":"default","2482":"law","2500":"multipurpose","2492":"non-profit","3429":"premium"},"required-plugins":[{"slug":"elementor","init":"elementor\/elementor.php","name":"Elementor"},{"slug":"wpforms-lite","init":"wpforms-lite\/wpforms.php","name":"WPForms Lite"}],"post-status":"publish","post-content":"<!-- wp:paragraph -->\n<p>The Politician template is ideal for politicians, councilors, and other public figures who want to get out there, make themselves and their causes known and interact with their constituents.<\/p>\n<!-- \/wp:paragraph -->\n\n<!-- wp:paragraph -->\n<p>The design is sober and sensible to create a feeling of trust. There\u2019s a large hero image, ideal for making your presence known along with plenty of content blocks to tell your story and communicate with your audience. It\u2019s a fantastic template for engagement!<\/p>\n<!-- \/wp:paragraph -->\n\n<!-- wp:heading -->\n<h2>Key features of the Politician template<\/h2>\n<!-- \/wp:heading -->\n\n<!-- wp:list -->\n<ul><!-- wp:list-item -->\n<li>Sensible design inspires confidence<\/li>\n<!-- \/wp:list-item -->\n\n<!-- wp:list-item -->\n<li>Ideal for getting yourself out there<\/li>\n<!-- \/wp:list-item -->\n\n<!-- wp:list-item -->\n<li>Lots of options for storytelling and sharing your vision<\/li>\n<!-- \/wp:list-item -->\n\n<!-- wp:list-item -->\n<li>Fully responsive and customizable<\/li>\n<!-- \/wp:list-item -->\n\n<!-- wp:list-item -->\n<li>Full compatibility with leading page builders<\/li>\n<!-- \/wp:list-item --><\/ul>\n<!-- \/wp:list -->","post-excerpt":"The Politician template is ideal for public figures to reach out to constituents","pages":{"id-73461":{"title":"About","featured-image-url":"https:\/\/websitedemos.net\/wp-content\/uploads\/2023\/04\/politician-04-about.jpg","thumbnail-image-url":"https:\/\/websitedemos.net\/wp-content\/uploads\/2023\/04\/politician-04-about-600x2072.jpg","astra-page-api-url":"https:\/\/websitedemos.net\/politician-04\/wp-json\/wp\/v2\/pages\/8","dynamic-page":"no","astra-page-url":"\/\/websitedemos.net\/politician-04\/about\/","astra-sites-tag":{"352":"about"},"site-pages-type":"agency-mini","site-pages-page-builder":"elementor","site-pages-category":[],"site-pages-parent-category":{"60":"business"},"required-plugins":[{"slug":"elementor","init":"elementor\/elementor.php","name":"Elementor"}]},"id-73462":{"title":"Contact","featured-image-url":"https:\/\/websitedemos.net\/wp-content\/uploads\/2023\/04\/politician-04-contact.jpg","thumbnail-image-url":"https:\/\/websitedemos.net\/wp-content\/uploads\/2023\/04\/politician-04-contact-600x978.jpg","astra-page-api-url":"https:\/\/websitedemos.net\/politician-04\/wp-json\/wp\/v2\/pages\/14","dynamic-page":"no","astra-page-url":"\/\/websitedemos.net\/politician-04\/contact\/","astra-sites-tag":{"415":"contact"},"site-pages-type":"agency-mini","site-pages-page-builder":"elementor","site-pages-category":[],"site-pages-parent-category":{"60":"business"},"required-plugins":[{"slug":"elementor","init":"elementor\/elementor.php","name":"Elementor"},{"slug":"wpforms-lite","init":"wpforms-lite\/wpforms.php","name":"WPForms Lite"}]},"id-73463":{"title":"Endorsements","featured-image-url":"https:\/\/websitedemos.net\/wp-content\/uploads\/2023\/04\/politician-04-endorsement.jpg","thumbnail-image-url":"https:\/\/websitedemos.net\/wp-content\/uploads\/2023\/04\/politician-04-endorsement-600x1565.jpg","astra-page-api-url":"https:\/\/websitedemos.net\/politician-04\/wp-json\/wp\/v2\/pages\/12","dynamic-page":"no","astra-page-url":"\/\/websitedemos.net\/politician-04\/endorsements\/","astra-sites-tag":{"3153":"endorsements"},"site-pages-type":"agency-mini","site-pages-page-builder":"elementor","site-pages-category":[],"site-pages-parent-category":{"60":"business"},"required-plugins":[{"slug":"elementor","init":"elementor\/elementor.php","name":"Elementor"}]},"id-73464":{"title":"Home","featured-image-url":"https:\/\/websitedemos.net\/wp-content\/uploads\/2023\/04\/politician-04.jpg","thumbnail-image-url":"https:\/\/websitedemos.net\/wp-content\/uploads\/2023\/04\/politician-04-600x2550.jpg","astra-page-api-url":"https:\/\/websitedemos.net\/politician-04\/wp-json\/wp\/v2\/pages\/5","dynamic-page":"no","astra-page-url":"\/\/websitedemos.net\/politician-04\/","astra-sites-tag":{"423":"home"},"site-pages-type":"agency-mini","site-pages-page-builder":"elementor","site-pages-category":[],"site-pages-parent-category":{"60":"business"},"required-plugins":[{"slug":"elementor","init":"elementor\/elementor.php","name":"Elementor"}]},"id-73465":{"title":"Issues","featured-image-url":"https:\/\/websitedemos.net\/wp-content\/uploads\/2023\/04\/politician-04-issues.jpg","thumbnail-image-url":"https:\/\/websitedemos.net\/wp-content\/uploads\/2023\/04\/politician-04-issues-600x2396.jpg","astra-page-api-url":"https:\/\/websitedemos.net\/politician-04\/wp-json\/wp\/v2\/pages\/10","dynamic-page":"no","astra-page-url":"\/\/websitedemos.net\/politician-04\/issues\/","astra-sites-tag":{"3154":"issues"},"site-pages-type":"agency-mini","site-pages-page-builder":"elementor","site-pages-category":[],"site-pages-parent-category":{"60":"business"},"required-plugins":[{"slug":"elementor","init":"elementor\/elementor.php","name":"Elementor"}]}},"related-bb-template":"","related-elementor-template":"","related-gutenberg-template":"","related_ecommerce_template":"","ecommerce_parent_template":""},"id-71669":{"title":"Planet Earth Store","id":71669,"publish-date":1676657292,"featured-image-url":"https:\/\/websitedemos.net\/wp-content\/uploads\/2023\/02\/earth-store-02.jpg","thumbnail-image-url":"https:\/\/websitedemos.net\/wp-content\/uploads\/2023\/02\/earth-store-02-600x1210.jpg","fullpage-thumbnail-image-url":"https:\/\/websitedemos.net\/wp-content\/uploads\/2023\/02\/earth-store-02-400x806.jpg","astra-site-url":"\/\/websitedemos.net\/earth-store-02","astra-site-parent-id":3118,"astra-sites-tag":{"3119":"earth","496":"ecommerce","535":"nature","383":"online-store","3120":"simple"},"astra-sites-type":"free","astra-site-category":{"27":"business","38":"ecommerce"},"astra-sites-template-category":{"2777":"business","2812":"digital-agency","2769":"ecommerce","2860":"multipurpose","2830":"nature","2797":"simple-minimal"},"astra-site-page-builder":"elementor","categories":{"3427":"default","2495":"ecommerce","3428":"free","2500":"multipurpose"},"required-plugins":[{"slug":"elementor","init":"elementor\/elementor.php","name":"Elementor"},{"slug":"wpforms-lite","init":"wpforms-lite\/wpforms.php","name":"WPForms Lite"},{"slug":"woocommerce","init":"woocommerce\/woocommerce.php","name":"WooCommerce"}],"post-status":"publish","post-content":"<!-- wp:paragraph -->\n<p>The Planet Earth Store template is an eCommerce store design that uses graphics and calm colors to create a buying mood. It\u2019s light, well-balanced and provides lots of opportunities to let your products stand out.<\/p>\n<!-- \/wp:paragraph -->\n\n<!-- wp:paragraph -->\n<p>The main page opens with a graphical banner you can use to set the scene before opening up into your product selection. Everything is customizable, everything is designed for speed and ease of use and could be used for any type of store.<\/p>\n<!-- \/wp:paragraph -->\n\n<!-- wp:heading -->\n<h2>Key features of the Planet Earth Store<\/h2>\n<!-- \/wp:heading -->\n\n<!-- wp:list -->\n<ul><!-- wp:list-item -->\n<li>Light and welcoming eCommerce store template<\/li>\n<!-- \/wp:list-item -->\n\n<!-- wp:list-item -->\n<li>Uses graphics and calm colors to draw you in<\/li>\n<!-- \/wp:list-item -->\n\n<!-- wp:list-item -->\n<li>Lots of options to build a profitable store<\/li>\n<!-- \/wp:list-item -->\n\n<!-- wp:list-item -->\n<li>Works flawlessly with SureCart and WooCommerce<\/li>\n<!-- \/wp:list-item -->\n\n<!-- wp:list-item -->\n<li>Full compatibility with leading page builders<\/li>\n<!-- \/wp:list-item --><\/ul>\n<!-- \/wp:list -->","post-excerpt":"The Planet Earth Store template is a light store design that\u2019s very easy to use","pages":[],"related-bb-template":"","related-elementor-template":"","related-gutenberg-template":"","related_ecommerce_template":"","ecommerce_parent_template":""},"id-72580":{"title":"SaaS App Company","id":72580,"publish-date":1679478944,"featured-image-url":"https:\/\/websitedemos.net\/wp-content\/uploads\/2023\/03\/saas-app-company-04.jpg","thumbnail-image-url":"https:\/\/websitedemos.net\/wp-content\/uploads\/2023\/03\/saas-app-company-04-600x3276.jpg","fullpage-thumbnail-image-url":"https:\/\/websitedemos.net\/wp-content\/uploads\/2023\/03\/saas-app-company-04-400x2184.jpg","astra-site-url":"\/\/websitedemos.net\/saas-app-company-04","astra-site-parent-id":3127,"astra-sites-tag":{"2712":"analytics","2709":"app-tech-company","3416":"elementor","2711":"forecasting","1844":"premium","2708":"saas","2713":"sales-growth","2714":"sales-management","2710":"sales-strategies"},"astra-sites-type":"agency-mini","astra-site-category":{"27":"business"},"astra-sites-template-category":{"2777":"business","2817":"technology"},"astra-site-page-builder":"elementor","categories":{"2487":"agency","3435":"business","3427":"default","3429":"premium","2499":"technology"},"required-plugins":[{"slug":"elementor","init":"elementor\/elementor.php","name":"Elementor"},{"slug":"ultimate-elementor","init":"ultimate-elementor\/ultimate-elementor.php","name":"Ultimate Addons for Elementor"},{"slug":"wpforms-lite","init":"wpforms-lite\/wpforms.php","name":"WPForms Lite"}],"post-status":"publish","post-content":"<!-- wp:paragraph -->\n<p>The SaaS App Company template is a vibrant, colorful design ideal for agencies and businesses of all types. It\u2019s light, welcoming and uses graphics throughout to help engage and tell your story. Ideal for new businesses, upstarts, and startups.<\/p>\n<!-- \/wp:paragraph -->\n\n<!-- wp:paragraph -->\n<p>The template includes calm colors on well-balanced pages that let you showcase your products and services, and share your successes and your story. There are also additional pages to help build your website with minimal time and effort while looking professional and engaging.<\/p>\n<!-- \/wp:paragraph -->\n\n<!-- wp:heading {\"UAGDay\":[]} -->\n<h2 class=\"wp-block-heading\">Key features of the SaaS App Company template<\/h2>\n<!-- \/wp:heading -->\n\n<!-- wp:list -->\n<ul><!-- wp:list-item -->\n<li>Light, welcoming colors with modern typography<\/li>\n<!-- \/wp:list-item -->\n\n<!-- wp:list-item -->\n<li>Well-designed pages with lots of customizable content areas<\/li>\n<!-- \/wp:list-item -->\n\n<!-- wp:list-item -->\n<li>Uses graphics to help tell your story<\/li>\n<!-- \/wp:list-item -->\n\n<!-- wp:list-item -->\n<li>Could easily be customized to suit any type of business<\/li>\n<!-- \/wp:list-item -->\n\n<!-- wp:list-item -->\n<li>Full compatibility with leading page builders<\/li>\n<!-- \/wp:list-item --><\/ul>\n<!-- \/wp:list -->","post-excerpt":"SaaS App Company uses vibrant design to help engage your audience and tell your story","pages":{"id-72581":{"title":"About Us","featured-image-url":"https:\/\/websitedemos.net\/wp-content\/uploads\/2023\/03\/saas-app-company-04-about.jpg","thumbnail-image-url":"https:\/\/websitedemos.net\/wp-content\/uploads\/2023\/03\/saas-app-company-04-about-600x2687.jpg","astra-page-api-url":"https:\/\/websitedemos.net\/saas-app-company-04\/wp-json\/wp\/v2\/pages\/10","dynamic-page":"no","astra-page-url":"\/\/websitedemos.net\/saas-app-company-04\/about-us\/","astra-sites-tag":{"455":"about-us"},"site-pages-type":"agency-mini","site-pages-page-builder":"elementor","site-pages-category":[],"site-pages-parent-category":{"60":"business"},"required-plugins":[{"slug":"elementor","init":"elementor\/elementor.php","name":"Elementor"},{"slug":"ultimate-elementor","init":"ultimate-elementor\/ultimate-elementor.php","name":"Ultimate Addons for Elementor"}]},"id-72582":{"title":"Contact","featured-image-url":"https:\/\/websitedemos.net\/wp-content\/uploads\/2023\/03\/saas-app-company-04-contact.jpg","thumbnail-image-url":"https:\/\/websitedemos.net\/wp-content\/uploads\/2023\/03\/saas-app-company-04-contact-600x946.jpg","astra-page-api-url":"https:\/\/websitedemos.net\/saas-app-company-04\/wp-json\/wp\/v2\/pages\/16","dynamic-page":"no","astra-page-url":"\/\/websitedemos.net\/saas-app-company-04\/contact\/","astra-sites-tag":{"415":"contact"},"site-pages-type":"agency-mini","site-pages-page-builder":"elementor","site-pages-category":[],"site-pages-parent-category":{"60":"business"},"required-plugins":[{"slug":"elementor","init":"elementor\/elementor.php","name":"Elementor"},{"slug":"ultimate-elementor","init":"ultimate-elementor\/ultimate-elementor.php","name":"Ultimate Addons for Elementor"},{"slug":"wpforms-lite","init":"wpforms-lite\/wpforms.php","name":"WPForms Lite"}]},"id-72583":{"title":"Features","featured-image-url":"https:\/\/websitedemos.net\/wp-content\/uploads\/2023\/03\/saas-app-company-04-features.jpg","thumbnail-image-url":"https:\/\/websitedemos.net\/wp-content\/uploads\/2023\/03\/saas-app-company-04-features-600x3216.jpg","astra-page-api-url":"https:\/\/websitedemos.net\/saas-app-company-04\/wp-json\/wp\/v2\/pages\/14","dynamic-page":"no","astra-page-url":"\/\/websitedemos.net\/saas-app-company-04\/features\/","astra-sites-tag":{"453":"features"},"site-pages-type":"agency-mini","site-pages-page-builder":"elementor","site-pages-category":[],"site-pages-parent-category":{"60":"business"},"required-plugins":[{"slug":"elementor","init":"elementor\/elementor.php","name":"Elementor"},{"slug":"ultimate-elementor","init":"ultimate-elementor\/ultimate-elementor.php","name":"Ultimate Addons for Elementor"}]},"id-72584":{"title":"Home","featured-image-url":"https:\/\/websitedemos.net\/wp-content\/uploads\/2023\/03\/saas-app-company-04.jpg","thumbnail-image-url":"https:\/\/websitedemos.net\/wp-content\/uploads\/2023\/03\/saas-app-company-04-600x3276.jpg","astra-page-api-url":"https:\/\/websitedemos.net\/saas-app-company-04\/wp-json\/wp\/v2\/pages\/8","dynamic-page":"no","astra-page-url":"\/\/websitedemos.net\/saas-app-company-04\/","astra-sites-tag":{"423":"home"},"site-pages-type":"agency-mini","site-pages-page-builder":"elementor","site-pages-category":[],"site-pages-parent-category":{"60":"business"},"required-plugins":[{"slug":"elementor","init":"elementor\/elementor.php","name":"Elementor"},{"slug":"ultimate-elementor","init":"ultimate-elementor\/ultimate-elementor.php","name":"Ultimate Addons for Elementor"}]},"id-72585":{"title":"Products","featured-image-url":"https:\/\/websitedemos.net\/wp-content\/uploads\/2023\/03\/saas-app-company-04-products.jpg","thumbnail-image-url":"https:\/\/websitedemos.net\/wp-content\/uploads\/2023\/03\/saas-app-company-04-products-600x1824.jpg","astra-page-api-url":"https:\/\/websitedemos.net\/saas-app-company-04\/wp-json\/wp\/v2\/pages\/12","dynamic-page":"no","astra-page-url":"\/\/websitedemos.net\/saas-app-company-04\/products\/","astra-sites-tag":{"540":"products"},"site-pages-type":"agency-mini","site-pages-page-builder":"elementor","site-pages-category":[],"site-pages-parent-category":{"60":"business"},"required-plugins":[{"slug":"elementor","init":"elementor\/elementor.php","name":"Elementor"},{"slug":"ultimate-elementor","init":"ultimate-elementor\/ultimate-elementor.php","name":"Ultimate Addons for Elementor"}]}},"related-bb-template":"","related-elementor-template":"","related-gutenberg-template":"","related_ecommerce_template":"","ecommerce_parent_template":""},"id-73425":{"title":"Eggcellent Restaurant","id":73425,"publish-date":1681499952,"featured-image-url":"https:\/\/websitedemos.net\/wp-content\/uploads\/2023\/04\/eggcellent-restaurant-04.jpg","thumbnail-image-url":"https:\/\/websitedemos.net\/wp-content\/uploads\/2023\/04\/eggcellent-restaurant-04-600x2228.jpg","fullpage-thumbnail-image-url":"https:\/\/websitedemos.net\/wp-content\/uploads\/2023\/04\/eggcellent-restaurant-04-400x1485.jpg","astra-site-url":"\/\/websitedemos.net\/eggcellent-restaurant-04","astra-site-parent-id":3141,"astra-sites-tag":{"3142":"egg","3143":"egg-restaurant","2013":"fast-food-restaurant","336":"food","2068":"food-and-drinks","2067":"food-and-restaurant","1579":"food-menu","2069":"non-vegetarian-restaurant","335":"restaurant"},"astra-sites-type":"agency-mini","astra-site-category":{"27":"business"},"astra-sites-template-category":{"2777":"business","2785":"food","2776":"restaurant"},"astra-site-page-builder":"elementor","categories":{"3427":"default","3429":"premium","2496":"restaurant-food"},"required-plugins":[{"slug":"elementor","init":"elementor\/elementor.php","name":"Elementor"},{"slug":"ultimate-elementor","init":"ultimate-elementor\/ultimate-elementor.php","name":"Ultimate Addons for Elementor"},{"slug":"wpforms-lite","init":"wpforms-lite\/wpforms.php","name":"WPForms Lite"}],"post-status":"publish","post-content":"<!-- wp:paragraph -->\n<p>The Eggs Restaurant template is a fun, snappy design ideal for cafes, restaurants, bars, bistros, and other service businesses to share key information and attract customers. It\u2019s fully responsive, fully customizable, and could be the only website you ever need.<\/p>\n<!-- \/wp:paragraph -->\n\n<!-- wp:paragraph -->\n<p>The design has a chic feel with borderless sections and a free flow down the page. There are all the essentials, content areas, menu sections, location maps, opening times, and everything customers need if they want to visit your establishment.<\/p>\n<!-- \/wp:paragraph -->\n\n<!-- wp:heading -->\n<h2>Key features of the Eggs Restaurant template<\/h2>\n<!-- \/wp:heading -->\n\n<!-- wp:list -->\n<ul><!-- wp:list-item -->\n<li>Fun design with modern appeal<\/li>\n<!-- \/wp:list-item -->\n\n<!-- wp:list-item -->\n<li>Smart menu section, map, contact page, and more<\/li>\n<!-- \/wp:list-item -->\n\n<!-- wp:list-item -->\n<li>Fully customizable to fit your brand<\/li>\n<!-- \/wp:list-item -->\n\n<!-- wp:list-item -->\n<li>Built-in booking button for reservations<\/li>\n<!-- \/wp:list-item -->\n\n<!-- wp:list-item -->\n<li>Full compatibility with leading page builders<\/li>\n<!-- \/wp:list-item --><\/ul>\n<!-- \/wp:list -->","post-excerpt":"The Eggs Restaurant template is a complete eatery website all ready to serve","pages":{"id-73426":{"title":"About","featured-image-url":"https:\/\/websitedemos.net\/wp-content\/uploads\/2023\/04\/eggcellent-restaurant-04-about.jpg","thumbnail-image-url":"https:\/\/websitedemos.net\/wp-content\/uploads\/2023\/04\/eggcellent-restaurant-04-about-600x1692.jpg","astra-page-api-url":"https:\/\/websitedemos.net\/eggcellent-restaurant-04\/wp-json\/wp\/v2\/pages\/12","dynamic-page":"no","astra-page-url":"\/\/websitedemos.net\/eggcellent-restaurant-04\/about\/","astra-sites-tag":{"352":"about"},"site-pages-type":"agency-mini","site-pages-page-builder":"elementor","site-pages-category":[],"site-pages-parent-category":{"60":"business"},"required-plugins":[{"slug":"elementor","init":"elementor\/elementor.php","name":"Elementor"}]},"id-73427":{"title":"Contact","featured-image-url":"https:\/\/websitedemos.net\/wp-content\/uploads\/2023\/04\/eggcellent-restaurant-04-contact.jpg","thumbnail-image-url":"https:\/\/websitedemos.net\/wp-content\/uploads\/2023\/04\/eggcellent-restaurant-04-contact-600x1069.jpg","astra-page-api-url":"https:\/\/websitedemos.net\/eggcellent-restaurant-04\/wp-json\/wp\/v2\/pages\/16","dynamic-page":"no","astra-page-url":"\/\/websitedemos.net\/eggcellent-restaurant-04\/contact\/","astra-sites-tag":{"415":"contact"},"site-pages-type":"agency-mini","site-pages-page-builder":"elementor","site-pages-category":[],"site-pages-parent-category":{"60":"business"},"required-plugins":[{"slug":"elementor","init":"elementor\/elementor.php","name":"Elementor"},{"slug":"wpforms-lite","init":"wpforms-lite\/wpforms.php","name":"WPForms Lite"}]},"id-73428":{"title":"Home","featured-image-url":"https:\/\/websitedemos.net\/wp-content\/uploads\/2023\/04\/eggcellent-restaurant-04.jpg","thumbnail-image-url":"https:\/\/websitedemos.net\/wp-content\/uploads\/2023\/04\/eggcellent-restaurant-04-600x2228.jpg","astra-page-api-url":"https:\/\/websitedemos.net\/eggcellent-restaurant-04\/wp-json\/wp\/v2\/pages\/8","dynamic-page":"no","astra-page-url":"\/\/websitedemos.net\/eggcellent-restaurant-04\/","astra-sites-tag":{"423":"home"},"site-pages-type":"agency-mini","site-pages-page-builder":"elementor","site-pages-category":[],"site-pages-parent-category":{"60":"business"},"required-plugins":[{"slug":"elementor","init":"elementor\/elementor.php","name":"Elementor"},{"slug":"ultimate-elementor","init":"ultimate-elementor\/ultimate-elementor.php","name":"Ultimate Addons for Elementor"},{"slug":"wpforms-lite","init":"wpforms-lite\/wpforms.php","name":"WPForms Lite"}]},"id-73429":{"title":"Menu","featured-image-url":"https:\/\/websitedemos.net\/wp-content\/uploads\/2023\/04\/eggcellent-restaurant-04-menu.jpg","thumbnail-image-url":"https:\/\/websitedemos.net\/wp-content\/uploads\/2023\/04\/eggcellent-restaurant-04-menu-600x1240.jpg","astra-page-api-url":"https:\/\/websitedemos.net\/eggcellent-restaurant-04\/wp-json\/wp\/v2\/pages\/14","dynamic-page":"no","astra-page-url":"\/\/websitedemos.net\/eggcellent-restaurant-04\/menu\/","astra-sites-tag":{"565":"menu"},"site-pages-type":"agency-mini","site-pages-page-builder":"elementor","site-pages-category":[],"site-pages-parent-category":{"60":"business"},"required-plugins":[{"slug":"elementor","init":"elementor\/elementor.php","name":"Elementor"},{"slug":"ultimate-elementor","init":"ultimate-elementor\/ultimate-elementor.php","name":"Ultimate Addons for Elementor"},{"slug":"wpforms-lite","init":"wpforms-lite\/wpforms.php","name":"WPForms Lite"}]}},"related-bb-template":"","related-elementor-template":"","related-gutenberg-template":"","related_ecommerce_template":"","ecommerce_parent_template":""},"id-31992":{"title":"Organic Store","id":31992,"publish-date":1568718364,"featured-image-url":"https:\/\/websitedemos.net\/wp-content\/uploads\/2019\/10\/organic-shop-02-home-1.jpg","thumbnail-image-url":"https:\/\/websitedemos.net\/wp-content\/uploads\/2019\/10\/organic-shop-02-home-1.jpg","fullpage-thumbnail-image-url":"https:\/\/websitedemos.net\/wp-content\/uploads\/2019\/10\/organic-shop-02-home-1.jpg","astra-site-url":"\/\/websitedemos.net\/organic-shop-02","astra-site-parent-id":910,"astra-sites-tag":{"2418":"commerce","1017":"e-commerce","496":"ecommerce","3416":"elementor","2419":"eshopping","2424":"health-food","2425":"lite-food","369":"natural","2215":"online-marketing","2420":"online-shopping","383":"online-store","368":"organic","2423":"organic-food","967":"product-store","2417":"reseller","733":"shop","2416":"shopping","749":"store","2426":"vegetarian-food","966":"woo-commerce","1024":"woocommerce"},"astra-sites-type":"free","astra-site-category":{"38":"ecommerce","39":"free"},"astra-sites-template-category":{"2777":"business","2769":"ecommerce","2857":"online-shopping"},"astra-site-page-builder":"elementor","categories":{"3427":"default","2495":"ecommerce","3428":"free"},"required-plugins":[{"slug":"elementor","init":"elementor\/elementor.php","name":"Elementor"},{"slug":"woocommerce","init":"woocommerce\/woocommerce.php","name":"WooCommerce"},{"slug":"cartflows","init":"cartflows\/cartflows.php","name":"CartFlows"},{"slug":"checkout-plugins-stripe-woo","init":"checkout-plugins-stripe-woo\/checkout-plugins-stripe-woo.php","name":"Checkout Plugins - Stripe for WooCommerce"},{"slug":"variation-swatches-woo","init":"variation-swatches-woo\/variation-swatches-woo.php","name":"Variation Swatches for WooCommerce"}],"post-status":"publish","post-content":"<!-- wp:paragraph -->\n<p>Want to start an online organic store but not sure how to design a professional-looking website? We\u2019ve got you covered with the perfect organic store template. Our website template is professionally designed with built-in WooCommerce integration, that\u2019ll help you launch your store quickly.<\/p>\n<!-- \/wp:paragraph -->\n\n<!-- wp:paragraph -->\n<p>The template is fully customizable and includes many features such as mobile responsiveness, product gallery, social media integration, and much more. The homepage also includes a dedicated section for customers to leave feedback on products they've purchased.<\/p>\n<!-- \/wp:paragraph -->\n\n<!-- wp:heading -->\n<h2>Key features of the Organic Store template<\/h2>\n<!-- \/wp:heading -->\n\n<!-- wp:list -->\n<ul><!-- wp:list-item -->\n<li>Clean and simple design that has all the ingredients of a perfect online store<\/li>\n<!-- \/wp:list-item -->\n\n<!-- wp:list-item -->\n<li>Global color palettes to customize your entire store<\/li>\n<!-- \/wp:list-item -->\n\n<!-- wp:list-item -->\n<li>Deep integrations with WooCommerce<\/li>\n<!-- \/wp:list-item -->\n\n<!-- wp:list-item -->\n<li>Lightweight and high-converting templates to boost sales and conversions<\/li>\n<!-- \/wp:list-item -->\n\n<!-- wp:list-item -->\n<li>Compatible with leading drag and drop page builders<\/li>\n<!-- \/wp:list-item --><\/ul>\n<!-- \/wp:list -->","post-excerpt":"The perfect lightweight organic store website templates to boost sales and conversions","pages":{"id-33788":{"title":"Home","featured-image-url":"https:\/\/websitedemos.net\/wp-content\/uploads\/2019\/10\/organic-shop-02-home-1.jpg","thumbnail-image-url":"https:\/\/websitedemos.net\/wp-content\/uploads\/2019\/10\/organic-shop-02-home-1.jpg","astra-page-api-url":"https:\/\/websitedemos.net\/organic-shop-02\/wp-json\/wp\/v2\/pages\/95","dynamic-page":"yes","astra-page-url":"\/\/websitedemos.net\/organic-shop-02\/","astra-sites-tag":{"423":"home"},"site-pages-type":"free","site-pages-page-builder":"elementor","site-pages-category":[],"site-pages-parent-category":{"64":"ecommerce","61":"free"},"required-plugins":[{"slug":"cartflows","init":"cartflows\/cartflows.php","name":"CartFlows"},{"slug":"checkout-plugins-stripe-woo","init":"checkout-plugins-stripe-woo\/checkout-plugins-stripe-woo.php","name":"Checkout Plugins - Stripe for WooCommerce"},{"slug":"elementor","init":"elementor\/elementor.php","name":"Elementor"},{"slug":"variation-swatches-woo","init":"variation-swatches-woo\/variation-swatches-woo.php","name":"Variation Swatches for WooCommerce"},{"slug":"woocommerce","init":"woocommerce\/woocommerce.php","name":"WooCommerce"}]},"id-31993":{"title":"About","featured-image-url":"https:\/\/websitedemos.net\/wp-content\/uploads\/2019\/10\/organic-shop-02-about.jpg","thumbnail-image-url":"https:\/\/websitedemos.net\/wp-content\/uploads\/2019\/10\/organic-shop-02-about.jpg","astra-page-api-url":"https:\/\/websitedemos.net\/organic-shop-02\/wp-json\/wp\/v2\/pages\/96","dynamic-page":"no","astra-page-url":"\/\/websitedemos.net\/organic-shop-02\/about\/","astra-sites-tag":{"352":"about"},"site-pages-type":"free","site-pages-page-builder":"elementor","site-pages-category":[],"site-pages-parent-category":{"64":"ecommerce","61":"free"},"required-plugins":[{"slug":"elementor","init":"elementor\/elementor.php","name":"Elementor"}]},"id-31994":{"title":"Contact","featured-image-url":"https:\/\/websitedemos.net\/wp-content\/uploads\/2019\/10\/organic-shop-02-contact.jpg","thumbnail-image-url":"https:\/\/websitedemos.net\/wp-content\/uploads\/2019\/10\/organic-shop-02-contact.jpg","astra-page-api-url":"https:\/\/websitedemos.net\/organic-shop-02\/wp-json\/wp\/v2\/pages\/15","dynamic-page":"no","astra-page-url":"\/\/websitedemos.net\/organic-shop-02\/contact\/","astra-sites-tag":{"415":"contact"},"site-pages-type":"free","site-pages-page-builder":"elementor","site-pages-category":[],"site-pages-parent-category":{"64":"ecommerce","61":"free"},"required-plugins":[{"slug":"elementor","init":"elementor\/elementor.php","name":"Elementor"}]}},"related-bb-template":22401,"related-elementor-template":31992,"related-gutenberg-template":48121,"related_ecommerce_template":"","ecommerce_parent_template":""},"id-73390":{"title":"Food &amp; Drinks Blogger","id":73390,"publish-date":1704285762,"featured-image-url":"https:\/\/websitedemos.net\/wp-content\/uploads\/2024\/01\/food-drinks-blog-07.jpg","thumbnail-image-url":"https:\/\/websitedemos.net\/wp-content\/uploads\/2024\/01\/food-drinks-blog-07-600x2577.jpg","fullpage-thumbnail-image-url":"https:\/\/websitedemos.net\/wp-content\/uploads\/2024\/01\/food-drinks-blog-07-400x1718.jpg","astra-site-url":"\/\/websitedemos.net\/food-drinks-blog-07","astra-site-parent-id":3139,"astra-sites-tag":{"1652":"blogger","1654":"content-creator","2263":"food-drinks-blogger","2171":"food-drinks-influencer","2172":"food-drinks-vlogger","890":"food-blogger","1547":"influencer","2163":"social-media-influencer","1837":"vlogger","1024":"woocommerce"},"astra-sites-type":"agency-mini","astra-site-category":{"37":"blog"},"astra-sites-template-category":{"2828":"blog","2785":"food","2770":"personal","2776":"restaurant"},"astra-site-page-builder":"gutenberg","categories":{"2497":"blog","2926":"video"},"required-plugins":[{"slug":"ultimate-addons-for-gutenberg","init":"ultimate-addons-for-gutenberg\/ultimate-addons-for-gutenberg.php","name":"Spectra"}],"post-status":"publish","post-content":"","post-excerpt":"","pages":{"id-73391":{"title":"About","featured-image-url":"https:\/\/websitedemos.net\/wp-content\/uploads\/2024\/01\/food-drinks-blog-07-about.jpg","thumbnail-image-url":"https:\/\/websitedemos.net\/wp-content\/uploads\/2024\/01\/food-drinks-blog-07-about-600x1774.jpg","astra-page-api-url":"https:\/\/websitedemos.net\/food-drinks-blog-07\/wp-json\/wp\/v2\/pages\/9","dynamic-page":"no","astra-page-url":"\/\/websitedemos.net\/food-drinks-blog-07\/about\/","astra-sites-tag":{"352":"about"},"site-pages-type":"agency-mini","site-pages-page-builder":"gutenberg","site-pages-category":[],"site-pages-parent-category":{"74":"blog"},"required-plugins":[{"slug":"ultimate-addons-for-gutenberg","init":"ultimate-addons-for-gutenberg\/ultimate-addons-for-gutenberg.php","name":"Spectra"}]},"id-73392":{"title":"Home","featured-image-url":"https:\/\/websitedemos.net\/wp-content\/uploads\/2024\/01\/food-drinks-blog-07.jpg","thumbnail-image-url":"https:\/\/websitedemos.net\/wp-content\/uploads\/2024\/01\/food-drinks-blog-07-600x2577.jpg","astra-page-api-url":"https:\/\/websitedemos.net\/food-drinks-blog-07\/wp-json\/wp\/v2\/pages\/6","dynamic-page":"yes","astra-page-url":"\/\/websitedemos.net\/food-drinks-blog-07\/","astra-sites-tag":{"423":"home"},"site-pages-type":"agency-mini","site-pages-page-builder":"gutenberg","site-pages-category":[],"site-pages-parent-category":{"74":"blog"},"required-plugins":[{"slug":"ultimate-addons-for-gutenberg","init":"ultimate-addons-for-gutenberg\/ultimate-addons-for-gutenberg.php","name":"Spectra"}]},"id-73393":{"title":"Work With Me","featured-image-url":"https:\/\/websitedemos.net\/wp-content\/uploads\/2024\/01\/food-drinks-blog-07-work-with-me.jpg","thumbnail-image-url":"https:\/\/websitedemos.net\/wp-content\/uploads\/2024\/01\/food-drinks-blog-07-work-with-me-600x668.jpg","astra-page-api-url":"https:\/\/websitedemos.net\/food-drinks-blog-07\/wp-json\/wp\/v2\/pages\/11","dynamic-page":"no","astra-page-url":"\/\/websitedemos.net\/food-drinks-blog-07\/work-with-me\/","astra-sites-tag":{"784":"work-with-me"},"site-pages-type":"agency-mini","site-pages-page-builder":"gutenberg","site-pages-category":[],"site-pages-parent-category":{"74":"blog"},"required-plugins":[{"slug":"ultimate-addons-for-gutenberg","init":"ultimate-addons-for-gutenberg\/ultimate-addons-for-gutenberg.php","name":"Spectra"}]}},"related-bb-template":"","related-elementor-template":"","related-gutenberg-template":"","related_ecommerce_template":"","ecommerce_parent_template":""},"id-73267":{"title":"Food Truck","id":73267,"publish-date":1680026505,"featured-image-url":"https:\/\/websitedemos.net\/wp-content\/uploads\/2023\/03\/food-truck-03.jpg","thumbnail-image-url":"https:\/\/websitedemos.net\/wp-content\/uploads\/2023\/03\/food-truck-03-600x3090.jpg","fullpage-thumbnail-image-url":"https:\/\/websitedemos.net\/wp-content\/uploads\/2023\/03\/food-truck-03-400x2060.jpg","astra-site-url":"\/\/websitedemos.net\/food-truck-03","astra-site-parent-id":3136,"astra-sites-tag":{"3138":"businesss","336":"food","1808":"food-truck","3137":"foodtruck","1810":"ice-cream-truck-2","1809":"ice-cream-truck"},"astra-sites-type":"agency-mini","astra-site-category":{"27":"business"},"astra-sites-template-category":{"2777":"business","2785":"food","2876":"food-ordering","2776":"restaurant"},"astra-site-page-builder":"beaver-builder","categories":{"2496":"restaurant-food"},"required-plugins":[{"slug":"beaver-builder-lite-version","init":"beaver-builder-lite-version\/fl-builder.php","name":"Beaver Builder Plugin (Lite Version)"},{"slug":"bb-ultimate-addon","init":"bb-ultimate-addon\/bb-ultimate-addon.php","name":"Ultimate Addons for Beaver Builder"},{"slug":"wpforms-lite","init":"wpforms-lite\/wpforms.php","name":"WPForms Lite"}],"post-status":"publish","post-content":"","post-excerpt":"","pages":{"id-73268":{"title":"Home","featured-image-url":"https:\/\/websitedemos.net\/wp-content\/uploads\/2023\/03\/food-truck-03.jpg","thumbnail-image-url":"https:\/\/websitedemos.net\/wp-content\/uploads\/2023\/03\/food-truck-03-600x3090.jpg","astra-page-api-url":"https:\/\/websitedemos.net\/food-truck-03\/wp-json\/wp\/v2\/pages\/396","dynamic-page":"no","astra-page-url":"\/\/websitedemos.net\/food-truck-03\/","astra-sites-tag":{"423":"home"},"site-pages-type":"agency-mini","site-pages-page-builder":"beaver-builder","site-pages-category":[],"site-pages-parent-category":{"60":"business"},"required-plugins":[{"slug":"beaver-builder-lite-version","init":"beaver-builder-lite-version\/fl-builder.php","name":"Beaver Builder Plugin (Lite Version)"},{"slug":"bb-ultimate-addon","init":"bb-ultimate-addon\/bb-ultimate-addon.php","name":"Ultimate Addons for Beaver Builder"},{"slug":"wpforms-lite","init":"wpforms-lite\/wpforms.php","name":"WPForms Lite"}]}},"related-bb-template":"","related-elementor-template":"","related-gutenberg-template":"","related_ecommerce_template":"","ecommerce_parent_template":""}}